# Blender 4.1.1
# www.blender.org
mtllib Player.mtl
o polySurface46
v -0.073953 0.175817 0.316841
v -0.084242 0.020056 0.464148
v 0.162513 0.156775 0.312351
v 0.139160 0.002066 0.459904
v 0.052385 0.224572 0.310005
v 0.022706 -0.032709 0.503242
v 0.205278 0.064905 0.393953
v 0.040610 0.112913 0.425216
v -0.135760 0.092368 0.400429
v 0.058387 0.257913 0.346146
v 0.046363 0.143554 0.465148
v -0.154937 0.113792 0.442298
v -0.097883 0.204517 0.345991
v 0.195947 0.180855 0.340413
v 0.232918 0.082561 0.434940
v 0.157485 0.011045 0.508578
v 0.026074 -0.021878 0.555227
v -0.096217 0.031474 0.513396
v -0.122641 0.239620 0.222322
v -0.121299 0.122107 0.460335
v 0.221333 0.211922 0.215794
v 0.203674 0.095938 0.454167
v 0.059546 0.307623 0.179049
v 0.038838 0.075845 0.524068
v 0.292693 0.139381 0.348213
v 0.054965 0.230510 0.359296
v -0.203398 0.179330 0.357631
v 0.070833 0.383489 0.193896
v 0.066281 0.305272 0.379486
v -0.227990 0.241702 0.386690
v -0.155431 0.303031 0.234869
v 0.271989 0.268612 0.226755
v 0.336203 0.196270 0.375978
v 0.234491 0.145769 0.495187
v 0.048161 0.130638 0.568064
v -0.134555 0.175487 0.502194
v 0.006975 -0.418195 0.484009
v 0.013267 -0.418195 0.481657
v 0.018261 -0.418195 0.477993
v 0.021467 -0.418195 0.473376
v 0.022572 -0.418195 0.468259
v 0.021467 -0.418195 0.463141
v 0.018261 -0.418195 0.458524
v 0.013267 -0.418195 0.454860
v 0.006975 -0.418195 0.452508
v 0.000000 -0.418195 0.451697
v -0.006975 -0.418195 0.452508
v -0.013267 -0.418195 0.454860
v -0.018261 -0.418195 0.458524
v -0.021467 -0.418195 0.463141
v -0.022572 -0.418195 0.468259
v -0.021467 -0.418195 0.473376
v -0.018261 -0.418195 0.477993
v -0.013267 -0.418195 0.481657
v -0.006975 -0.418195 0.484009
v 0.000000 -0.418195 0.484820
v 0.013779 -0.414212 0.499372
v 0.026208 -0.414212 0.494725
v 0.036073 -0.414212 0.487488
v 0.042406 -0.414212 0.478368
v 0.044588 -0.414212 0.468259
v 0.042406 -0.414212 0.458149
v 0.036073 -0.414212 0.449029
v 0.026208 -0.414212 0.441792
v 0.013779 -0.414212 0.437145
v 0.000000 -0.414212 0.435544
v -0.013778 -0.414212 0.437145
v -0.026208 -0.414212 0.441792
v -0.036072 -0.414212 0.449029
v -0.042406 -0.414212 0.458149
v -0.044588 -0.414212 0.468259
v -0.042406 -0.414212 0.478368
v -0.036072 -0.414212 0.487488
v -0.026208 -0.414212 0.494725
v -0.013778 -0.414212 0.499372
v 0.000000 -0.414212 0.500973
v 0.020243 -0.407684 0.513969
v 0.038504 -0.407684 0.507142
v 0.052996 -0.407684 0.496509
v 0.062300 -0.407684 0.483111
v 0.065506 -0.407684 0.468259
v 0.062300 -0.407684 0.453406
v 0.052996 -0.407684 0.440008
v 0.038504 -0.407684 0.429375
v 0.020243 -0.407684 0.422548
v 0.000000 -0.407684 0.420196
v -0.020242 -0.407684 0.422548
v -0.038504 -0.407684 0.429375
v -0.052996 -0.407684 0.440008
v -0.062300 -0.407684 0.453406
v -0.065506 -0.407684 0.468259
v -0.062300 -0.407684 0.483111
v -0.052996 -0.407684 0.496509
v -0.038504 -0.407684 0.507142
v -0.020242 -0.407684 0.513969
v 0.000000 -0.407684 0.516321
v 0.026208 -0.398770 0.527440
v 0.049851 -0.398770 0.518601
v 0.068614 -0.398770 0.504835
v 0.080661 -0.398770 0.487488
v 0.084812 -0.398770 0.468259
v 0.080661 -0.398770 0.449029
v 0.068614 -0.398770 0.431682
v 0.049851 -0.398770 0.417916
v 0.026208 -0.398770 0.409077
v 0.000000 -0.398770 0.406031
v -0.026208 -0.398770 0.409077
v -0.049851 -0.398770 0.417916
v -0.068614 -0.398770 0.431682
v -0.080660 -0.398770 0.449029
v -0.084811 -0.398770 0.468259
v -0.080660 -0.398770 0.487488
v -0.068614 -0.398770 0.504835
v -0.049851 -0.398770 0.518601
v -0.026208 -0.398770 0.527440
v 0.000000 -0.398770 0.530486
v 0.031529 -0.387691 0.539454
v 0.059971 -0.387691 0.528821
v 0.082543 -0.387691 0.512260
v 0.097035 -0.387691 0.491391
v 0.102028 -0.387691 0.468259
v 0.097035 -0.387691 0.445126
v 0.082543 -0.387691 0.424257
v 0.059971 -0.387691 0.407696
v 0.031529 -0.387691 0.397063
v 0.000000 -0.387691 0.393399
v -0.031528 -0.387691 0.397063
v -0.059971 -0.387691 0.407696
v -0.082543 -0.387691 0.424257
v -0.097035 -0.387691 0.445126
v -0.102028 -0.387691 0.468259
v -0.097035 -0.387691 0.491391
v -0.082543 -0.387691 0.512260
v -0.059971 -0.387691 0.528821
v -0.031528 -0.387691 0.539454
v 0.000000 -0.387691 0.543118
v 0.036073 -0.374718 0.549715
v 0.068614 -0.374718 0.537550
v 0.094439 -0.374718 0.518601
v 0.111020 -0.374718 0.494725
v 0.116733 -0.374718 0.468259
v 0.111020 -0.374718 0.441792
v 0.094439 -0.374718 0.417916
v 0.068614 -0.374718 0.398968
v 0.036073 -0.374718 0.386802
v 0.000000 -0.374718 0.382610
v -0.036072 -0.374718 0.386802
v -0.068614 -0.374718 0.398968
v -0.094439 -0.374718 0.417916
v -0.111020 -0.374718 0.441792
v -0.116733 -0.374718 0.468259
v -0.111020 -0.374718 0.494725
v -0.094439 -0.374718 0.518601
v -0.068614 -0.374718 0.537550
v -0.036072 -0.374718 0.549715
v 0.000000 -0.374718 0.553907
v 0.039728 -0.360173 0.557970
v 0.075568 -0.360173 0.544572
v 0.104010 -0.360173 0.523703
v 0.122271 -0.360173 0.497408
v 0.128563 -0.360173 0.468259
v 0.122271 -0.360173 0.439110
v 0.104010 -0.360173 0.412814
v 0.075568 -0.360173 0.391945
v 0.039728 -0.360173 0.378547
v 0.000000 -0.360173 0.373930
v -0.039728 -0.360173 0.378547
v -0.075568 -0.360173 0.391945
v -0.104010 -0.360173 0.412814
v -0.122271 -0.360173 0.439110
v -0.128563 -0.360173 0.468259
v -0.122271 -0.360173 0.497408
v -0.104010 -0.360173 0.523703
v -0.075568 -0.360173 0.544572
v -0.039728 -0.360173 0.557970
v 0.000000 -0.360173 0.562587
v 0.042406 -0.344412 0.564016
v 0.080661 -0.344412 0.549715
v 0.111020 -0.344412 0.527440
v 0.130512 -0.344412 0.499372
v 0.137228 -0.344412 0.468259
v 0.130512 -0.344412 0.437145
v 0.111020 -0.344412 0.409077
v 0.080661 -0.344412 0.386802
v 0.042406 -0.344412 0.372501
v 0.000000 -0.344412 0.367573
v -0.042406 -0.344412 0.372501
v -0.080660 -0.344412 0.386802
v -0.111020 -0.344412 0.409077
v -0.130511 -0.344412 0.437145
v -0.137228 -0.344412 0.468259
v -0.130511 -0.344412 0.499372
v -0.111020 -0.344412 0.527440
v -0.080660 -0.344412 0.549715
v -0.042406 -0.344412 0.564016
v 0.000000 -0.344412 0.568944
v 0.044039 -0.327823 0.567705
v 0.083767 -0.327823 0.552852
v 0.115296 -0.327823 0.529720
v 0.135538 -0.327823 0.500571
v 0.142514 -0.327823 0.468259
v 0.135538 -0.327823 0.435947
v 0.115296 -0.327823 0.406798
v 0.083767 -0.327823 0.383665
v 0.044039 -0.327823 0.368813
v 0.000000 -0.327823 0.363695
v -0.044039 -0.327823 0.368813
v -0.083767 -0.327823 0.383665
v -0.115296 -0.327823 0.406798
v -0.135538 -0.327823 0.435947
v -0.142513 -0.327823 0.468259
v -0.135538 -0.327823 0.500571
v -0.115296 -0.327823 0.529720
v -0.083767 -0.327823 0.552852
v -0.044039 -0.327823 0.567705
v 0.000000 -0.327823 0.572822
v 0.044588 -0.310816 0.568944
v 0.084812 -0.310816 0.553907
v 0.116733 -0.310816 0.530486
v 0.137228 -0.310816 0.500973
v 0.144290 -0.310816 0.468259
v 0.137228 -0.310816 0.435544
v 0.116733 -0.310816 0.406031
v 0.084812 -0.310816 0.382610
v 0.044588 -0.310816 0.367573
v 0.000000 -0.310816 0.362391
v -0.044588 -0.310816 0.367573
v -0.084811 -0.310816 0.382610
v -0.116733 -0.310816 0.406031
v -0.137228 -0.310816 0.435544
v -0.144290 -0.310816 0.468259
v -0.137228 -0.310816 0.500973
v -0.116733 -0.310816 0.530486
v -0.084811 -0.310816 0.553907
v -0.044588 -0.310816 0.568944
v 0.000000 -0.310816 0.574126
v 0.044039 -0.293809 0.567705
v 0.083767 -0.293809 0.552852
v 0.115296 -0.293809 0.529720
v 0.135538 -0.293809 0.500571
v 0.142514 -0.293809 0.468259
v 0.135538 -0.293809 0.435947
v 0.115296 -0.293809 0.406798
v 0.083767 -0.293809 0.383665
v 0.044039 -0.293809 0.368813
v 0.000000 -0.293809 0.363695
v -0.044039 -0.293809 0.368813
v -0.083767 -0.293809 0.383665
v -0.115296 -0.293809 0.406798
v -0.135538 -0.293809 0.435947
v -0.142513 -0.293809 0.468259
v -0.135538 -0.293809 0.500571
v -0.115296 -0.293809 0.529720
v -0.083767 -0.293809 0.552852
v -0.044039 -0.293809 0.567705
v 0.000000 -0.293809 0.572822
v 0.042406 -0.277221 0.564016
v 0.080661 -0.277221 0.549715
v 0.111020 -0.277221 0.527440
v 0.130512 -0.277221 0.499372
v 0.137228 -0.277221 0.468259
v 0.130512 -0.277221 0.437145
v 0.111020 -0.277221 0.409077
v 0.080661 -0.277221 0.386802
v 0.042406 -0.277221 0.372501
v 0.000000 -0.277221 0.367573
v -0.042406 -0.277221 0.372501
v -0.080660 -0.277221 0.386802
v -0.111020 -0.277221 0.409077
v -0.130511 -0.277221 0.437145
v -0.137228 -0.277221 0.468259
v -0.130511 -0.277221 0.499372
v -0.111020 -0.277221 0.527440
v -0.080660 -0.277221 0.549715
v -0.042406 -0.277221 0.564016
v 0.000000 -0.277221 0.568944
v 0.039728 -0.261460 0.557970
v 0.075568 -0.261460 0.544572
v 0.104010 -0.261460 0.523703
v 0.122271 -0.261460 0.497408
v 0.128563 -0.261460 0.468259
v 0.122271 -0.261460 0.439110
v 0.104010 -0.261460 0.412814
v 0.075568 -0.261460 0.391945
v 0.039728 -0.261460 0.378547
v 0.000000 -0.261460 0.373930
v -0.039728 -0.261460 0.378547
v -0.075568 -0.261460 0.391945
v -0.104010 -0.261460 0.412814
v -0.122271 -0.261460 0.439110
v -0.128563 -0.261460 0.468259
v -0.122271 -0.261460 0.497408
v -0.104010 -0.261460 0.523703
v -0.075568 -0.261460 0.544572
v -0.039728 -0.261460 0.557970
v 0.000000 -0.261460 0.562587
v 0.036073 -0.246914 0.549715
v 0.068614 -0.246914 0.537550
v 0.094439 -0.246914 0.518601
v 0.111020 -0.246914 0.494725
v 0.116733 -0.246914 0.468259
v 0.111020 -0.246914 0.441792
v 0.094439 -0.246914 0.417916
v 0.068614 -0.246914 0.398968
v 0.036073 -0.246914 0.386802
v 0.000000 -0.246914 0.382610
v -0.036072 -0.246914 0.386802
v -0.068614 -0.246914 0.398968
v -0.094439 -0.246914 0.417916
v -0.111020 -0.246914 0.441792
v -0.116733 -0.246914 0.468259
v -0.111020 -0.246914 0.494725
v -0.094439 -0.246914 0.518601
v -0.068614 -0.246914 0.537550
v -0.036072 -0.246914 0.549715
v 0.000000 -0.246914 0.553907
v 0.031529 -0.233942 0.539454
v 0.059971 -0.233942 0.528821
v 0.082543 -0.233942 0.512260
v 0.097035 -0.233942 0.491391
v 0.102028 -0.233942 0.468259
v 0.097035 -0.233942 0.445126
v 0.082543 -0.233942 0.424257
v 0.059971 -0.233942 0.407696
v 0.031529 -0.233942 0.397063
v 0.000000 -0.233942 0.393399
v -0.031528 -0.233942 0.397063
v -0.059971 -0.233942 0.407696
v -0.082543 -0.233942 0.424257
v -0.097035 -0.233942 0.445126
v -0.102028 -0.233942 0.468259
v -0.097035 -0.233942 0.491391
v -0.082543 -0.233942 0.512260
v -0.059971 -0.233942 0.528821
v -0.031528 -0.233942 0.539454
v 0.000000 -0.233942 0.543118
v 0.026208 -0.222862 0.527440
v 0.049851 -0.222862 0.518601
v 0.068614 -0.222862 0.504835
v 0.080661 -0.222862 0.487488
v 0.084812 -0.222862 0.468259
v 0.080661 -0.222862 0.449029
v 0.068614 -0.222862 0.431682
v 0.049851 -0.222862 0.417916
v 0.026208 -0.222862 0.409077
v 0.000000 -0.222862 0.406031
v -0.026208 -0.222862 0.409077
v -0.049851 -0.222862 0.417916
v -0.068614 -0.222862 0.431682
v -0.080660 -0.222862 0.449029
v -0.084811 -0.222862 0.468259
v -0.080660 -0.222862 0.487488
v -0.068614 -0.222862 0.504835
v -0.049851 -0.222862 0.518601
v -0.026208 -0.222862 0.527440
v 0.000000 -0.222862 0.530486
v 0.020243 -0.213949 0.513969
v 0.038504 -0.213949 0.507142
v 0.052996 -0.213949 0.496509
v 0.062300 -0.213949 0.483111
v 0.065506 -0.213949 0.468259
v 0.062300 -0.213949 0.453406
v 0.052996 -0.213949 0.440008
v 0.038504 -0.213949 0.429375
v 0.020243 -0.213949 0.422548
v 0.000000 -0.213949 0.420196
v -0.020242 -0.213949 0.422548
v -0.038504 -0.213949 0.429375
v -0.052996 -0.213949 0.440008
v -0.062300 -0.213949 0.453406
v -0.065506 -0.213949 0.468259
v -0.062300 -0.213949 0.483111
v -0.052996 -0.213949 0.496509
v -0.038504 -0.213949 0.507142
v -0.020242 -0.213949 0.513969
v 0.000000 -0.213949 0.516321
v 0.013779 -0.207420 0.499372
v 0.026208 -0.207420 0.494725
v 0.036073 -0.207420 0.487488
v 0.042406 -0.207420 0.478368
v 0.044588 -0.207420 0.468259
v 0.042406 -0.207420 0.458149
v 0.036073 -0.207420 0.449029
v 0.026208 -0.207420 0.441792
v 0.013779 -0.207420 0.437145
v 0.000000 -0.207420 0.435544
v -0.013778 -0.207420 0.437145
v -0.026208 -0.207420 0.441792
v -0.036072 -0.207420 0.449029
v -0.042406 -0.207420 0.458149
v -0.044588 -0.207420 0.468259
v -0.042406 -0.207420 0.478368
v -0.036072 -0.207420 0.487488
v -0.026208 -0.207420 0.494725
v -0.013778 -0.207420 0.499372
v 0.000000 -0.207420 0.500973
v 0.006975 -0.203438 0.484009
v 0.013268 -0.203438 0.481657
v 0.018261 -0.203438 0.477993
v 0.021467 -0.203438 0.473376
v 0.022572 -0.203438 0.468259
v 0.021467 -0.203438 0.463141
v 0.018261 -0.203438 0.458524
v 0.013268 -0.203438 0.454860
v 0.006975 -0.203438 0.452508
v 0.000000 -0.203438 0.451697
v -0.006975 -0.203438 0.452508
v -0.013267 -0.203438 0.454860
v -0.018261 -0.203438 0.458524
v -0.021467 -0.203438 0.463141
v -0.022572 -0.203438 0.468259
v -0.021467 -0.203438 0.473376
v -0.018261 -0.203438 0.477993
v -0.013267 -0.203438 0.481657
v -0.006975 -0.203438 0.484009
v 0.000000 -0.203438 0.484820
v 0.000000 -0.419533 0.468259
v 0.000000 -0.202099 0.468259
v 0.036217 0.276059 0.256065
v 0.068889 0.263520 0.255753
v 0.094818 0.243990 0.255266
v 0.111465 0.219381 0.254654
v 0.117201 0.192102 0.253975
v 0.111465 0.164822 0.253296
v 0.094818 0.140213 0.252683
v 0.068889 0.120683 0.252197
v 0.036217 0.108145 0.251885
v 0.000000 0.103824 0.251778
v -0.036217 0.108145 0.251885
v -0.068889 0.120683 0.252197
v -0.094818 0.140213 0.252683
v -0.111465 0.164822 0.253296
v -0.117201 0.192102 0.253975
v -0.111465 0.219381 0.254654
v -0.094818 0.243990 0.255266
v -0.068889 0.263520 0.255753
v -0.036217 0.276059 0.256065
v 0.000000 0.280380 0.256172
v -0.101492 0.206537 0.341964
v -0.119311 0.180358 0.337708
v -0.125451 0.151401 0.333165
v -0.119311 0.122514 0.328716
v -0.101492 0.096537 0.324716
v -0.073738 0.075998 0.321498
v -0.038766 0.062786 0.319419
v 0.000000 0.058218 0.318707
v 0.038767 0.062786 0.319419
v 0.073738 0.075998 0.321498
v 0.101492 0.096537 0.324716
v 0.119311 0.122514 0.328716
v 0.125451 0.151401 0.333165
v 0.119311 0.180358 0.337708
v 0.101492 0.206537 0.341964
v 0.073738 0.227371 0.345541
v 0.038767 0.240820 0.348057
v 0.000000 0.245457 0.348954
v -0.038766 0.240820 0.348057
v -0.073738 0.227371 0.345541
v -0.071264 -0.064827 0.461187
v -0.083776 -0.071826 0.444368
v -0.088087 -0.079669 0.425824
v -0.083776 -0.087544 0.407356
v -0.071264 -0.094627 0.390748
v -0.051776 -0.100193 0.377597
v -0.027220 -0.103767 0.369134
v 0.000000 -0.105008 0.366210
v 0.027221 -0.103767 0.369134
v 0.051777 -0.100193 0.377597
v 0.071264 -0.094627 0.390748
v 0.083776 -0.087544 0.407356
v 0.088087 -0.079669 0.425824
v 0.083776 -0.071826 0.444368
v 0.071264 -0.064827 0.461187
v 0.051777 -0.059373 0.474642
v 0.027221 -0.055980 0.483404
v 0.000000 -0.054828 0.486436
v -0.027220 -0.055980 0.483404
v -0.051776 -0.059373 0.474642
v -0.071264 -0.248205 0.506046
v -0.083776 -0.250890 0.488087
v -0.088087 -0.253973 0.468259
v -0.083776 -0.257106 0.448495
v -0.071264 -0.259924 0.430722
v -0.051776 -0.262114 0.416659
v -0.027220 -0.263516 0.407611
v 0.000000 -0.264006 0.404483
v 0.027221 -0.263516 0.407611
v 0.051777 -0.262114 0.416659
v 0.071264 -0.259924 0.430722
v 0.083776 -0.257106 0.448495
v 0.088087 -0.253973 0.468259
v 0.083776 -0.250890 0.488087
v 0.071264 -0.248205 0.506046
v 0.051777 -0.246198 0.520379
v 0.027221 -0.245046 0.529675
v 0.000000 -0.244668 0.532887
v -0.027220 -0.245046 0.529675
v -0.051776 -0.246199 0.520379
vn -0.2132 0.7407 0.6371
vn -0.2133 0.7407 0.6371
vn 0.3609 0.6815 0.6366
vn 0.3609 0.6816 0.6366
vn 0.2458 0.4818 0.8411
vn -0.1295 0.5265 0.8402
vn -0.1296 0.5265 0.8402
vn 0.2066 -0.7354 -0.6453
vn 0.2066 -0.7355 -0.6453
vn -0.3534 -0.6775 -0.6450
vn -0.2459 -0.4818 -0.8411
vn 0.1296 -0.5265 -0.8402
vn -0.8459 0.0272 -0.5326
vn -0.8459 0.0271 -0.5326
vn -0.2568 0.6644 -0.7019
vn 0.0387 0.6578 -0.7522
vn 0.7910 -0.2028 -0.5771
vn 0.7911 -0.2028 -0.5771
vn 0.3353 0.5905 -0.7341
vn 0.6334 -0.7678 -0.0966
vn 0.4940 -0.8694 0.0026
vn 0.6335 -0.7677 -0.0965
vn 0.4378 -0.8982 0.0392
vn 0.3022 -0.9455 0.1210
vn -0.4592 -0.8750 0.1533
vn -0.5996 -0.7964 0.0788
vn -0.6567 -0.7528 0.0444
vn -0.7916 -0.6089 -0.0511
vn -0.7916 -0.6089 -0.0510
vn -0.2235 0.9177 0.3284
vn -0.2235 0.9177 0.3285
vn 0.3906 0.8636 0.3187
vn 0.3906 0.8636 0.3188
vn 0.2563 0.7299 0.6337
vn -0.1080 0.7661 0.6336
vn 0.2155 -0.9153 -0.3402
vn 0.2155 -0.9153 -0.3403
vn -0.3823 -0.8625 -0.3315
vn -0.3821 -0.8627 -0.3313
vn -0.2563 -0.7299 -0.6337
vn 0.1080 -0.7661 -0.6335
vn -0.8257 -0.2025 -0.5266
vn -0.8256 -0.2025 -0.5266
vn -0.2515 0.1492 -0.9563
vn -0.0093 0.1182 -0.9929
vn 0.7223 -0.4086 -0.5579
vn 0.2324 0.0801 -0.9693
vn 0.6819 -0.6676 0.2990
vn 0.5103 -0.6898 0.5136
vn 0.5108 -0.6899 0.5130
vn 0.3367 -0.6682 0.6634
vn -0.4186 -0.5739 0.7039
vn -0.6082 -0.5518 0.5707
vn -0.6088 -0.5517 0.5702
vn -0.7950 -0.4839 0.3657
vn 0.0889 -0.9820 0.1668
vn 0.0776 -0.9423 0.3257
vn 0.0466 -0.9796 0.1956
vn 0.2064 -0.9569 0.2044
vn 0.1487 -0.9487 0.2789
vn 0.1447 -0.9874 0.0641
vn 0.1228 -0.9850 0.1216
vn 0.2576 -0.9662 -0.0000
vn 0.2443 -0.9636 0.1082
vn 0.1447 -0.9874 -0.0641
vn 0.1523 -0.9883 -0.0000
vn 0.2064 -0.9569 -0.2044
vn 0.2444 -0.9636 -0.1082
vn 0.0889 -0.9820 -0.1668
vn 0.1228 -0.9850 -0.1216
vn 0.0466 -0.9796 -0.1956
vn 0.1487 -0.9487 -0.2789
vn -0.0000 -0.9399 -0.3415
vn 0.0776 -0.9423 -0.3256
vn -0.0466 -0.9796 -0.1956
vn -0.0000 -0.9787 -0.2055
vn -0.1487 -0.9487 -0.2789
vn -0.0776 -0.9423 -0.3256
vn -0.1228 -0.9850 -0.1216
vn -0.0889 -0.9820 -0.1668
vn -0.1447 -0.9874 -0.0641
vn -0.2064 -0.9569 -0.2044
vn -0.1523 -0.9883 -0.0000
vn -0.2443 -0.9636 -0.1082
vn -0.2443 -0.9636 0.1082
vn -0.2576 -0.9662 -0.0000
vn -0.1228 -0.9850 0.1216
vn -0.1447 -0.9874 0.0641
vn -0.0889 -0.9820 0.1668
vn -0.2064 -0.9569 0.2044
vn -0.0466 -0.9796 0.1956
vn -0.1487 -0.9487 0.2789
vn -0.0000 -0.9399 0.3415
vn -0.0776 -0.9423 0.3256
vn -0.0000 -0.9787 0.2055
vn 0.1095 -0.8815 0.4593
vn 0.2957 -0.9093 0.2928
vn 0.2111 -0.8936 0.3961
vn 0.3730 -0.9278 -0.0000
vn 0.3527 -0.9226 0.1562
vn 0.2957 -0.9093 -0.2928
vn 0.3527 -0.9226 -0.1562
vn 0.2111 -0.8936 -0.3961
vn 0.1095 -0.8815 -0.4593
vn -0.1095 -0.8815 -0.4594
vn -0.0000 -0.8770 -0.4805
vn -0.2112 -0.8936 -0.3961
vn -0.2957 -0.9093 -0.2928
vn -0.3527 -0.9226 -0.1562
vn -0.3528 -0.9226 0.1562
vn -0.3730 -0.9278 -0.0000
vn -0.2957 -0.9093 0.2928
vn -0.2112 -0.8936 0.3961
vn -0.1095 -0.8815 0.4593
vn -0.0000 -0.8770 0.4805
vn 0.1394 -0.7991 0.5848
vn 0.3842 -0.8412 0.3805
vn 0.2712 -0.8171 0.5087
vn 0.4917 -0.8708 -0.0000
vn 0.4630 -0.8623 0.2050
vn 0.3842 -0.8412 -0.3805
vn 0.4630 -0.8623 -0.2051
vn 0.2711 -0.8172 -0.5087
vn 0.1394 -0.7991 -0.5848
vn -0.0000 -0.7925 -0.6098
vn -0.2712 -0.8171 -0.5087
vn -0.1394 -0.7991 -0.5849
vn -0.3842 -0.8412 -0.3805
vn -0.4630 -0.8623 -0.2050
vn -0.4917 -0.8708 -0.0000
vn -0.3842 -0.8412 0.3805
vn -0.4630 -0.8623 0.2050
vn -0.2712 -0.8172 0.5087
vn -0.1394 -0.7991 0.5848
vn -0.0000 -0.7925 0.6099
vn 0.1662 -0.6974 0.6972
vn 0.3264 -0.7201 0.6123
vn 0.5722 -0.7800 0.2534
vn 0.4689 -0.7514 0.4643
vn 0.5722 -0.7800 -0.2534
vn 0.6107 -0.7918 -0.0000
vn 0.4688 -0.7514 -0.4643
vn 0.3264 -0.7200 -0.6124
vn -0.0000 -0.6892 -0.7245
vn 0.1662 -0.6974 -0.6972
vn -0.3264 -0.7200 -0.6124
vn -0.1662 -0.6974 -0.6972
vn -0.4689 -0.7514 -0.4643
vn -0.6108 -0.7918 -0.0000
vn -0.5722 -0.7800 -0.2534
vn -0.4689 -0.7514 0.4643
vn -0.5722 -0.7800 0.2534
vn -0.3264 -0.7201 0.6123
vn -0.0000 -0.6892 0.7245
vn -0.1662 -0.6974 0.6972
vn 0.1891 -0.5789 0.7932
vn 0.5465 -0.6390 0.5412
vn 0.3751 -0.6036 0.7036
vn 0.7265 -0.6872 -0.0000
vn 0.6764 -0.6728 0.2996
vn 0.6765 -0.6728 -0.2996
vn 0.3750 -0.6036 -0.7036
vn 0.5465 -0.6391 -0.5412
vn 0.1891 -0.5789 -0.7932
vn -0.0000 -0.5702 -0.8215
vn -0.1891 -0.5789 -0.7932
vn -0.5465 -0.6390 -0.5412
vn -0.3751 -0.6036 -0.7036
vn -0.6765 -0.6728 -0.2996
vn -0.6765 -0.6728 0.2996
vn -0.7265 -0.6872 -0.0000
vn -0.5465 -0.6391 0.5412
vn -0.1891 -0.5789 0.7932
vn -0.3751 -0.6036 0.7036
vn -0.0000 -0.5702 0.8215
vn 0.2075 -0.4466 0.8703
vn 0.6135 -0.5044 0.6076
vn 0.4153 -0.4698 0.7790
vn 0.7703 -0.5388 0.3411
vn 0.8326 -0.5538 -0.0000
vn 0.7703 -0.5387 -0.3411
vn 0.4153 -0.4698 -0.7790
vn 0.6135 -0.5044 -0.6075
vn 0.2075 -0.4466 -0.8703
vn -0.2075 -0.4466 -0.8704
vn -0.0000 -0.4386 -0.8987
vn -0.4152 -0.4699 -0.7789
vn -0.7703 -0.5387 -0.3411
vn -0.6135 -0.5044 -0.6076
vn -0.8327 -0.5537 -0.0000
vn -0.6135 -0.5044 0.6076
vn -0.7703 -0.5387 0.3411
vn -0.2075 -0.4466 0.8703
vn -0.4152 -0.4699 0.7790
vn -0.0000 -0.4386 0.8987
vn 0.2209 -0.3037 0.9268
vn 0.4454 -0.3220 0.8355
vn 0.6658 -0.3495 0.6593
vn 0.8465 -0.3781 0.3749
vn 0.8464 -0.3782 -0.3748
vn 0.9204 -0.3909 -0.0000
vn 0.6657 -0.3496 -0.6592
vn 0.4454 -0.3220 -0.8355
vn 0.2209 -0.3037 -0.9268
vn -0.0000 -0.2975 -0.9547
vn -0.2209 -0.3038 -0.9267
vn -0.4454 -0.3219 -0.8355
vn -0.8465 -0.3781 -0.3749
vn -0.6658 -0.3495 -0.6593
vn -0.8465 -0.3781 0.3749
vn -0.9204 -0.3911 -0.0000
vn -0.6657 -0.3495 0.6592
vn -0.4454 -0.3219 0.8355
vn -0.0000 -0.2975 0.9547
vn -0.2209 -0.3037 0.9268
vn 0.2291 -0.1539 0.9612
vn 0.6991 -0.1791 0.6923
vn 0.4641 -0.1636 0.8706
vn 0.9792 -0.2030 -0.0000
vn 0.8967 -0.1954 0.3971
vn 0.6991 -0.1791 -0.6923
vn 0.8968 -0.1953 -0.3971
vn 0.2291 -0.1539 -0.9612
vn 0.4641 -0.1637 -0.8705
vn -0.0000 -0.1503 -0.9886
vn -0.4641 -0.1635 -0.8706
vn -0.2291 -0.1537 -0.9612
vn -0.6991 -0.1791 -0.6923
vn -0.8967 -0.1954 -0.3971
vn -0.9792 -0.2030 -0.0000
vn -0.6991 -0.1792 0.6922
vn -0.8967 -0.1954 0.3971
vn -0.4641 -0.1638 0.8705
vn -0.2291 -0.1537 0.9612
vn -0.0000 -0.1505 0.9886
vn 0.4704 -0.0000 0.8824
vn 0.2319 -0.0000 0.9727
vn 0.7106 -0.0000 0.7036
vn 1.0000 -0.0000 -0.0000
vn 0.9144 -0.0000 0.4049
vn 0.9144 -0.0000 -0.4049
vn 0.7106 -0.0000 -0.7036
vn 0.4704 -0.0000 -0.8824
vn 0.2319 -0.0000 -0.9727
vn -0.0000 -0.0000 -1.0000
vn -0.2319 -0.0000 -0.9727
vn -0.4704 -0.0000 -0.8824
vn -0.9144 -0.0000 -0.4049
vn -0.7106 -0.0000 -0.7036
vn -0.9144 -0.0000 0.4049
vn -1.0000 -0.0000 -0.0000
vn -0.4704 -0.0000 0.8824
vn -0.7106 -0.0000 0.7036
vn -0.2319 -0.0000 0.9727
vn -0.0000 -0.0000 1.0000
vn 0.2291 0.1538 0.9612
vn 0.6991 0.1792 0.6922
vn 0.4641 0.1636 0.8706
vn 0.8967 0.1956 0.3971
vn 0.9792 0.2030 -0.0000
vn 0.6991 0.1792 -0.6922
vn 0.8968 0.1953 -0.3971
vn 0.4641 0.1636 -0.8706
vn 0.2291 0.1538 -0.9612
vn -0.0000 0.1503 -0.9886
vn -0.2291 0.1538 -0.9612
vn -0.6991 0.1791 -0.6922
vn -0.4641 0.1635 -0.8706
vn -0.8967 0.1954 -0.3971
vn -0.9792 0.2029 -0.0000
vn -0.6991 0.1792 0.6922
vn -0.8967 0.1956 0.3971
vn -0.4641 0.1637 0.8705
vn -0.0000 0.1502 0.9887
vn -0.2291 0.1537 0.9612
vn 0.4454 0.3219 0.8355
vn 0.2209 0.3037 0.9268
vn 0.6657 0.3496 0.6592
vn 0.8465 0.3780 0.3749
vn 0.8465 0.3781 -0.3749
vn 0.9204 0.3909 -0.0000
vn 0.6657 0.3495 -0.6592
vn 0.4454 0.3218 -0.8355
vn -0.0000 0.2975 -0.9547
vn 0.2209 0.3036 -0.9268
vn -0.2209 0.3037 -0.9268
vn -0.6657 0.3495 -0.6592
vn -0.4454 0.3219 -0.8355
vn -0.8465 0.3781 -0.3749
vn -0.8465 0.3780 0.3749
vn -0.9204 0.3910 -0.0000
vn -0.4454 0.3219 0.8355
vn -0.6657 0.3496 0.6592
vn -0.2209 0.3037 0.9268
vn -0.0000 0.2976 0.9547
vn 0.2075 0.4465 0.8704
vn 0.6136 0.5043 0.6076
vn 0.4153 0.4698 0.7790
vn 0.7703 0.5388 0.3411
vn 0.8326 0.5539 -0.0000
vn 0.7703 0.5387 -0.3411
vn 0.6136 0.5044 -0.6076
vn 0.2075 0.4466 -0.8704
vn 0.4153 0.4698 -0.7790
vn -0.2075 0.4466 -0.8703
vn -0.0000 0.4386 -0.8987
vn -0.4152 0.4699 -0.7789
vn -0.7704 0.5387 -0.3411
vn -0.6136 0.5044 -0.6076
vn -0.8326 0.5538 -0.0000
vn -0.6136 0.5044 0.6076
vn -0.7703 0.5387 0.3411
vn -0.2075 0.4466 0.8704
vn -0.4153 0.4698 0.7790
vn -0.0000 0.4386 0.8987
vn 0.3750 0.6036 0.7036
vn 0.1891 0.5789 0.7932
vn 0.5465 0.6391 0.5412
vn 0.6764 0.6728 0.2996
vn 0.7265 0.6872 -0.0000
vn 0.5465 0.6390 -0.5412
vn 0.6764 0.6728 -0.2996
vn 0.1891 0.5788 -0.7932
vn 0.3751 0.6036 -0.7036
vn -0.0000 0.5702 -0.8215
vn -0.1891 0.5789 -0.7932
vn -0.5465 0.6391 -0.5412
vn -0.3750 0.6036 -0.7036
vn -0.7265 0.6872 -0.0000
vn -0.6764 0.6728 -0.2996
vn -0.6764 0.6728 0.2996
vn -0.5465 0.6390 0.5412
vn -0.3751 0.6036 0.7036
vn -0.1891 0.5789 0.7932
vn -0.0000 0.5702 0.8215
vn 0.3264 0.7201 0.6123
vn 0.1662 0.6974 0.6972
vn 0.5722 0.7800 0.2534
vn 0.4689 0.7514 0.4643
vn 0.6107 0.7919 -0.0000
vn 0.4689 0.7514 -0.4643
vn 0.5722 0.7800 -0.2534
vn 0.3264 0.7201 -0.6123
vn 0.1662 0.6974 -0.6972
vn -0.1662 0.6974 -0.6972
vn -0.0000 0.6893 -0.7245
vn -0.3264 0.7200 -0.6124
vn -0.4688 0.7514 -0.4643
vn -0.6107 0.7918 -0.0000
vn -0.5722 0.7800 -0.2534
vn -0.5722 0.7800 0.2534
vn -0.3264 0.7200 0.6124
vn -0.4689 0.7514 0.4643
vn -0.1662 0.6974 0.6972
vn -0.0000 0.6893 0.7245
vn 0.2712 0.8171 0.5087
vn 0.1394 0.7991 0.5848
vn 0.4630 0.8623 0.2051
vn 0.3842 0.8412 0.3805
vn 0.4631 0.8623 -0.2051
vn 0.4917 0.8708 -0.0000
vn 0.3843 0.8412 -0.3805
vn 0.2712 0.8171 -0.5087
vn 0.1394 0.7991 -0.5848
vn -0.1394 0.7991 -0.5848
vn -0.0000 0.7925 -0.6099
vn -0.2712 0.8171 -0.5087
vn -0.3842 0.8412 -0.3805
vn -0.4630 0.8623 -0.2051
vn -0.4630 0.8623 0.2050
vn -0.4917 0.8708 -0.0000
vn -0.3842 0.8412 0.3804
vn -0.2712 0.8171 0.5087
vn -0.1394 0.7991 0.5848
vn -0.0000 0.7925 0.6099
vn 0.1095 0.8815 0.4594
vn 0.2112 0.8936 0.3961
vn 0.3527 0.9226 0.1562
vn 0.2957 0.9093 0.2928
vn 0.3730 0.9278 -0.0000
vn 0.3527 0.9226 -0.1562
vn 0.2957 0.9093 -0.2928
vn 0.2112 0.8936 -0.3961
vn 0.1095 0.8815 -0.4593
vn -0.1095 0.8815 -0.4593
vn -0.0000 0.8770 -0.4805
vn -0.2112 0.8936 -0.3961
vn -0.2957 0.9093 -0.2928
vn -0.3527 0.9226 -0.1562
vn -0.3730 0.9278 -0.0000
vn -0.3527 0.9226 0.1562
vn -0.2957 0.9093 0.2928
vn -0.1095 0.8815 0.4594
vn -0.2112 0.8936 0.3961
vn -0.0000 0.8770 0.4805
vn 0.1487 0.9488 0.2789
vn 0.0776 0.9423 0.3256
vn 0.2064 0.9569 0.2044
vn 0.2443 0.9636 0.1082
vn 0.2443 0.9636 -0.1082
vn 0.2576 0.9662 -0.0000
vn 0.2064 0.9569 -0.2044
vn 0.0776 0.9423 -0.3257
vn 0.1487 0.9487 -0.2789
vn -0.0000 0.9399 -0.3415
vn -0.0776 0.9423 -0.3256
vn -0.2064 0.9569 -0.2044
vn -0.1487 0.9488 -0.2789
vn -0.2443 0.9636 -0.1082
vn -0.2576 0.9663 -0.0000
vn -0.2443 0.9636 0.1082
vn -0.2064 0.9569 0.2044
vn -0.1487 0.9487 0.2789
vn -0.0776 0.9423 0.3257
vn -0.0000 0.9399 0.3415
vn 0.0889 0.9820 0.1668
vn 0.0466 0.9796 0.1956
vn 0.1228 0.9850 0.1216
vn 0.1523 0.9883 -0.0000
vn 0.1447 0.9874 0.0641
vn 0.1447 0.9874 -0.0641
vn 0.1228 0.9850 -0.1216
vn 0.0889 0.9820 -0.1668
vn 0.0466 0.9796 -0.1956
vn -0.0466 0.9796 -0.1956
vn -0.0000 0.9787 -0.2055
vn -0.1228 0.9850 -0.1216
vn -0.0889 0.9820 -0.1668
vn -0.1447 0.9874 -0.0641
vn -0.1523 0.9883 -0.0000
vn -0.1447 0.9874 0.0641
vn -0.0889 0.9820 0.1668
vn -0.1228 0.9850 0.1216
vn -0.0466 0.9796 0.1956
vn -0.0000 0.9787 0.2055
vn -0.0000 -1.0000 -0.0000
vn -0.0000 1.0000 -0.0000
vn -0.6154 0.4190 0.6676
vn -0.8934 0.4337 0.1171
vn -0.8355 0.2430 0.4928
vn -0.9952 0.0680 -0.0701
vn -0.9844 -0.0186 0.1749
vn -0.9111 -0.3117 -0.2695
vn -0.9254 -0.2892 -0.2450
vn -0.6955 -0.5847 -0.4176
vn -0.6821 -0.4428 -0.5820
vn -0.4502 -0.7366 -0.5047
vn -0.4183 -0.4869 -0.7668
vn -0.2190 -0.8071 -0.5483
vn -0.1954 -0.4877 -0.8509
vn -0.0000 -0.8274 -0.5616
vn -0.0000 -0.4839 -0.8751
vn 0.1954 -0.4877 -0.8509
vn 0.2190 -0.8071 -0.5483
vn 0.4183 -0.4869 -0.7668
vn 0.4506 -0.7365 -0.5045
vn 0.6821 -0.4428 -0.5820
vn 0.6951 -0.5850 -0.4178
vn 0.9254 -0.2892 -0.2450
vn 0.9112 -0.3117 -0.2695
vn 0.9844 -0.0186 0.1749
vn 0.9952 0.0680 -0.0701
vn 0.8355 0.2430 0.4928
vn 0.8934 0.4337 0.1173
vn 0.6154 0.4189 0.6676
vn 0.6833 0.6885 0.2430
vn 0.3994 0.5220 0.7537
vn 0.4501 0.8367 0.3118
vn 0.1962 0.5757 0.7938
vn 0.2222 0.9122 0.3442
vn -0.0000 0.5926 0.8055
vn -0.0000 0.9354 0.3536
vn -0.2222 0.9122 0.3442
vn -0.1962 0.5757 0.7938
vn -0.4501 0.8367 0.3118
vn -0.3994 0.5220 0.7537
vn -0.6833 0.6885 0.2430
vn -0.6228 0.2384 0.7452
vn -0.8520 0.1198 0.5096
vn -0.9938 -0.0458 0.1011
vn -0.9066 -0.1938 -0.3748
vn -0.6587 -0.2609 -0.7057
vn -0.4066 -0.2718 -0.8722
vn -0.1922 -0.2660 -0.9446
vn 0.1922 -0.2660 -0.9446
vn -0.0000 -0.2625 -0.9649
vn 0.4066 -0.2718 -0.8722
vn 0.6587 -0.2609 -0.7057
vn 0.9066 -0.1938 -0.3748
vn 0.9938 -0.0458 0.1011
vn 0.8520 0.1198 0.5096
vn 0.6228 0.2384 0.7452
vn 0.4003 0.3091 0.8627
vn 0.1958 0.3460 0.9176
vn -0.0000 0.3576 0.9339
vn -0.1958 0.3460 0.9176
vn -0.4003 0.3091 0.8627
vn -0.7043 0.1687 0.6896
vn -0.9085 0.0992 0.4060
vn -0.9999 0.0037 0.0150
vn -0.9188 -0.0930 -0.3835
vn -0.7138 -0.1644 -0.6808
vn -0.4717 -0.2068 -0.8571
vn -0.2326 -0.2277 -0.9455
vn 0.2325 -0.2278 -0.9455
vn -0.0000 -0.2340 -0.9722
vn 0.4720 -0.2066 -0.8571
vn 0.7138 -0.1644 -0.6808
vn 0.9188 -0.0930 -0.3836
vn 0.9999 0.0038 0.0152
vn 0.9085 0.0992 0.4060
vn 0.7042 0.1687 0.6896
vn 0.4676 0.2101 0.8586
vn 0.2318 0.2312 0.9449
vn -0.2318 0.2312 0.9449
vn -0.0000 0.2377 0.9713
vn -0.4674 0.2102 0.8587
vn 0.1296 -0.5265 -0.8403
vn -0.2563 -0.7299 -0.6336
vn 0.1080 -0.7661 -0.6336
vn 0.6819 -0.6675 0.2991
vn -0.4186 -0.5738 0.7039
vn -0.7950 -0.4839 0.3658
vt 0.939405 0.739961
vt 0.920723 0.706655
vt 0.955768 0.703879
vt 0.932154 0.672117
vt 0.902032 0.663581
vt 0.880117 0.680998
vt 0.886377 0.739576
vt 0.911603 0.753135
vt 0.890032 0.805643
vt 0.916484 0.824920
vt 0.887314 0.839861
vt 0.861885 0.819085
vt 0.867278 0.771675
vt 0.894166 0.761018
vt 0.918860 0.777188
vt 0.930755 0.799347
vt 0.316345 0.943596
vt 0.350712 0.960728
vt 0.341917 0.969901
vt 0.922010 0.833715
vt 0.159766 0.958459
vt 0.195299 0.941611
vt 0.167145 0.967291
vt 0.854166 0.826464
vt 0.949725 0.757084
vt 0.957581 0.778733
vt 0.936826 0.763466
vt 0.972898 0.774501
vt 0.971219 0.805621
vt 0.974414 0.833080
vt 0.958916 0.830315
vt 0.952040 0.846638
vt 0.938865 0.842210
vt 0.652129 0.554844
vt 0.697639 0.606036
vt 0.639235 0.607087
vt 0.649576 0.653533
vt 0.696535 0.668360
vt 0.734050 0.644875
vt 0.736255 0.559664
vt 0.699906 0.538091
vt 0.292575 0.622015
vt 0.249470 0.663023
vt 0.235852 0.620957
vt 0.247416 0.583601
vt 0.322430 0.587679
vt 0.344428 0.625738
vt 0.324372 0.662713
vt 0.292051 0.681670
vt 0.808032 0.806511
vt 0.845940 0.845144
vt 0.826508 0.849092
vt 0.747518 0.672310
vt 0.748925 0.721947
vt 0.728086 0.679881
vt 0.801560 0.964237
vt 0.841162 0.926015
vt 0.818932 0.967687
vt 0.736970 0.770999
vt 0.719598 0.759302
vt 0.289087 0.567125
vt 0.335339 0.580563
vt 0.337544 0.665774
vt 0.806855 0.761018
vt 0.790497 0.774191
vt 0.191297 0.892015
vt 0.196872 0.891896
vt 0.192038 0.893467
vt 0.193132 0.886749
vt 0.195410 0.889026
vt 0.188692 0.890121
vt 0.190144 0.890861
vt 0.187081 0.884783
vt 0.190262 0.885287
vt 0.185471 0.890121
vt 0.187081 0.889866
vt 0.181030 0.886749
vt 0.183900 0.885287
vt 0.182865 0.892015
vt 0.184018 0.890861
vt 0.182124 0.893467
vt 0.178752 0.889026
vt 0.176786 0.895078
vt 0.177290 0.891896
vt 0.182124 0.896688
vt 0.181869 0.895078
vt 0.178752 0.901129
vt 0.177290 0.898259
vt 0.184018 0.899294
vt 0.182865 0.898141
vt 0.185471 0.900034
vt 0.181030 0.903407
vt 0.187081 0.900290
vt 0.183900 0.904869
vt 0.190262 0.904869
vt 0.187081 0.905373
vt 0.190144 0.899294
vt 0.188692 0.900034
vt 0.191297 0.898141
vt 0.193132 0.903407
vt 0.192038 0.896688
vt 0.195410 0.901129
vt 0.197376 0.895078
vt 0.196872 0.898259
vt 0.192293 0.895078
vt 0.201466 0.890404
vt 0.195971 0.882841
vt 0.199318 0.886188
vt 0.187081 0.879953
vt 0.191755 0.880693
vt 0.178191 0.882841
vt 0.182407 0.880693
vt 0.174845 0.886188
vt 0.172696 0.890404
vt 0.172696 0.899752
vt 0.171956 0.895078
vt 0.174845 0.903968
vt 0.178191 0.907314
vt 0.182407 0.909463
vt 0.191755 0.909463
vt 0.187081 0.910203
vt 0.195971 0.907314
vt 0.199317 0.903968
vt 0.201466 0.899752
vt 0.202206 0.895078
vt 0.205705 0.889026
vt 0.198591 0.879235
vt 0.202924 0.883568
vt 0.187081 0.875495
vt 0.193132 0.876454
vt 0.175571 0.879235
vt 0.181030 0.876454
vt 0.171238 0.883568
vt 0.168457 0.889026
vt 0.234659 0.865393
vt 0.239333 0.868125
vt 0.233282 0.868125
vt 0.244007 0.865393
vt 0.239333 0.865393
vt 0.171238 0.906588
vt 0.168457 0.901129
vt 0.175571 0.910920
vt 0.181030 0.913702
vt 0.187081 0.914660
vt 0.198591 0.910920
vt 0.193132 0.913702
vt 0.202924 0.906588
vt 0.301048 0.867102
vt 0.294996 0.869833
vt 0.296374 0.867102
vt 0.305722 0.867102
vt 0.301048 0.869833
vt 0.312558 0.869833
vt 0.308327 0.873228
vt 0.307099 0.869833
vt 0.206140 0.881231
vt 0.194361 0.872673
vt 0.200928 0.876019
vt 0.179801 0.872673
vt 0.187081 0.871520
vt 0.173234 0.876019
vt 0.225486 0.871520
vt 0.227823 0.868125
vt 0.239333 0.871520
vt 0.232053 0.871520
vt 0.245384 0.868125
vt 0.253180 0.871520
vt 0.246613 0.871520
vt 0.173234 0.914136
vt 0.168022 0.908925
vt 0.187081 0.918636
vt 0.179801 0.917483
vt 0.200928 0.914136
vt 0.194361 0.917483
vt 0.287201 0.873228
vt 0.289537 0.869833
vt 0.301048 0.873228
vt 0.293768 0.873228
vt 0.314895 0.873228
vt 0.309377 0.877204
vt 0.322853 0.877204
vt 0.316890 0.877204
vt 0.202924 0.873272
vt 0.187081 0.868125
vt 0.195410 0.869444
vt 0.178752 0.869444
vt 0.220274 0.871520
vt 0.223490 0.875495
vt 0.217527 0.875495
vt 0.231004 0.875495
vt 0.239333 0.875495
vt 0.247662 0.875495
vt 0.261138 0.875495
vt 0.255176 0.875495
vt 0.178752 0.920712
vt 0.171238 0.916883
vt 0.195410 0.920712
vt 0.187081 0.922031
vt 0.202924 0.916883
vt 0.279242 0.877204
vt 0.281989 0.873228
vt 0.292719 0.877204
vt 0.285205 0.877204
vt 0.301048 0.877204
vt 0.310221 0.881661
vt 0.325063 0.881661
vt 0.318496 0.881661
vt 0.196254 0.866846
vt 0.204529 0.871063
vt 0.187081 0.865393
vt 0.171238 0.873272
vt 0.177908 0.866846
vt 0.221885 0.879953
vt 0.215318 0.879953
vt 0.230160 0.879953
vt 0.248506 0.879953
vt 0.239333 0.879953
vt 0.256781 0.879953
vt 0.177908 0.923310
vt 0.169633 0.919093
vt 0.187081 0.924762
vt 0.204529 0.919093
vt 0.196254 0.923310
vt 0.277032 0.881661
vt 0.291875 0.881661
vt 0.283599 0.881661
vt 0.301048 0.881661
vt 0.310839 0.886491
vt 0.319672 0.886491
vt 0.310273 0.940830
vt 0.305443 0.931379
vt 0.310273 0.932555
vt 0.310273 0.950003
vt 0.305443 0.940212
vt 0.305443 0.959794
vt 0.305443 0.950003
vt 0.310273 0.959176
vt 0.305443 0.968627
vt 0.220709 0.884783
vt 0.213699 0.884783
vt 0.229542 0.884783
vt 0.239333 0.884783
vt 0.249124 0.884783
vt 0.263348 0.879953
vt 0.257957 0.884783
vt 0.243702 0.967451
vt 0.248532 0.959794
vt 0.248532 0.968627
vt 0.243702 0.950003
vt 0.243702 0.959176
vt 0.248532 0.940212
vt 0.248532 0.950003
vt 0.243702 0.932555
vt 0.243702 0.940830
vt 0.275414 0.886491
vt 0.282424 0.886491
vt 0.301048 0.886491
vt 0.291256 0.886491
vt 0.311216 0.891574
vt 0.327669 0.891574
vt 0.320389 0.891574
vt 0.300360 0.930662
vt 0.300360 0.950003
vt 0.300360 0.939835
vt 0.300360 0.969345
vt 0.300360 0.960171
vt 0.212712 0.889866
vt 0.229164 0.889866
vt 0.219991 0.889866
vt 0.239333 0.889866
vt 0.258674 0.889866
vt 0.249501 0.889866
vt 0.265954 0.889866
vt 0.253615 0.969344
vt 0.253615 0.960171
vt 0.253615 0.950003
vt 0.253615 0.930662
vt 0.253615 0.939835
vt 0.281706 0.891574
vt 0.274426 0.891574
vt 0.290879 0.891574
vt 0.301048 0.891574
vt 0.320630 0.896786
vt 0.311343 0.896786
vt 0.295148 0.930421
vt 0.295148 0.950003
vt 0.295148 0.939708
vt 0.295148 0.960298
vt 0.295148 0.969586
vt 0.219750 0.895078
vt 0.212380 0.895078
vt 0.229038 0.895078
vt 0.239333 0.895078
vt 0.249628 0.895078
vt 0.258915 0.895078
vt 0.258827 0.960298
vt 0.258827 0.969586
vt 0.258827 0.939708
vt 0.258827 0.950003
vt 0.281465 0.896786
vt 0.274095 0.896786
vt 0.290753 0.896786
vt 0.301048 0.896786
vt 0.311216 0.901998
vt 0.327669 0.901998
vt 0.320389 0.901998
vt 0.289937 0.939835
vt 0.289937 0.930662
vt 0.289937 0.950003
vt 0.289937 0.969345
vt 0.289937 0.960171
vt 0.219991 0.900290
vt 0.212712 0.900290
vt 0.229164 0.900290
vt 0.239333 0.900290
vt 0.249501 0.900290
vt 0.265954 0.900290
vt 0.258674 0.900290
vt 0.264039 0.960171
vt 0.264039 0.969344
vt 0.264039 0.950003
vt 0.264039 0.930662
vt 0.264039 0.939835
vt 0.274426 0.901998
vt 0.281706 0.901998
vt 0.301048 0.901998
vt 0.290879 0.901998
vt 0.319672 0.907081
vt 0.310839 0.907081
vt 0.326682 0.907081
vt 0.284853 0.931379
vt 0.284853 0.940212
vt 0.284853 0.959794
vt 0.284853 0.950003
vt 0.284853 0.968627
vt 0.220709 0.905373
vt 0.213699 0.905373
vt 0.239333 0.905373
vt 0.229542 0.905373
vt 0.249124 0.905373
vt 0.264967 0.905373
vt 0.257957 0.905373
vt 0.269122 0.959794
vt 0.269122 0.968627
vt 0.269122 0.940212
vt 0.269122 0.950003
vt 0.282424 0.907081
vt 0.275414 0.907081
vt 0.291256 0.907081
vt 0.301048 0.907081
vt 0.310221 0.911911
vt 0.325063 0.911911
vt 0.318496 0.911911
vt 0.280023 0.940830
vt 0.280023 0.932555
vt 0.280023 0.950003
vt 0.280023 0.959176
vt 0.215318 0.910203
vt 0.230160 0.910203
vt 0.221885 0.910203
vt 0.248506 0.910203
vt 0.239333 0.910203
vt 0.256781 0.910203
vt 0.273952 0.959176
vt 0.273952 0.967451
vt 0.273952 0.950003
vt 0.273952 0.932555
vt 0.273952 0.940830
vt 0.277032 0.911911
vt 0.291875 0.911911
vt 0.283599 0.911911
vt 0.301048 0.911911
vt 0.316890 0.916369
vt 0.309377 0.916369
vt 0.322853 0.916369
vt 0.364041 0.920758
vt 0.370711 0.914332
vt 0.372316 0.916542
vt 0.354868 0.922211
vt 0.363197 0.918160
vt 0.345695 0.920758
vt 0.354868 0.919479
vt 0.339025 0.914332
vt 0.346539 0.918160
vt 0.217527 0.914660
vt 0.231004 0.914660
vt 0.223490 0.914660
vt 0.239333 0.914660
vt 0.247662 0.914660
vt 0.261138 0.914660
vt 0.255176 0.914660
vt 0.345695 0.864294
vt 0.339025 0.870721
vt 0.337420 0.868511
vt 0.354868 0.865573
vt 0.346539 0.866892
vt 0.364041 0.864294
vt 0.354868 0.862842
vt 0.372316 0.868511
vt 0.363197 0.866892
vt 0.279242 0.916369
vt 0.285205 0.916369
vt 0.292719 0.916369
vt 0.301048 0.916369
vt 0.314895 0.920344
vt 0.308327 0.920344
vt 0.362148 0.914931
vt 0.368715 0.911585
vt 0.354868 0.916084
vt 0.341021 0.911585
vt 0.347588 0.914931
vt 0.225486 0.918636
vt 0.220274 0.918636
vt 0.232053 0.918636
vt 0.246613 0.918636
vt 0.239333 0.918636
vt 0.253180 0.918636
vt 0.258392 0.918636
vt 0.341021 0.873467
vt 0.354868 0.868968
vt 0.347588 0.870121
vt 0.362148 0.870121
vt 0.370711 0.870721
vt 0.287201 0.920344
vt 0.281989 0.920344
vt 0.293768 0.920344
vt 0.301048 0.920344
vt 0.312558 0.923739
vt 0.307099 0.923739
vt 0.370711 0.904037
vt 0.373927 0.906373
vt 0.360919 0.911150
vt 0.366378 0.908369
vt 0.348817 0.911150
vt 0.354868 0.912109
vt 0.335809 0.906373
vt 0.343358 0.908369
vt 0.227823 0.922031
vt 0.233282 0.922031
vt 0.245384 0.922031
vt 0.239333 0.922031
vt 0.250843 0.922031
vt 0.335809 0.878679
vt 0.343358 0.876684
vt 0.339025 0.881016
vt 0.348817 0.873902
vt 0.360919 0.873902
vt 0.354868 0.872944
vt 0.366378 0.876684
vt 0.368715 0.873467
vt 0.370711 0.881016
vt 0.294996 0.923739
vt 0.289537 0.923739
vt 0.301048 0.923739
vt 0.369253 0.897200
vt 0.373492 0.898578
vt 0.367104 0.901416
vt 0.359542 0.906911
vt 0.363758 0.904763
vt 0.354868 0.907651
vt 0.350194 0.906911
vt 0.339025 0.904037
vt 0.345978 0.904763
vt 0.336244 0.898578
vt 0.342632 0.901416
vt 0.234659 0.924762
vt 0.244007 0.924762
vt 0.239333 0.924762
vt 0.336244 0.886475
vt 0.342632 0.883636
vt 0.340483 0.887852
vt 0.345978 0.880290
vt 0.350194 0.878141
vt 0.354868 0.877401
vt 0.359542 0.878141
vt 0.363758 0.880290
vt 0.369253 0.887852
vt 0.367104 0.883636
vt 0.296374 0.926471
vt 0.305722 0.926471
vt 0.301048 0.926471
vt 0.363197 0.898578
vt 0.364659 0.895708
vt 0.360919 0.900855
vt 0.358049 0.902317
vt 0.351687 0.902317
vt 0.354868 0.902821
vt 0.348817 0.900855
vt 0.345077 0.895708
vt 0.346539 0.898578
vt 0.340483 0.897200
vt 0.344573 0.892526
vt 0.339743 0.892526
vt 0.345077 0.889345
vt 0.348817 0.884197
vt 0.346539 0.886475
vt 0.351687 0.882735
vt 0.354868 0.882231
vt 0.358049 0.882735
vt 0.360919 0.884197
vt 0.363197 0.886475
vt 0.369993 0.892526
vt 0.364659 0.889345
vt 0.365163 0.892526
vt 0.359084 0.895590
vt 0.359825 0.894137
vt 0.357931 0.896743
vt 0.354868 0.897738
vt 0.356479 0.897483
vt 0.353257 0.897483
vt 0.351805 0.896743
vt 0.350652 0.895590
vt 0.349911 0.894137
vt 0.349911 0.890916
vt 0.349656 0.892526
vt 0.351805 0.888310
vt 0.350652 0.889463
vt 0.353257 0.887569
vt 0.354868 0.887314
vt 0.356479 0.887569
vt 0.359084 0.889463
vt 0.357931 0.888310
vt 0.359825 0.890916
vt 0.360080 0.892526
vt 0.187081 0.895078
vt 0.354868 0.892526
vt 0.448916 0.536314
vt 0.421440 0.540250
vt 0.447577 0.528292
vt 0.421226 0.531891
vt 0.446147 0.519418
vt 0.421013 0.523531
vt 0.444747 0.510566
vt 0.420820 0.515990
vt 0.443488 0.502605
vt 0.420667 0.510005
vt 0.442476 0.496311
vt 0.136753 0.661075
vt 0.128090 0.670926
vt 0.128678 0.657026
vt 0.119727 0.669602
vt 0.119727 0.655627
vt 0.110776 0.657026
vt 0.111365 0.670926
vt 0.102702 0.661075
vt 0.103821 0.674769
vt 0.530274 0.438556
vt 0.507453 0.431156
vt 0.507606 0.425171
vt 0.531533 0.430595
vt 0.507799 0.417630
vt 0.532933 0.421743
vt 0.508013 0.409270
vt 0.534363 0.412869
vt 0.508226 0.400911
vt 0.535703 0.404847
vt 0.508419 0.393369
vt 0.794414 0.959524
vt 0.766005 0.964391
vt 0.766158 0.958404
vt 0.795206 0.951449
vt 0.766256 0.950860
vt 0.795488 0.942498
vt 0.766290 0.942498
vt 0.766256 0.934135
vt 0.795206 0.933547
vt 0.766158 0.926592
vt 0.794414 0.925472
vt 0.766005 0.920605
vt 0.793289 0.919064
vt 0.594240 0.514191
vt 0.605334 0.439056
vt 0.598354 0.522214
vt 0.481142 0.451011
vt 0.475307 0.448608
vt 0.469495 0.446194
vt 0.136182 0.608788
vt 0.143161 0.667369
vt 0.131682 0.607082
vt 0.126012 0.605987
vt 0.113442 0.605987
vt 0.119727 0.605607
vt 0.107772 0.607082
vt 0.103273 0.608788
vt 0.556281 0.494967
vt 0.551054 0.497137
vt 0.562093 0.492553
vt 0.567928 0.490150
vt 0.649336 0.514191
vt 0.638243 0.439056
vt 0.641132 0.436911
vt 0.645222 0.522214
vt 0.633743 0.440727
vt 0.638814 0.528598
vt 0.628073 0.441767
vt 0.630739 0.532720
vt 0.621788 0.442120
vt 0.612837 0.532720
vt 0.621788 0.534141
vt 0.604762 0.528598
vt 0.615503 0.441767
vt 0.609833 0.440727
vt 0.500552 0.396960
vt 0.486435 0.453156
vt 0.494900 0.396138
vt 0.488660 0.395193
vt 0.464268 0.444024
vt 0.482441 0.394233
vt 0.136182 0.558134
vt 0.131682 0.557462
vt 0.126012 0.557033
vt 0.113442 0.557033
vt 0.119727 0.556883
vt 0.107772 0.557462
vt 0.103273 0.558134
vt 0.569227 0.546928
vt 0.563634 0.547792
vt 0.575447 0.545968
vt 0.581687 0.545023
vt 0.587338 0.544201
vt 0.633743 0.383475
vt 0.638243 0.382860
vt 0.628073 0.383828
vt 0.615503 0.383828
vt 0.621788 0.383944
vt 0.609833 0.383475
vt 0.870027 0.711340
vt 0.852011 0.790931
vt 0.322910 0.930421
vt 0.885928 0.850078
vt 0.189888 0.928712
vt 0.987579 0.804843
vt 0.756984 0.601852
vt 0.827146 0.797367
vt 0.772174 0.724553
vt 0.823728 0.917278
vt 0.297825 0.557079
vt 0.358273 0.623586
vt 0.205705 0.901129
vt 0.168022 0.881231
vt 0.250843 0.868125
vt 0.206140 0.908925
vt 0.320106 0.873228
vt 0.258392 0.871520
vt 0.169633 0.871063
vt 0.326682 0.886491
vt 0.310273 0.967451
vt 0.264967 0.884783
vt 0.248532 0.931379
vt 0.328001 0.896786
vt 0.266286 0.895078
vt 0.258827 0.930421
vt 0.269122 0.931379
vt 0.280023 0.967451
vt 0.263348 0.910203
vt 0.337420 0.916542
vt 0.320106 0.920344
vt 0.373927 0.878679
vt 0.373492 0.886475
vt 0.421633 0.547791
vt 0.135633 0.674769
vt 0.529262 0.444850
vt 0.793289 0.965932
vt 0.602445 0.436911
vt 0.096293 0.667369
vt 0.476848 0.393369
vt 0.573221 0.488005
vt 0.605334 0.382860
s 1
usemtl lambert1
f 13/1/1 11/2/2 10/3/2
f 14/4/3 11/2/3 15/5/4
f 11/2/5 16/6/5 15/5/5
f 18/7/6 11/2/7 12/8/7
f 8/9/8 1/10/9 5/11/8
f 3/12/10 8/9/10 5/11/10
f 8/9/11 4/13/11 6/14/11
f 8/9/12 2/15/12 9/16/12
f 9/17/13 13/18/13 1/19/14
f 13/20/15 5/11/16 1/10/15
f 14/21/17 7/22/18 3/23/18
f 5/11/16 14/24/19 3/12/19
f 15/25/20 4/26/21 7/27/22
f 16/28/23 6/29/24 4/26/21
f 6/29/25 18/30/26 2/31/27
f 2/31/27 12/32/28 9/33/29
f 31/34/30 29/35/31 28/36/31
f 32/37/32 29/35/33 33/38/33
f 29/35/34 34/39/34 33/38/34
f 36/40/35 29/35/35 30/41/35
f 26/42/36 19/43/37 23/44/37
f 21/45/38 26/42/39 23/44/39
f 26/42/40 22/46/40 24/47/40
f 26/42/41 20/48/41 27/49/41
f 27/50/42 31/51/43 19/52/43
f 31/53/44 23/54/45 19/55/44
f 32/56/46 25/57/46 21/58/46
f 23/54/45 32/59/47 21/60/47
f 25/61/48 34/62/49 22/46/50
f 34/62/49 24/47/51 22/46/50
f 24/47/52 36/63/53 20/48/54
f 36/64/53 27/50/55 20/65/54
f 38/66/56 57/67/57 37/68/58
f 38/66/56 59/69/59 58/70/60
f 40/71/61 59/69/59 39/72/62
f 40/71/61 61/73/63 60/74/64
f 42/75/65 61/73/63 41/76/66
f 42/75/65 63/77/67 62/78/68
f 44/79/69 63/77/67 43/80/70
f 45/81/71 64/82/72 44/79/69
f 45/81/71 66/83/73 65/84/74
f 47/85/75 66/83/73 46/86/76
f 47/85/75 68/87/77 67/88/78
f 49/89/79 68/87/77 48/90/80
f 50/91/81 69/92/82 49/89/79
f 51/93/83 70/94/84 50/91/81
f 51/93/83 72/95/85 71/96/86
f 53/97/87 72/95/85 52/98/88
f 54/99/89 73/100/90 53/97/87
f 55/101/91 74/102/92 54/99/89
f 55/101/91 76/103/93 75/104/94
f 37/68/58 76/103/93 56/105/95
f 58/70/60 77/106/96 57/67/57
f 58/70/60 79/107/97 78/108/98
f 60/74/64 79/107/97 59/69/59
f 60/74/64 81/109/99 80/110/100
f 62/78/68 81/109/99 61/73/63
f 62/78/68 83/111/101 82/112/102
f 64/82/72 83/111/101 63/77/67
f 65/84/74 84/113/103 64/82/72
f 66/83/73 85/114/104 65/84/74
f 66/83/73 87/115/105 86/116/106
f 67/88/78 88/117/107 87/115/105
f 69/92/82 88/117/107 68/87/77
f 70/94/84 89/118/108 69/92/82
f 71/96/86 90/119/109 70/94/84
f 71/96/86 92/120/110 91/121/111
f 72/95/85 93/122/112 92/120/110
f 73/100/90 94/123/113 93/122/112
f 74/102/92 95/124/114 94/123/113
f 75/104/94 96/125/115 95/124/114
f 57/67/57 96/125/115 76/103/93
f 78/108/98 97/126/116 77/106/96
f 78/108/98 99/127/117 98/128/118
f 80/110/100 99/127/117 79/107/97
f 80/110/100 101/129/119 100/130/120
f 82/112/102 101/129/119 81/109/99
f 82/112/102 103/131/121 102/132/122
f 83/111/101 104/133/123 103/131/121
f 84/113/103 105/134/124 104/133/123
f 85/135/104 106/136/125 105/137/124
f 87/138/105 106/136/125 86/139/106
f 87/115/105 108/140/126 107/141/127
f 88/117/107 109/142/128 108/140/126
f 90/119/109 109/142/128 89/118/108
f 91/121/111 110/143/129 90/119/109
f 92/120/110 111/144/130 91/121/111
f 92/120/110 113/145/131 112/146/132
f 93/122/112 114/147/133 113/145/131
f 95/124/114 114/147/133 94/123/113
f 96/148/115 115/149/134 95/150/114
f 77/151/96 116/152/135 96/148/115
f 98/153/118 117/154/136 97/155/116
f 99/127/117 118/156/137 98/128/118
f 99/127/117 120/157/138 119/158/139
f 101/129/119 120/157/138 100/130/120
f 101/129/119 122/159/140 121/160/141
f 102/132/122 123/161/142 122/159/140
f 104/133/123 123/161/142 103/131/121
f 105/137/124 124/162/143 104/163/123
f 105/137/124 126/164/144 125/165/145
f 107/166/127 126/164/144 106/136/125
f 107/166/127 128/167/146 127/168/147
f 108/140/126 129/169/148 128/170/146
f 110/143/129 129/169/148 109/142/128
f 110/143/129 131/171/149 130/172/150
f 112/146/132 131/171/149 111/144/130
f 112/146/132 133/173/151 132/174/152
f 114/147/133 133/173/151 113/145/131
f 115/149/134 134/175/153 114/176/133
f 115/149/134 136/177/154 135/178/155
f 97/155/116 136/177/154 116/152/135
f 118/179/137 137/180/156 117/154/136
f 118/179/137 139/181/157 138/182/158
f 120/157/138 139/183/157 119/158/139
f 120/157/138 141/184/159 140/185/160
f 121/160/141 142/186/161 141/184/159
f 123/161/142 142/186/161 122/159/140
f 123/187/142 144/188/162 143/189/163
f 124/162/143 145/190/164 144/188/162
f 125/165/145 146/191/165 145/190/164
f 127/168/147 146/191/165 126/164/144
f 128/167/146 147/192/166 127/168/147
f 128/167/146 149/193/167 148/194/168
f 129/169/148 150/195/169 149/196/167
f 131/171/149 150/195/169 130/172/150
f 131/171/149 152/197/170 151/198/171
f 132/174/152 153/199/172 152/197/170
f 134/175/153 153/200/172 133/201/151
f 134/175/153 155/202/173 154/203/174
f 136/177/154 155/202/173 135/178/155
f 117/154/136 156/204/175 136/177/154
f 138/182/158 157/205/176 137/180/156
f 138/182/158 159/206/177 158/207/178
f 139/183/157 160/208/179 159/209/177
f 140/185/160 161/210/180 160/208/179
f 142/186/161 161/210/180 141/184/159
f 143/211/163 162/212/181 142/186/161
f 143/189/163 164/213/182 163/214/183
f 145/190/164 164/213/182 144/188/162
f 146/191/165 165/215/184 145/190/164
f 146/191/165 167/216/185 166/217/186
f 147/192/166 168/218/187 167/216/185
f 149/193/167 168/218/187 148/194/168
f 149/196/167 170/219/188 169/220/189
f 150/195/169 171/221/190 170/219/188
f 152/197/170 171/221/190 151/198/171
f 152/197/170 173/222/191 172/223/192
f 154/203/174 173/224/191 153/200/172
f 154/203/174 175/225/193 174/226/194
f 155/202/173 176/227/195 175/225/193
f 137/180/156 176/227/195 156/204/175
f 158/207/178 177/228/196 157/205/176
f 159/206/177 178/229/197 158/207/178
f 160/230/179 179/231/198 159/232/177
f 161/233/180 180/234/199 160/230/179
f 161/233/180 182/235/200 181/236/201
f 162/237/181 183/238/202 182/235/200
f 163/214/183 184/239/203 183/240/202
f 164/213/182 185/241/204 184/239/203
f 165/215/184 186/242/205 185/241/204
f 167/216/185 186/242/205 166/217/186
f 168/218/187 187/243/206 167/216/185
f 169/244/189 188/245/207 168/218/187
f 169/246/189 190/247/208 189/248/209
f 171/249/190 190/247/208 170/250/188
f 171/249/190 192/251/210 191/252/211
f 173/253/191 192/251/210 172/254/192
f 174/226/194 193/255/212 173/224/191
f 175/225/193 194/256/213 174/226/194
f 175/225/193 196/257/214 195/258/215
f 176/227/195 177/228/196 196/257/214
f 178/229/197 197/259/216 177/228/196
f 178/229/197 199/260/217 198/261/218
f 180/234/199 199/262/217 179/231/198
f 180/234/199 201/263/219 200/264/220
f 182/235/200 201/263/219 181/236/201
f 182/235/200 203/265/221 202/266/222
f 184/239/203 203/267/221 183/240/202
f 184/239/203 205/268/223 204/269/224
f 185/241/204 206/270/225 205/268/223
f 187/243/206 206/270/225 186/242/205
f 187/243/206 208/271/226 207/272/227
f 188/245/207 209/273/228 208/271/226
f 190/247/208 209/274/228 189/248/209
f 191/252/211 210/275/229 190/247/208
f 192/251/210 211/276/230 191/252/211
f 192/251/210 213/277/231 212/278/232
f 193/255/212 214/279/233 213/280/231
f 194/256/213 215/281/234 214/279/233
f 196/257/214 215/281/234 195/258/215
f 177/228/196 216/282/235 196/257/214
f 197/259/216 218/283/236 217/284/237
f 199/260/217 218/283/236 198/261/218
f 200/264/220 219/285/238 199/262/217
f 200/264/220 221/286/239 220/287/240
f 201/263/219 222/288/241 221/286/239
f 202/266/222 223/289/242 222/288/241
f 203/267/221 224/290/243 223/291/242
f 205/268/223 224/290/243 204/269/224
f 206/270/225 225/292/244 205/268/223
f 207/272/227 226/293/245 206/270/225
f 208/271/226 227/294/246 207/272/227
f 209/273/228 228/295/247 208/271/226
f 209/274/228 230/296/248 229/297/249
f 211/276/230 230/296/248 210/275/229
f 211/276/230 232/298/250 231/299/251
f 213/277/231 232/298/250 212/278/232
f 213/280/231 234/300/252 233/301/253
f 214/279/233 235/302/254 234/300/252
f 216/282/235 235/302/254 215/281/234
f 216/282/235 217/284/237 236/303/255
f 218/283/236 237/304/256 217/284/237
f 218/283/236 239/305/257 238/306/258
f 219/285/238 240/307/259 239/308/257
f 221/286/239 240/307/259 220/287/240
f 222/288/241 241/309/260 221/286/239
f 222/288/241 243/310/261 242/311/262
f 223/291/242 244/312/263 243/313/261
f 225/292/244 244/312/263 224/290/243
f 226/293/245 245/314/264 225/292/244
f 227/294/246 246/315/265 226/293/245
f 228/295/247 247/316/266 227/294/246
f 228/295/247 249/317/267 248/318/268
f 229/297/249 250/319/269 249/320/267
f 230/296/248 251/321/270 250/319/269
f 232/298/250 251/321/270 231/299/251
f 232/298/250 253/322/271 252/323/272
f 234/300/252 253/324/271 233/301/253
f 235/302/254 254/325/273 234/300/252
f 235/302/254 256/326/274 255/327/275
f 217/284/237 256/326/274 236/303/255
f 237/304/256 258/328/276 257/329/277
f 238/306/258 259/330/278 258/328/276
f 240/307/259 259/331/278 239/308/257
f 241/309/260 260/332/279 240/307/259
f 241/309/260 262/333/280 261/334/281
f 242/311/262 263/335/282 262/333/280
f 243/313/261 264/336/283 263/337/282
f 245/314/264 264/336/283 244/312/263
f 245/314/264 266/338/284 265/339/285
f 247/316/266 266/338/284 246/315/265
f 248/318/268 267/340/286 247/316/266
f 248/318/268 269/341/287 268/342/288
f 249/320/267 270/343/289 269/344/287
f 251/321/270 270/343/289 250/319/269
f 251/321/270 272/345/290 271/346/291
f 253/322/271 272/345/290 252/323/272
f 253/324/271 274/347/292 273/348/293
f 255/327/275 274/347/292 254/325/273
f 256/326/274 275/349/294 255/327/275
f 256/326/274 257/329/277 276/350/295
f 258/328/276 277/351/296 257/329/277
f 258/328/276 279/352/297 278/353/298
f 259/331/278 280/354/299 279/355/297
f 260/332/279 281/356/300 280/354/299
f 262/333/280 281/356/300 261/334/281
f 263/335/282 282/357/301 262/333/280
f 264/336/283 283/358/302 263/337/282
f 264/336/283 285/359/303 284/360/304
f 266/338/284 285/359/303 265/339/285
f 266/338/284 287/361/305 286/362/306
f 268/342/288 287/361/305 267/340/286
f 269/341/287 288/363/307 268/342/288
f 269/344/287 290/364/308 289/365/309
f 271/346/291 290/364/308 270/343/289
f 272/345/290 291/366/310 271/346/291
f 272/345/290 293/367/311 292/368/312
f 274/347/292 293/369/311 273/348/293
f 274/347/292 295/370/313 294/371/314
f 275/349/294 296/372/315 295/370/313
f 276/350/295 277/351/296 296/372/315
f 277/351/296 298/373/316 297/374/317
f 278/353/298 299/375/318 298/373/316
f 280/376/299 299/377/318 279/378/297
f 281/379/300 300/380/319 280/376/299
f 282/381/301 301/382/320 281/379/300
f 282/381/301 303/383/321 302/384/322
f 284/360/304 303/385/321 283/358/302
f 284/360/304 305/386/323 304/387/324
f 286/362/306 305/386/323 285/359/303
f 287/361/305 306/388/325 286/362/306
f 288/363/307 307/389/326 287/361/305
f 288/363/307 309/390/327 308/391/328
f 290/392/308 309/393/327 289/394/309
f 290/392/308 311/395/329 310/396/330
f 292/397/312 311/395/329 291/398/310
f 293/399/311 312/400/331 292/397/312
f 294/371/314 313/401/332 293/369/311
f 295/370/313 314/402/333 294/371/314
f 296/372/315 315/403/334 295/370/313
f 296/372/315 297/374/317 316/404/335
f 297/374/317 318/405/336 317/406/337
f 299/375/318 318/405/336 298/373/316
f 299/377/318 320/407/338 319/408/339
f 300/380/319 321/409/340 320/407/338
f 302/384/322 321/409/340 301/382/320
f 302/384/322 323/410/341 322/411/342
f 303/385/321 324/412/343 323/413/341
f 305/386/323 324/412/343 304/387/324
f 306/388/325 325/414/344 305/386/323
f 306/388/325 327/415/345 326/416/346
f 307/389/326 328/417/347 327/415/345
f 308/391/328 329/418/348 328/417/347
f 310/396/330 329/419/348 309/393/327
f 310/396/330 331/420/349 330/421/350
f 311/395/329 332/422/351 331/420/349
f 313/423/332 332/422/351 312/400/331
f 313/401/332 334/424/352 333/425/353
f 314/402/333 335/426/354 334/424/352
f 316/404/335 335/426/354 315/403/334
f 316/404/335 317/406/337 336/427/355
f 317/406/337 338/428/356 337/429/357
f 319/408/339 338/430/356 318/431/336
f 319/408/339 340/432/358 339/433/359
f 321/409/340 340/432/358 320/407/338
f 321/409/340 342/434/360 341/435/361
f 323/410/341 342/434/360 322/411/342
f 324/436/343 343/437/362 323/410/341
f 325/414/344 344/438/363 324/412/343
f 326/416/346 345/439/364 325/414/344
f 326/416/346 347/440/365 346/441/366
f 327/415/345 348/442/367 347/440/365
f 328/443/347 349/444/368 348/445/367
f 329/419/348 350/446/369 349/444/368
f 331/420/349 350/446/369 330/421/350
f 331/420/349 352/447/370 351/448/371
f 332/422/351 353/449/372 352/447/370
f 333/450/353 354/451/373 353/449/372
f 334/424/352 355/452/374 354/453/373
f 335/426/354 356/454/375 355/452/374
f 336/427/355 337/429/357 356/454/375
f 338/430/356 357/455/376 337/456/357
f 339/433/359 358/457/377 338/430/356
f 339/433/359 360/458/378 359/459/379
f 340/432/358 361/460/380 360/458/378
f 341/435/361 362/461/381 361/460/380
f 343/437/362 362/461/381 342/434/360
f 344/462/363 363/463/382 343/437/362
f 345/464/364 364/465/383 344/462/363
f 346/441/366 365/466/384 345/439/364
f 346/441/366 367/467/385 366/468/386
f 347/469/365 368/470/387 367/471/385
f 349/444/368 368/470/387 348/445/367
f 350/446/369 369/472/388 349/444/368
f 351/448/371 370/473/389 350/446/369
f 352/447/370 371/474/390 351/448/371
f 353/449/372 372/475/391 352/447/370
f 354/451/373 373/476/392 353/449/372
f 354/451/373 375/477/393 374/478/394
f 356/454/375 375/479/393 355/452/374
f 356/454/375 357/480/376 376/481/395
f 357/455/376 378/482/396 377/483/397
f 359/459/379 378/482/396 358/457/377
f 360/458/378 379/484/398 359/459/379
f 361/460/380 380/485/399 360/458/378
f 361/460/380 382/486/400 381/487/401
f 363/463/382 382/486/400 362/461/381
f 364/465/383 383/488/402 363/463/382
f 364/465/383 385/489/403 384/490/404
f 365/491/384 386/492/405 385/489/403
f 367/471/385 386/492/405 366/493/386
f 368/470/387 387/494/406 367/471/385
f 368/470/387 389/495/407 388/496/408
f 369/472/388 390/497/409 389/495/407
f 371/474/390 390/497/409 370/473/389
f 372/475/391 391/498/410 371/474/390
f 373/476/392 392/499/411 372/475/391
f 374/478/394 393/500/412 373/476/392
f 375/477/393 394/501/413 374/478/394
f 376/502/395 395/503/414 375/477/393
f 376/502/395 377/483/397 396/504/415
f 377/483/397 398/505/416 397/506/417
f 379/484/398 398/505/416 378/482/396
f 380/485/399 399/507/418 379/484/398
f 380/485/399 401/508/419 400/509/420
f 381/487/401 402/510/421 401/508/419
f 382/486/400 403/511/422 402/510/421
f 384/490/404 403/511/422 383/488/402
f 385/489/403 404/512/423 384/490/404
f 386/492/405 405/513/424 385/489/403
f 386/492/405 407/514/425 406/515/426
f 388/496/408 407/514/425 387/494/406
f 388/496/408 409/516/427 408/517/428
f 389/495/407 410/518/429 409/516/427
f 390/497/409 411/519/430 410/518/429
f 392/499/411 411/519/430 391/498/410
f 393/500/412 412/520/431 392/499/411
f 393/500/412 414/521/432 413/522/433
f 395/503/414 414/521/432 394/501/413
f 396/504/415 415/523/434 395/503/414
f 396/504/415 397/506/417 416/524/435
f 38/66/56 37/68/58 417/525/436
f 39/72/62 38/66/56 417/525/436
f 40/71/61 39/72/62 417/525/436
f 41/76/66 40/71/61 417/525/436
f 42/75/65 41/76/66 417/525/436
f 43/80/70 42/75/65 417/525/436
f 44/79/69 43/80/70 417/525/436
f 45/81/71 44/79/69 417/525/436
f 46/86/76 45/81/71 417/525/436
f 47/85/75 46/86/76 417/525/436
f 48/90/80 47/85/75 417/525/436
f 49/89/79 48/90/80 417/525/436
f 50/91/81 49/89/79 417/525/436
f 51/93/83 50/91/81 417/525/436
f 52/98/88 51/93/83 417/525/436
f 53/97/87 52/98/88 417/525/436
f 54/99/89 53/97/87 417/525/436
f 55/101/91 54/99/89 417/525/436
f 56/105/95 55/101/91 417/525/436
f 37/68/58 56/105/95 417/525/436
f 397/506/417 398/505/416 418/526/437
f 398/505/416 399/507/418 418/526/437
f 399/507/418 400/509/420 418/526/437
f 400/509/420 401/508/419 418/526/437
f 401/508/419 402/510/421 418/526/437
f 402/510/421 403/511/422 418/526/437
f 403/511/422 404/512/423 418/526/437
f 404/512/423 405/513/424 418/526/437
f 405/513/424 406/515/426 418/526/437
f 406/515/426 407/514/425 418/526/437
f 407/514/425 408/517/428 418/526/437
f 408/517/428 409/516/427 418/526/437
f 409/516/427 410/518/429 418/526/437
f 410/518/429 411/519/430 418/526/437
f 411/519/430 412/520/431 418/526/437
f 412/520/431 413/522/433 418/526/437
f 413/522/433 414/521/432 418/526/437
f 414/521/432 415/523/434 418/526/437
f 415/523/434 416/524/435 418/526/437
f 416/524/435 397/506/417 418/526/437
f 439/527/438 434/528/439 440/529/440
f 440/529/440 433/530/441 441/531/442
f 441/531/442 432/532/443 442/533/444
f 442/533/444 431/534/445 443/535/446
f 443/535/446 430/536/447 444/537/448
f 444/538/448 429/539/449 445/540/450
f 445/540/450 428/541/451 446/542/452
f 447/543/453 428/541/451 427/544/454
f 448/545/455 427/544/454 426/546/456
f 449/547/457 426/548/456 425/549/458
f 450/550/459 425/549/458 424/551/460
f 451/552/461 424/551/460 423/553/462
f 452/554/463 423/553/462 422/555/464
f 453/556/465 422/555/464 421/557/466
f 454/558/467 421/559/466 420/560/468
f 455/561/469 420/560/468 419/562/470
f 456/563/471 419/562/470 438/564/472
f 456/563/471 437/565/473 457/566/474
f 457/566/474 436/567/475 458/568/476
f 458/568/476 435/569/477 439/570/438
f 440/571/440 459/572/478 439/573/438
f 441/531/442 460/574/479 440/529/440
f 442/533/444 461/575/480 441/531/442
f 443/535/446 462/576/481 442/533/444
f 444/538/448 463/577/482 443/578/446
f 445/540/450 464/579/483 444/538/448
f 446/542/452 465/580/484 445/540/450
f 446/542/452 467/581/485 466/582/486
f 447/543/453 468/583/487 467/581/485
f 448/545/455 469/584/488 468/583/487
f 449/547/457 470/585/489 469/586/488
f 450/550/459 471/587/490 470/585/489
f 451/552/461 472/588/491 471/587/490
f 452/589/463 473/590/492 472/591/491
f 453/592/465 474/593/493 473/590/492
f 454/594/467 475/595/494 474/593/493
f 455/596/469 476/597/495 475/595/494
f 457/598/474 476/597/495 456/599/471
f 458/600/476 477/601/496 457/598/474
f 439/573/438 478/602/497 458/600/476
f 460/574/479 479/603/498 459/604/478
f 461/575/480 480/605/499 460/574/479
f 462/576/481 481/606/500 461/575/480
f 463/607/482 482/608/501 462/576/481
f 464/579/483 483/609/502 463/577/482
f 465/580/484 484/610/503 464/579/483
f 466/582/486 485/611/504 465/580/484
f 466/582/486 487/612/505 486/613/506
f 467/581/485 488/614/507 487/612/505
f 468/583/487 489/615/508 488/614/507
f 469/586/488 490/616/509 489/617/508
f 470/585/489 491/618/510 490/616/509
f 471/587/490 492/619/511 491/618/510
f 472/588/491 493/620/512 492/619/511
f 473/590/492 494/621/513 493/622/512
f 475/595/494 494/621/513 474/593/493
f 476/597/495 495/623/514 475/595/494
f 476/597/495 497/624/515 496/625/516
f 477/601/496 498/626/517 497/624/515
f 459/572/478 498/626/517 478/602/497
f 13/1/1 12/8/1 11/2/2
f 14/4/3 10/3/3 11/2/3
f 11/2/5 17/627/5 16/6/5
f 18/7/6 17/627/7 11/2/7
f 8/9/8 9/16/9 1/10/9
f 3/12/10 7/628/10 8/9/10
f 8/9/11 7/628/11 4/13/11
f 8/9/12 6/14/518 2/15/12
f 9/17/13 12/629/13 13/18/13
f 13/20/15 10/630/16 5/11/16
f 14/21/17 15/631/18 7/22/18
f 5/11/16 10/630/16 14/24/19
f 15/25/20 16/28/23 4/26/21
f 16/28/23 17/632/24 6/29/24
f 6/29/25 17/632/25 18/30/26
f 2/31/27 18/30/26 12/32/28
f 31/34/30 30/41/31 29/35/31
f 32/37/32 28/36/33 29/35/33
f 29/35/34 35/633/34 34/39/34
f 36/40/35 35/633/35 29/35/35
f 26/42/36 27/49/37 19/43/37
f 21/45/38 25/61/39 26/42/39
f 26/42/40 25/61/519 22/46/40
f 26/42/41 24/47/520 20/48/41
f 27/50/42 30/634/43 31/51/43
f 31/53/44 28/635/45 23/54/45
f 32/56/46 33/636/46 25/57/46
f 23/54/45 28/635/45 32/59/47
f 25/61/48 33/637/521 34/62/49
f 34/62/49 35/638/51 24/47/51
f 24/47/52 35/638/522 36/63/53
f 36/64/53 30/634/523 27/50/55
f 38/66/56 58/70/60 57/67/57
f 38/66/56 39/72/62 59/69/59
f 40/71/61 60/74/64 59/69/59
f 40/71/61 41/76/66 61/73/63
f 42/75/65 62/78/68 61/73/63
f 42/75/65 43/80/70 63/77/67
f 44/79/69 64/82/72 63/77/67
f 45/81/71 65/84/74 64/82/72
f 45/81/71 46/86/76 66/83/73
f 47/85/75 67/88/78 66/83/73
f 47/85/75 48/90/80 68/87/77
f 49/89/79 69/92/82 68/87/77
f 50/91/81 70/94/84 69/92/82
f 51/93/83 71/96/86 70/94/84
f 51/93/83 52/98/88 72/95/85
f 53/97/87 73/100/90 72/95/85
f 54/99/89 74/102/92 73/100/90
f 55/101/91 75/104/94 74/102/92
f 55/101/91 56/105/95 76/103/93
f 37/68/58 57/67/57 76/103/93
f 58/70/60 78/108/98 77/106/96
f 58/70/60 59/69/59 79/107/97
f 60/74/64 80/110/100 79/107/97
f 60/74/64 61/73/63 81/109/99
f 62/78/68 82/112/102 81/109/99
f 62/78/68 63/77/67 83/111/101
f 64/82/72 84/113/103 83/111/101
f 65/84/74 85/114/104 84/113/103
f 66/83/73 86/116/106 85/114/104
f 66/83/73 67/88/78 87/115/105
f 67/88/78 68/87/77 88/117/107
f 69/92/82 89/118/108 88/117/107
f 70/94/84 90/119/109 89/118/108
f 71/96/86 91/121/111 90/119/109
f 71/96/86 72/95/85 92/120/110
f 72/95/85 73/100/90 93/122/112
f 73/100/90 74/102/92 94/123/113
f 74/102/92 75/104/94 95/124/114
f 75/104/94 76/103/93 96/125/115
f 57/67/57 77/106/96 96/125/115
f 78/108/98 98/128/118 97/126/116
f 78/108/98 79/107/97 99/127/117
f 80/110/100 100/130/120 99/127/117
f 80/110/100 81/109/99 101/129/119
f 82/112/102 102/132/122 101/129/119
f 82/112/102 83/111/101 103/131/121
f 83/111/101 84/113/103 104/133/123
f 84/113/103 85/114/104 105/134/124
f 85/135/104 86/139/106 106/136/125
f 87/138/105 107/166/127 106/136/125
f 87/115/105 88/117/107 108/140/126
f 88/117/107 89/118/108 109/142/128
f 90/119/109 110/143/129 109/142/128
f 91/121/111 111/144/130 110/143/129
f 92/120/110 112/146/132 111/144/130
f 92/120/110 93/122/112 113/145/131
f 93/122/112 94/123/113 114/147/133
f 95/124/114 115/639/134 114/147/133
f 96/148/115 116/152/135 115/149/134
f 77/151/96 97/155/116 116/152/135
f 98/153/118 118/179/137 117/154/136
f 99/127/117 119/158/139 118/156/137
f 99/127/117 100/130/120 120/157/138
f 101/129/119 121/160/141 120/157/138
f 101/129/119 102/132/122 122/159/140
f 102/132/122 103/131/121 123/161/142
f 104/133/123 124/640/143 123/161/142
f 105/137/124 125/165/145 124/162/143
f 105/137/124 106/136/125 126/164/144
f 107/166/127 127/168/147 126/164/144
f 107/166/127 108/641/126 128/167/146
f 108/140/126 109/142/128 129/169/148
f 110/143/129 130/172/150 129/169/148
f 110/143/129 111/144/130 131/171/149
f 112/146/132 132/174/152 131/171/149
f 112/146/132 113/145/131 133/173/151
f 114/147/133 134/642/153 133/173/151
f 115/149/134 135/178/155 134/175/153
f 115/149/134 116/152/135 136/177/154
f 97/155/116 117/154/136 136/177/154
f 118/179/137 138/182/158 137/180/156
f 118/179/137 119/643/139 139/181/157
f 120/157/138 140/185/160 139/183/157
f 120/157/138 121/160/141 141/184/159
f 121/160/141 122/159/140 142/186/161
f 123/161/142 143/211/163 142/186/161
f 123/187/142 124/162/143 144/188/162
f 124/162/143 125/165/145 145/190/164
f 125/165/145 126/164/144 146/191/165
f 127/168/147 147/192/166 146/191/165
f 128/167/146 148/194/168 147/192/166
f 128/167/146 129/644/148 149/193/167
f 129/169/148 130/172/150 150/195/169
f 131/171/149 151/198/171 150/195/169
f 131/171/149 132/174/152 152/197/170
f 132/174/152 133/173/151 153/199/172
f 134/175/153 154/203/174 153/200/172
f 134/175/153 135/178/155 155/202/173
f 136/177/154 156/204/175 155/202/173
f 117/154/136 137/180/156 156/204/175
f 138/182/158 158/207/178 157/205/176
f 138/182/158 139/181/157 159/206/177
f 139/183/157 140/185/160 160/208/179
f 140/185/160 141/184/159 161/210/180
f 142/186/161 162/212/181 161/210/180
f 143/211/163 163/645/183 162/212/181
f 143/189/163 144/188/162 164/213/182
f 145/190/164 165/215/184 164/213/182
f 146/191/165 166/217/186 165/215/184
f 146/191/165 147/192/166 167/216/185
f 147/192/166 148/194/168 168/218/187
f 149/193/167 169/244/189 168/218/187
f 149/196/167 150/195/169 170/219/188
f 150/195/169 151/198/171 171/221/190
f 152/197/170 172/223/192 171/221/190
f 152/197/170 153/199/172 173/222/191
f 154/203/174 174/226/194 173/224/191
f 154/203/174 155/202/173 175/225/193
f 155/202/173 156/204/175 176/227/195
f 137/180/156 157/205/176 176/227/195
f 158/207/178 178/229/197 177/228/196
f 159/206/177 179/646/198 178/229/197
f 160/230/179 180/234/199 179/231/198
f 161/233/180 181/236/201 180/234/199
f 161/233/180 162/237/181 182/235/200
f 162/237/181 163/647/183 183/238/202
f 163/214/183 164/213/182 184/239/203
f 164/213/182 165/215/184 185/241/204
f 165/215/184 166/217/186 186/242/205
f 167/216/185 187/243/206 186/242/205
f 168/218/187 188/245/207 187/243/206
f 169/244/189 189/648/209 188/245/207
f 169/246/189 170/250/188 190/247/208
f 171/249/190 191/252/211 190/247/208
f 171/249/190 172/254/192 192/251/210
f 173/253/191 193/649/212 192/251/210
f 174/226/194 194/256/213 193/255/212
f 175/225/193 195/258/215 194/256/213
f 175/225/193 176/227/195 196/257/214
f 176/227/195 157/205/176 177/228/196
f 178/229/197 198/261/218 197/259/216
f 178/229/197 179/646/198 199/260/217
f 180/234/199 200/264/220 199/262/217
f 180/234/199 181/236/201 201/263/219
f 182/235/200 202/266/222 201/263/219
f 182/235/200 183/238/202 203/265/221
f 184/239/203 204/269/224 203/267/221
f 184/239/203 185/241/204 205/268/223
f 185/241/204 186/242/205 206/270/225
f 187/243/206 207/272/227 206/270/225
f 187/243/206 188/245/207 208/271/226
f 188/245/207 189/648/209 209/273/228
f 190/247/208 210/275/229 209/274/228
f 191/252/211 211/276/230 210/275/229
f 192/251/210 212/278/232 211/276/230
f 192/251/210 193/649/212 213/277/231
f 193/255/212 194/256/213 214/279/233
f 194/256/213 195/258/215 215/281/234
f 196/257/214 216/282/235 215/281/234
f 177/228/196 197/259/216 216/282/235
f 197/259/216 198/261/218 218/283/236
f 199/260/217 219/650/238 218/283/236
f 200/264/220 220/287/240 219/285/238
f 200/264/220 201/263/219 221/286/239
f 201/263/219 202/266/222 222/288/241
f 202/266/222 203/265/221 223/289/242
f 203/267/221 204/269/224 224/290/243
f 205/268/223 225/292/244 224/290/243
f 206/270/225 226/293/245 225/292/244
f 207/272/227 227/294/246 226/293/245
f 208/271/226 228/295/247 227/294/246
f 209/273/228 229/651/249 228/295/247
f 209/274/228 210/275/229 230/296/248
f 211/276/230 231/299/251 230/296/248
f 211/276/230 212/278/232 232/298/250
f 213/277/231 233/652/253 232/298/250
f 213/280/231 214/279/233 234/300/252
f 214/279/233 215/281/234 235/302/254
f 216/282/235 236/303/255 235/302/254
f 216/282/235 197/259/216 217/284/237
f 218/283/236 238/306/258 237/304/256
f 218/283/236 219/650/238 239/305/257
f 219/285/238 220/287/240 240/307/259
f 221/286/239 241/309/260 240/307/259
f 222/288/241 242/311/262 241/309/260
f 222/288/241 223/289/242 243/310/261
f 223/291/242 224/290/243 244/312/263
f 225/292/244 245/314/264 244/312/263
f 226/293/245 246/315/265 245/314/264
f 227/294/246 247/316/266 246/315/265
f 228/295/247 248/318/268 247/316/266
f 228/295/247 229/651/249 249/317/267
f 229/297/249 230/296/248 250/319/269
f 230/296/248 231/299/251 251/321/270
f 232/298/250 252/323/272 251/321/270
f 232/298/250 233/652/253 253/322/271
f 234/300/252 254/325/273 253/324/271
f 235/302/254 255/327/275 254/325/273
f 235/302/254 236/303/255 256/326/274
f 217/284/237 237/304/256 256/326/274
f 237/304/256 238/306/258 258/328/276
f 238/306/258 239/305/257 259/330/278
f 240/307/259 260/332/279 259/331/278
f 241/309/260 261/334/281 260/332/279
f 241/309/260 242/311/262 262/333/280
f 242/311/262 243/310/261 263/335/282
f 243/313/261 244/312/263 264/336/283
f 245/314/264 265/339/285 264/336/283
f 245/314/264 246/315/265 266/338/284
f 247/316/266 267/340/286 266/338/284
f 248/318/268 268/342/288 267/340/286
f 248/318/268 249/317/267 269/341/287
f 249/320/267 250/319/269 270/343/289
f 251/321/270 271/346/291 270/343/289
f 251/321/270 252/323/272 272/345/290
f 253/322/271 273/653/293 272/345/290
f 253/324/271 254/325/273 274/347/292
f 255/327/275 275/349/294 274/347/292
f 256/326/274 276/350/295 275/349/294
f 256/326/274 237/304/256 257/329/277
f 258/328/276 278/353/298 277/351/296
f 258/328/276 259/330/278 279/352/297
f 259/331/278 260/332/279 280/354/299
f 260/332/279 261/334/281 281/356/300
f 262/333/280 282/357/301 281/356/300
f 263/335/282 283/654/302 282/357/301
f 264/336/283 284/360/304 283/358/302
f 264/336/283 265/339/285 285/359/303
f 266/338/284 286/362/306 285/359/303
f 266/338/284 267/340/286 287/361/305
f 268/342/288 288/363/307 287/361/305
f 269/341/287 289/655/309 288/363/307
f 269/344/287 270/343/289 290/364/308
f 271/346/291 291/366/310 290/364/308
f 272/345/290 292/368/312 291/366/310
f 272/345/290 273/653/293 293/367/311
f 274/347/292 294/371/314 293/369/311
f 274/347/292 275/349/294 295/370/313
f 275/349/294 276/350/295 296/372/315
f 276/350/295 257/329/277 277/351/296
f 277/351/296 278/353/298 298/373/316
f 278/353/298 279/352/297 299/375/318
f 280/376/299 300/380/319 299/377/318
f 281/379/300 301/382/320 300/380/319
f 282/381/301 302/384/322 301/382/320
f 282/381/301 283/656/302 303/383/321
f 284/360/304 304/387/324 303/385/321
f 284/360/304 285/359/303 305/386/323
f 286/362/306 306/388/325 305/386/323
f 287/361/305 307/389/326 306/388/325
f 288/363/307 308/391/328 307/389/326
f 288/363/307 289/655/309 309/390/327
f 290/392/308 310/396/330 309/393/327
f 290/392/308 291/398/310 311/395/329
f 292/397/312 312/400/331 311/395/329
f 293/399/311 313/423/332 312/400/331
f 294/371/314 314/402/333 313/401/332
f 295/370/313 315/403/334 314/402/333
f 296/372/315 316/404/335 315/403/334
f 296/372/315 277/351/296 297/374/317
f 297/374/317 298/373/316 318/405/336
f 299/375/318 319/657/339 318/405/336
f 299/377/318 300/380/319 320/407/338
f 300/380/319 301/382/320 321/409/340
f 302/384/322 322/411/342 321/409/340
f 302/384/322 303/383/321 323/410/341
f 303/385/321 304/387/324 324/412/343
f 305/386/323 325/414/344 324/412/343
f 306/388/325 326/416/346 325/414/344
f 306/388/325 307/389/326 327/415/345
f 307/389/326 308/391/328 328/417/347
f 308/391/328 309/390/327 329/418/348
f 310/396/330 330/421/350 329/419/348
f 310/396/330 311/395/329 331/420/349
f 311/395/329 312/400/331 332/422/351
f 313/423/332 333/450/353 332/422/351
f 313/401/332 314/402/333 334/424/352
f 314/402/333 315/403/334 335/426/354
f 316/404/335 336/427/355 335/426/354
f 316/404/335 297/374/317 317/406/337
f 317/406/337 318/405/336 338/428/356
f 319/408/339 339/433/359 338/430/356
f 319/408/339 320/407/338 340/432/358
f 321/409/340 341/435/361 340/432/358
f 321/409/340 322/411/342 342/434/360
f 323/410/341 343/437/362 342/434/360
f 324/436/343 344/462/363 343/437/362
f 325/414/344 345/439/364 344/438/363
f 326/416/346 346/441/366 345/439/364
f 326/416/346 327/415/345 347/440/365
f 327/415/345 328/417/347 348/442/367
f 328/443/347 329/419/348 349/444/368
f 329/419/348 330/421/350 350/446/369
f 331/420/349 351/448/371 350/446/369
f 331/420/349 332/422/351 352/447/370
f 332/422/351 333/450/353 353/449/372
f 333/450/353 334/658/352 354/451/373
f 334/424/352 335/426/354 355/452/374
f 335/426/354 336/427/355 356/454/375
f 336/427/355 317/406/337 337/429/357
f 338/430/356 358/457/377 357/455/376
f 339/433/359 359/459/379 358/457/377
f 339/433/359 340/432/358 360/458/378
f 340/432/358 341/435/361 361/460/380
f 341/435/361 342/434/360 362/461/381
f 343/437/362 363/463/382 362/461/381
f 344/462/363 364/465/383 363/463/382
f 345/464/364 365/491/384 364/465/383
f 346/441/366 366/468/386 365/466/384
f 346/441/366 347/440/365 367/467/385
f 347/469/365 348/445/367 368/470/387
f 349/444/368 369/472/388 368/470/387
f 350/446/369 370/473/389 369/472/388
f 351/448/371 371/474/390 370/473/389
f 352/447/370 372/475/391 371/474/390
f 353/449/372 373/476/392 372/475/391
f 354/451/373 374/478/394 373/476/392
f 354/451/373 355/659/374 375/477/393
f 356/454/375 376/481/395 375/479/393
f 356/454/375 337/429/357 357/480/376
f 357/455/376 358/457/377 378/482/396
f 359/459/379 379/484/398 378/482/396
f 360/458/378 380/485/399 379/484/398
f 361/460/380 381/487/401 380/485/399
f 361/460/380 362/461/381 382/486/400
f 363/463/382 383/488/402 382/486/400
f 364/465/383 384/490/404 383/488/402
f 364/465/383 365/491/384 385/489/403
f 365/491/384 366/493/386 386/492/405
f 367/471/385 387/494/406 386/492/405
f 368/470/387 388/496/408 387/494/406
f 368/470/387 369/472/388 389/495/407
f 369/472/388 370/473/389 390/497/409
f 371/474/390 391/498/410 390/497/409
f 372/475/391 392/499/411 391/498/410
f 373/476/392 393/500/412 392/499/411
f 374/478/394 394/501/413 393/500/412
f 375/477/393 395/503/414 394/501/413
f 376/502/395 396/504/415 395/503/414
f 376/502/395 357/455/376 377/483/397
f 377/483/397 378/482/396 398/505/416
f 379/484/398 399/507/418 398/505/416
f 380/485/399 400/509/420 399/507/418
f 380/485/399 381/487/401 401/508/419
f 381/487/401 382/486/400 402/510/421
f 382/486/400 383/488/402 403/511/422
f 384/490/404 404/512/423 403/511/422
f 385/489/403 405/513/424 404/512/423
f 386/492/405 406/515/426 405/513/424
f 386/492/405 387/494/406 407/514/425
f 388/496/408 408/517/428 407/514/425
f 388/496/408 389/495/407 409/516/427
f 389/495/407 390/497/409 410/518/429
f 390/497/409 391/498/410 411/519/430
f 392/499/411 412/520/431 411/519/430
f 393/500/412 413/522/433 412/520/431
f 393/500/412 394/501/413 414/521/432
f 395/503/414 415/523/434 414/521/432
f 396/504/415 416/524/435 415/523/434
f 396/504/415 377/483/397 397/506/417
f 439/527/438 435/660/477 434/528/439
f 440/529/440 434/528/439 433/530/441
f 441/531/442 433/530/441 432/532/443
f 442/533/444 432/532/443 431/534/445
f 443/535/446 431/534/445 430/536/447
f 444/538/448 430/661/447 429/539/449
f 445/540/450 429/539/449 428/541/451
f 447/543/453 446/542/452 428/541/451
f 448/545/455 447/543/453 427/544/454
f 449/547/457 448/662/455 426/548/456
f 450/550/459 449/547/457 425/549/458
f 451/552/461 450/550/459 424/551/460
f 452/554/463 451/552/461 423/553/462
f 453/556/465 452/554/463 422/555/464
f 454/558/467 453/663/465 421/559/466
f 455/561/469 454/558/467 420/560/468
f 456/563/471 455/561/469 419/562/470
f 456/563/471 438/564/472 437/565/473
f 457/566/474 437/565/473 436/567/475
f 458/568/476 436/567/475 435/569/477
f 440/571/440 460/664/479 459/572/478
f 441/531/442 461/575/480 460/574/479
f 442/533/444 462/576/481 461/575/480
f 443/535/446 463/607/482 462/576/481
f 444/538/448 464/579/483 463/577/482
f 445/540/450 465/580/484 464/579/483
f 446/542/452 466/582/486 465/580/484
f 446/542/452 447/543/453 467/581/485
f 447/543/453 448/545/455 468/583/487
f 448/545/455 449/665/457 469/584/488
f 449/547/457 450/550/459 470/585/489
f 450/550/459 451/552/461 471/587/490
f 451/552/461 452/554/463 472/588/491
f 452/589/463 453/592/465 473/590/492
f 453/592/465 454/594/467 474/593/493
f 454/594/467 455/596/469 475/595/494
f 455/596/469 456/599/471 476/597/495
f 457/598/474 477/601/496 476/597/495
f 458/600/476 478/602/497 477/601/496
f 439/573/438 459/572/478 478/602/497
f 460/574/479 480/605/499 479/603/498
f 461/575/480 481/606/500 480/605/499
f 462/576/481 482/608/501 481/606/500
f 463/607/482 483/666/502 482/608/501
f 464/579/483 484/610/503 483/609/502
f 465/580/484 485/611/504 484/610/503
f 466/582/486 486/613/506 485/611/504
f 466/582/486 467/581/485 487/612/505
f 467/581/485 468/583/487 488/614/507
f 468/583/487 469/584/488 489/615/508
f 469/586/488 470/585/489 490/616/509
f 470/585/489 471/587/490 491/618/510
f 471/587/490 472/588/491 492/619/511
f 472/588/491 473/667/492 493/620/512
f 473/590/492 474/593/493 494/621/513
f 475/595/494 495/623/514 494/621/513
f 476/597/495 496/625/516 495/623/514
f 476/597/495 477/601/496 497/624/515
f 477/601/496 478/602/497 498/626/517
f 459/572/478 479/668/498 498/626/517
o polySurface67
v -0.073953 0.175817 -0.316841
v -0.084242 0.020056 -0.464148
v 0.162513 0.156775 -0.312351
v 0.139160 0.002066 -0.459904
v 0.052385 0.224572 -0.310005
v 0.022706 -0.032709 -0.503242
v 0.205278 0.064905 -0.393953
v 0.040610 0.112913 -0.425216
v -0.135760 0.092368 -0.400429
v 0.058387 0.257913 -0.346146
v 0.046363 0.143554 -0.465148
v -0.154937 0.113792 -0.442298
v -0.097883 0.204517 -0.345991
v 0.195947 0.180855 -0.340413
v 0.232918 0.082561 -0.434940
v 0.157485 0.011045 -0.508578
v 0.026074 -0.021878 -0.555227
v -0.096217 0.031474 -0.513396
v -0.122641 0.239620 -0.222322
v -0.121299 0.122107 -0.460335
v 0.221333 0.211922 -0.215794
v 0.203674 0.095938 -0.454167
v 0.059546 0.307623 -0.179049
v 0.038838 0.075845 -0.524068
v 0.292693 0.139381 -0.348213
v 0.054965 0.230510 -0.359296
v -0.203398 0.179330 -0.357631
v 0.070833 0.383489 -0.193896
v 0.066281 0.305272 -0.379486
v -0.227990 0.241702 -0.386690
v -0.155431 0.303031 -0.234869
v 0.271989 0.268612 -0.226755
v 0.336203 0.196270 -0.375978
v 0.234491 0.145769 -0.495187
v 0.048161 0.130638 -0.568064
v -0.134555 0.175487 -0.502194
v 0.006975 -0.418195 -0.484009
v 0.013267 -0.418195 -0.481657
v 0.018261 -0.418195 -0.477993
v 0.021467 -0.418195 -0.473376
v 0.022572 -0.418195 -0.468259
v 0.021467 -0.418195 -0.463141
v 0.018261 -0.418195 -0.458524
v 0.013267 -0.418195 -0.454860
v 0.006975 -0.418195 -0.452508
v 0.000000 -0.418195 -0.451697
v -0.006975 -0.418195 -0.452508
v -0.013267 -0.418195 -0.454860
v -0.018261 -0.418195 -0.458524
v -0.021467 -0.418195 -0.463141
v -0.022572 -0.418195 -0.468259
v -0.021467 -0.418195 -0.473376
v -0.018261 -0.418195 -0.477993
v -0.013267 -0.418195 -0.481657
v -0.006975 -0.418195 -0.484009
v 0.000000 -0.418195 -0.484820
v 0.013779 -0.414212 -0.499372
v 0.026208 -0.414212 -0.494725
v 0.036073 -0.414212 -0.487488
v 0.042406 -0.414212 -0.478368
v 0.044588 -0.414212 -0.468259
v 0.042406 -0.414212 -0.458149
v 0.036073 -0.414212 -0.449029
v 0.026208 -0.414212 -0.441792
v 0.013779 -0.414212 -0.437145
v 0.000000 -0.414212 -0.435544
v -0.013778 -0.414212 -0.437145
v -0.026208 -0.414212 -0.441792
v -0.036072 -0.414212 -0.449029
v -0.042406 -0.414212 -0.458149
v -0.044588 -0.414212 -0.468259
v -0.042406 -0.414212 -0.478368
v -0.036072 -0.414212 -0.487488
v -0.026208 -0.414212 -0.494725
v -0.013778 -0.414212 -0.499372
v 0.000000 -0.414212 -0.500973
v 0.020243 -0.407684 -0.513969
v 0.038504 -0.407684 -0.507142
v 0.052996 -0.407684 -0.496509
v 0.062300 -0.407684 -0.483111
v 0.065506 -0.407684 -0.468259
v 0.062300 -0.407684 -0.453406
v 0.052996 -0.407684 -0.440008
v 0.038504 -0.407684 -0.429375
v 0.020243 -0.407684 -0.422548
v 0.000000 -0.407684 -0.420196
v -0.020242 -0.407684 -0.422548
v -0.038504 -0.407684 -0.429375
v -0.052996 -0.407684 -0.440008
v -0.062300 -0.407684 -0.453406
v -0.065506 -0.407684 -0.468259
v -0.062300 -0.407684 -0.483111
v -0.052996 -0.407684 -0.496509
v -0.038504 -0.407684 -0.507142
v -0.020242 -0.407684 -0.513969
v 0.000000 -0.407684 -0.516321
v 0.026208 -0.398770 -0.527440
v 0.049851 -0.398770 -0.518601
v 0.068614 -0.398770 -0.504835
v 0.080661 -0.398770 -0.487488
v 0.084812 -0.398770 -0.468259
v 0.080661 -0.398770 -0.449029
v 0.068614 -0.398770 -0.431682
v 0.049851 -0.398770 -0.417916
v 0.026208 -0.398770 -0.409077
v 0.000000 -0.398770 -0.406031
v -0.026208 -0.398770 -0.409077
v -0.049851 -0.398770 -0.417916
v -0.068614 -0.398770 -0.431682
v -0.080660 -0.398770 -0.449029
v -0.084811 -0.398770 -0.468259
v -0.080660 -0.398770 -0.487488
v -0.068614 -0.398770 -0.504835
v -0.049851 -0.398770 -0.518601
v -0.026208 -0.398770 -0.527440
v 0.000000 -0.398770 -0.530486
v 0.031529 -0.387691 -0.539454
v 0.059971 -0.387691 -0.528821
v 0.082543 -0.387691 -0.512260
v 0.097035 -0.387691 -0.491391
v 0.102028 -0.387691 -0.468259
v 0.097035 -0.387691 -0.445126
v 0.082543 -0.387691 -0.424257
v 0.059971 -0.387691 -0.407696
v 0.031529 -0.387691 -0.397063
v 0.000000 -0.387691 -0.393399
v -0.031528 -0.387691 -0.397063
v -0.059971 -0.387691 -0.407696
v -0.082543 -0.387691 -0.424257
v -0.097035 -0.387691 -0.445126
v -0.102028 -0.387691 -0.468259
v -0.097035 -0.387691 -0.491391
v -0.082543 -0.387691 -0.512260
v -0.059971 -0.387691 -0.528821
v -0.031528 -0.387691 -0.539454
v 0.000000 -0.387691 -0.543118
v 0.036073 -0.374718 -0.549715
v 0.068614 -0.374718 -0.537550
v 0.094439 -0.374718 -0.518601
v 0.111020 -0.374718 -0.494725
v 0.116733 -0.374718 -0.468259
v 0.111020 -0.374718 -0.441792
v 0.094439 -0.374718 -0.417916
v 0.068614 -0.374718 -0.398968
v 0.036073 -0.374718 -0.386802
v 0.000000 -0.374718 -0.382610
v -0.036072 -0.374718 -0.386802
v -0.068614 -0.374718 -0.398968
v -0.094439 -0.374718 -0.417916
v -0.111020 -0.374718 -0.441792
v -0.116733 -0.374718 -0.468259
v -0.111020 -0.374718 -0.494725
v -0.094439 -0.374718 -0.518601
v -0.068614 -0.374718 -0.537550
v -0.036072 -0.374718 -0.549715
v 0.000000 -0.374718 -0.553907
v 0.039728 -0.360173 -0.557970
v 0.075568 -0.360173 -0.544572
v 0.104010 -0.360173 -0.523703
v 0.122271 -0.360173 -0.497408
v 0.128563 -0.360173 -0.468259
v 0.122271 -0.360173 -0.439110
v 0.104010 -0.360173 -0.412814
v 0.075568 -0.360173 -0.391945
v 0.039728 -0.360173 -0.378547
v 0.000000 -0.360173 -0.373930
v -0.039728 -0.360173 -0.378547
v -0.075568 -0.360173 -0.391945
v -0.104010 -0.360173 -0.412814
v -0.122271 -0.360173 -0.439110
v -0.128563 -0.360173 -0.468259
v -0.122271 -0.360173 -0.497408
v -0.104010 -0.360173 -0.523703
v -0.075568 -0.360173 -0.544572
v -0.039728 -0.360173 -0.557970
v 0.000000 -0.360173 -0.562587
v 0.042406 -0.344412 -0.564016
v 0.080661 -0.344412 -0.549715
v 0.111020 -0.344412 -0.527440
v 0.130512 -0.344412 -0.499372
v 0.137228 -0.344412 -0.468259
v 0.130512 -0.344412 -0.437145
v 0.111020 -0.344412 -0.409077
v 0.080661 -0.344412 -0.386802
v 0.042406 -0.344412 -0.372501
v 0.000000 -0.344412 -0.367573
v -0.042406 -0.344412 -0.372501
v -0.080660 -0.344412 -0.386802
v -0.111020 -0.344412 -0.409077
v -0.130511 -0.344412 -0.437145
v -0.137228 -0.344412 -0.468259
v -0.130511 -0.344412 -0.499372
v -0.111020 -0.344412 -0.527440
v -0.080660 -0.344412 -0.549715
v -0.042406 -0.344412 -0.564016
v 0.000000 -0.344412 -0.568944
v 0.044039 -0.327823 -0.567705
v 0.083767 -0.327823 -0.552852
v 0.115296 -0.327823 -0.529720
v 0.135538 -0.327823 -0.500571
v 0.142514 -0.327823 -0.468259
v 0.135538 -0.327823 -0.435947
v 0.115296 -0.327823 -0.406798
v 0.083767 -0.327823 -0.383665
v 0.044039 -0.327823 -0.368813
v 0.000000 -0.327823 -0.363695
v -0.044039 -0.327823 -0.368813
v -0.083767 -0.327823 -0.383665
v -0.115296 -0.327823 -0.406798
v -0.135538 -0.327823 -0.435947
v -0.142513 -0.327823 -0.468259
v -0.135538 -0.327823 -0.500571
v -0.115296 -0.327823 -0.529720
v -0.083767 -0.327823 -0.552852
v -0.044039 -0.327823 -0.567705
v 0.000000 -0.327823 -0.572822
v 0.044588 -0.310816 -0.568944
v 0.084812 -0.310816 -0.553907
v 0.116733 -0.310816 -0.530486
v 0.137228 -0.310816 -0.500973
v 0.144290 -0.310816 -0.468259
v 0.137228 -0.310816 -0.435544
v 0.116733 -0.310816 -0.406031
v 0.084812 -0.310816 -0.382610
v 0.044588 -0.310816 -0.367573
v 0.000000 -0.310816 -0.362391
v -0.044588 -0.310816 -0.367573
v -0.084811 -0.310816 -0.382610
v -0.116733 -0.310816 -0.406031
v -0.137228 -0.310816 -0.435544
v -0.144290 -0.310816 -0.468259
v -0.137228 -0.310816 -0.500973
v -0.116733 -0.310816 -0.530486
v -0.084811 -0.310816 -0.553907
v -0.044588 -0.310816 -0.568944
v 0.000000 -0.310816 -0.574126
v 0.044039 -0.293809 -0.567705
v 0.083767 -0.293809 -0.552852
v 0.115296 -0.293809 -0.529720
v 0.135538 -0.293809 -0.500571
v 0.142514 -0.293809 -0.468259
v 0.135538 -0.293809 -0.435947
v 0.115296 -0.293809 -0.406798
v 0.083767 -0.293809 -0.383665
v 0.044039 -0.293809 -0.368813
v 0.000000 -0.293809 -0.363695
v -0.044039 -0.293809 -0.368813
v -0.083767 -0.293809 -0.383665
v -0.115296 -0.293809 -0.406798
v -0.135538 -0.293809 -0.435947
v -0.142513 -0.293809 -0.468259
v -0.135538 -0.293809 -0.500571
v -0.115296 -0.293809 -0.529720
v -0.083767 -0.293809 -0.552852
v -0.044039 -0.293809 -0.567705
v 0.000000 -0.293809 -0.572822
v 0.042406 -0.277221 -0.564016
v 0.080661 -0.277221 -0.549715
v 0.111020 -0.277221 -0.527440
v 0.130512 -0.277221 -0.499372
v 0.137228 -0.277221 -0.468259
v 0.130512 -0.277221 -0.437145
v 0.111020 -0.277221 -0.409077
v 0.080661 -0.277221 -0.386802
v 0.042406 -0.277221 -0.372501
v 0.000000 -0.277221 -0.367573
v -0.042406 -0.277221 -0.372501
v -0.080660 -0.277221 -0.386802
v -0.111020 -0.277221 -0.409077
v -0.130511 -0.277221 -0.437145
v -0.137228 -0.277221 -0.468259
v -0.130511 -0.277221 -0.499372
v -0.111020 -0.277221 -0.527440
v -0.080660 -0.277221 -0.549715
v -0.042406 -0.277221 -0.564016
v 0.000000 -0.277221 -0.568944
v 0.039728 -0.261460 -0.557970
v 0.075568 -0.261460 -0.544572
v 0.104010 -0.261460 -0.523703
v 0.122271 -0.261460 -0.497408
v 0.128563 -0.261460 -0.468259
v 0.122271 -0.261460 -0.439110
v 0.104010 -0.261460 -0.412814
v 0.075568 -0.261460 -0.391945
v 0.039728 -0.261460 -0.378547
v 0.000000 -0.261460 -0.373930
v -0.039728 -0.261460 -0.378547
v -0.075568 -0.261460 -0.391945
v -0.104010 -0.261460 -0.412814
v -0.122271 -0.261460 -0.439110
v -0.128563 -0.261460 -0.468259
v -0.122271 -0.261460 -0.497408
v -0.104010 -0.261460 -0.523703
v -0.075568 -0.261460 -0.544572
v -0.039728 -0.261460 -0.557970
v 0.000000 -0.261460 -0.562587
v 0.036073 -0.246914 -0.549715
v 0.068614 -0.246914 -0.537550
v 0.094439 -0.246914 -0.518601
v 0.111020 -0.246914 -0.494725
v 0.116733 -0.246914 -0.468259
v 0.111020 -0.246914 -0.441792
v 0.094439 -0.246914 -0.417916
v 0.068614 -0.246914 -0.398968
v 0.036073 -0.246914 -0.386802
v 0.000000 -0.246914 -0.382610
v -0.036072 -0.246914 -0.386802
v -0.068614 -0.246914 -0.398968
v -0.094439 -0.246914 -0.417916
v -0.111020 -0.246914 -0.441792
v -0.116733 -0.246914 -0.468259
v -0.111020 -0.246914 -0.494725
v -0.094439 -0.246914 -0.518601
v -0.068614 -0.246914 -0.537550
v -0.036072 -0.246914 -0.549715
v 0.000000 -0.246914 -0.553907
v 0.031529 -0.233942 -0.539454
v 0.059971 -0.233942 -0.528821
v 0.082543 -0.233942 -0.512260
v 0.097035 -0.233942 -0.491391
v 0.102028 -0.233942 -0.468259
v 0.097035 -0.233942 -0.445126
v 0.082543 -0.233942 -0.424257
v 0.059971 -0.233942 -0.407696
v 0.031529 -0.233942 -0.397063
v 0.000000 -0.233942 -0.393399
v -0.031528 -0.233942 -0.397063
v -0.059971 -0.233942 -0.407696
v -0.082543 -0.233942 -0.424257
v -0.097035 -0.233942 -0.445126
v -0.102028 -0.233942 -0.468259
v -0.097035 -0.233942 -0.491391
v -0.082543 -0.233942 -0.512260
v -0.059971 -0.233942 -0.528821
v -0.031528 -0.233942 -0.539454
v 0.000000 -0.233942 -0.543118
v 0.026208 -0.222862 -0.527440
v 0.049851 -0.222862 -0.518601
v 0.068614 -0.222862 -0.504835
v 0.080661 -0.222862 -0.487488
v 0.084812 -0.222862 -0.468259
v 0.080661 -0.222862 -0.449029
v 0.068614 -0.222862 -0.431682
v 0.049851 -0.222862 -0.417916
v 0.026208 -0.222862 -0.409077
v 0.000000 -0.222862 -0.406031
v -0.026208 -0.222862 -0.409077
v -0.049851 -0.222862 -0.417916
v -0.068614 -0.222862 -0.431682
v -0.080660 -0.222862 -0.449029
v -0.084811 -0.222862 -0.468259
v -0.080660 -0.222862 -0.487488
v -0.068614 -0.222862 -0.504835
v -0.049851 -0.222862 -0.518601
v -0.026208 -0.222862 -0.527440
v 0.000000 -0.222862 -0.530486
v 0.020243 -0.213949 -0.513969
v 0.038504 -0.213949 -0.507142
v 0.052996 -0.213949 -0.496509
v 0.062300 -0.213949 -0.483111
v 0.065506 -0.213949 -0.468259
v 0.062300 -0.213949 -0.453406
v 0.052996 -0.213949 -0.440008
v 0.038504 -0.213949 -0.429375
v 0.020243 -0.213949 -0.422548
v 0.000000 -0.213949 -0.420196
v -0.020242 -0.213949 -0.422548
v -0.038504 -0.213949 -0.429375
v -0.052996 -0.213949 -0.440008
v -0.062300 -0.213949 -0.453406
v -0.065506 -0.213949 -0.468259
v -0.062300 -0.213949 -0.483111
v -0.052996 -0.213949 -0.496509
v -0.038504 -0.213949 -0.507142
v -0.020242 -0.213949 -0.513969
v 0.000000 -0.213949 -0.516321
v 0.013779 -0.207420 -0.499372
v 0.026208 -0.207420 -0.494725
v 0.036073 -0.207420 -0.487488
v 0.042406 -0.207420 -0.478368
v 0.044588 -0.207420 -0.468259
v 0.042406 -0.207420 -0.458149
v 0.036073 -0.207420 -0.449029
v 0.026208 -0.207420 -0.441792
v 0.013779 -0.207420 -0.437145
v 0.000000 -0.207420 -0.435544
v -0.013778 -0.207420 -0.437145
v -0.026208 -0.207420 -0.441792
v -0.036072 -0.207420 -0.449029
v -0.042406 -0.207420 -0.458149
v -0.044588 -0.207420 -0.468259
v -0.042406 -0.207420 -0.478368
v -0.036072 -0.207420 -0.487488
v -0.026208 -0.207420 -0.494725
v -0.013778 -0.207420 -0.499372
v 0.000000 -0.207420 -0.500973
v 0.006975 -0.203438 -0.484009
v 0.013268 -0.203438 -0.481657
v 0.018261 -0.203438 -0.477993
v 0.021467 -0.203438 -0.473376
v 0.022572 -0.203438 -0.468259
v 0.021467 -0.203438 -0.463141
v 0.018261 -0.203438 -0.458524
v 0.013268 -0.203438 -0.454860
v 0.006975 -0.203438 -0.452508
v 0.000000 -0.203438 -0.451697
v -0.006975 -0.203438 -0.452508
v -0.013267 -0.203438 -0.454860
v -0.018261 -0.203438 -0.458524
v -0.021467 -0.203438 -0.463141
v -0.022572 -0.203438 -0.468259
v -0.021467 -0.203438 -0.473376
v -0.018261 -0.203438 -0.477993
v -0.013267 -0.203438 -0.481657
v -0.006975 -0.203438 -0.484009
v 0.000000 -0.203438 -0.484820
v 0.000000 -0.419533 -0.468259
v 0.000000 -0.202099 -0.468259
v 0.036217 0.276059 -0.256065
v 0.068889 0.263520 -0.255753
v 0.094818 0.243990 -0.255266
v 0.111465 0.219381 -0.254654
v 0.117201 0.192102 -0.253975
v 0.111465 0.164822 -0.253296
v 0.094818 0.140213 -0.252683
v 0.068889 0.120683 -0.252197
v 0.036217 0.108145 -0.251885
v 0.000000 0.103824 -0.251778
v -0.036217 0.108145 -0.251885
v -0.068889 0.120683 -0.252197
v -0.094818 0.140213 -0.252683
v -0.111465 0.164822 -0.253296
v -0.117201 0.192102 -0.253975
v -0.111465 0.219381 -0.254654
v -0.094818 0.243990 -0.255266
v -0.068889 0.263520 -0.255753
v -0.036217 0.276059 -0.256065
v 0.000000 0.280380 -0.256172
v -0.101492 0.206537 -0.341964
v -0.119311 0.180358 -0.337708
v -0.125451 0.151401 -0.333165
v -0.119311 0.122514 -0.328716
v -0.101492 0.096537 -0.324716
v -0.073738 0.075998 -0.321498
v -0.038766 0.062786 -0.319419
v 0.000000 0.058218 -0.318707
v 0.038767 0.062786 -0.319419
v 0.073738 0.075998 -0.321498
v 0.101492 0.096537 -0.324716
v 0.119311 0.122514 -0.328716
v 0.125451 0.151401 -0.333165
v 0.119311 0.180358 -0.337708
v 0.101492 0.206537 -0.341964
v 0.073738 0.227371 -0.345541
v 0.038767 0.240820 -0.348057
v 0.000000 0.245457 -0.348954
v -0.038766 0.240820 -0.348057
v -0.073738 0.227371 -0.345541
v -0.071264 -0.064827 -0.461187
v -0.083776 -0.071826 -0.444368
v -0.088087 -0.079669 -0.425824
v -0.083776 -0.087544 -0.407356
v -0.071264 -0.094627 -0.390748
v -0.051776 -0.100193 -0.377597
v -0.027220 -0.103767 -0.369134
v 0.000000 -0.105008 -0.366210
v 0.027221 -0.103767 -0.369134
v 0.051777 -0.100193 -0.377597
v 0.071264 -0.094627 -0.390748
v 0.083776 -0.087544 -0.407356
v 0.088087 -0.079669 -0.425824
v 0.083776 -0.071826 -0.444368
v 0.071264 -0.064827 -0.461187
v 0.051777 -0.059373 -0.474642
v 0.027221 -0.055980 -0.483404
v 0.000000 -0.054828 -0.486436
v -0.027220 -0.055980 -0.483404
v -0.051776 -0.059373 -0.474642
v -0.071264 -0.248205 -0.506046
v -0.083776 -0.250890 -0.488087
v -0.088087 -0.253973 -0.468259
v -0.083776 -0.257106 -0.448495
v -0.071264 -0.259924 -0.430722
v -0.051776 -0.262114 -0.416659
v -0.027220 -0.263516 -0.407611
v 0.000000 -0.264006 -0.404483
v 0.027221 -0.263516 -0.407611
v 0.051777 -0.262114 -0.416659
v 0.071264 -0.259924 -0.430722
v 0.083776 -0.257106 -0.448495
v 0.088087 -0.253973 -0.468259
v 0.083776 -0.250890 -0.488087
v 0.071264 -0.248205 -0.506046
v 0.051777 -0.246198 -0.520379
v 0.027221 -0.245046 -0.529675
v 0.000000 -0.244668 -0.532887
v -0.027220 -0.245046 -0.529675
v -0.051776 -0.246199 -0.520379
vn -0.2133 0.7407 -0.6371
vn -0.2132 0.7407 -0.6371
vn 0.3609 0.6815 -0.6366
vn 0.3609 0.6816 -0.6366
vn 0.2458 0.4818 -0.8411
vn -0.1296 0.5265 -0.8402
vn -0.1295 0.5265 -0.8402
vn 0.2066 -0.7355 0.6453
vn 0.2066 -0.7354 0.6453
vn -0.3534 -0.6775 0.6450
vn -0.2459 -0.4818 0.8411
vn 0.1296 -0.5265 0.8402
vn -0.8459 0.0272 0.5326
vn -0.8459 0.0271 0.5326
vn 0.0387 0.6578 0.7522
vn -0.2568 0.6644 0.7019
vn 0.7911 -0.2028 0.5771
vn 0.7910 -0.2028 0.5771
vn 0.3353 0.5905 0.7341
vn 0.4941 -0.8694 -0.0026
vn 0.6334 -0.7678 0.0966
vn 0.6335 -0.7677 0.0965
vn 0.3022 -0.9455 -0.1210
vn 0.4378 -0.8982 -0.0392
vn -0.4592 -0.8750 -0.1533
vn -0.5996 -0.7964 -0.0788
vn -0.6567 -0.7529 -0.0444
vn -0.7916 -0.6089 0.0511
vn -0.2235 0.9177 -0.3285
vn -0.2235 0.9177 -0.3284
vn 0.3906 0.8636 -0.3187
vn 0.3906 0.8636 -0.3188
vn 0.2563 0.7299 -0.6337
vn -0.1080 0.7661 -0.6336
vn 0.2155 -0.9153 0.3403
vn 0.2155 -0.9153 0.3402
vn -0.3823 -0.8626 0.3314
vn -0.3821 -0.8627 0.3313
vn -0.2563 -0.7299 0.6337
vn -0.2563 -0.7299 0.6336
vn 0.1080 -0.7661 0.6335
vn -0.8257 -0.2024 0.5266
vn -0.8256 -0.2025 0.5266
vn -0.0093 0.1182 0.9929
vn -0.2515 0.1492 0.9563
vn 0.7223 -0.4086 0.5579
vn 0.2324 0.0801 0.9693
vn 0.6819 -0.6676 -0.2990
vn 0.5103 -0.6898 -0.5136
vn 0.6819 -0.6675 -0.2991
vn 0.3367 -0.6682 -0.6634
vn 0.5108 -0.6899 -0.5130
vn -0.4186 -0.5739 -0.7039
vn -0.6082 -0.5518 -0.5707
vn -0.7950 -0.4839 -0.3657
vn -0.6088 -0.5517 -0.5702
vn 0.0776 -0.9423 -0.3256
vn 0.0889 -0.9820 -0.1668
vn 0.0466 -0.9796 -0.1956
vn 0.1487 -0.9487 -0.2789
vn 0.1228 -0.9850 -0.1216
vn 0.2064 -0.9569 -0.2044
vn 0.1447 -0.9874 -0.0641
vn 0.2576 -0.9662 -0.0000
vn 0.1523 -0.9883 -0.0000
vn 0.1447 -0.9874 0.0641
vn 0.2064 -0.9569 0.2044
vn 0.1228 -0.9850 0.1216
vn 0.0889 -0.9820 0.1668
vn 0.1487 -0.9487 0.2789
vn 0.0466 -0.9796 0.1956
vn -0.0000 -0.9399 0.3415
vn -0.0000 -0.9787 0.2055
vn -0.0466 -0.9796 0.1956
vn -0.1487 -0.9488 0.2789
vn -0.0889 -0.9820 0.1668
vn -0.2064 -0.9569 0.2044
vn -0.1228 -0.9850 0.1216
vn -0.1447 -0.9874 0.0641
vn -0.2443 -0.9636 0.1082
vn -0.1523 -0.9883 -0.0000
vn -0.2444 -0.9636 -0.1082
vn -0.1447 -0.9874 -0.0641
vn -0.1228 -0.9850 -0.1216
vn -0.2064 -0.9569 -0.2044
vn -0.0889 -0.9820 -0.1668
vn -0.1487 -0.9487 -0.2789
vn -0.0466 -0.9796 -0.1956
vn -0.0000 -0.9399 -0.3415
vn -0.0000 -0.9787 -0.2055
vn 0.1095 -0.8815 -0.4593
vn 0.2112 -0.8936 -0.3961
vn 0.2957 -0.9093 -0.2928
vn 0.2444 -0.9636 -0.1082
vn 0.3730 -0.9278 -0.0000
vn 0.2443 -0.9636 0.1082
vn 0.2957 -0.9093 0.2928
vn 0.2111 -0.8936 0.3961
vn 0.0776 -0.9423 0.3257
vn 0.1095 -0.8815 0.4593
vn -0.1095 -0.8815 0.4594
vn -0.0776 -0.9423 0.3257
vn -0.2112 -0.8936 0.3961
vn -0.2957 -0.9093 0.2928
vn -0.3730 -0.9278 -0.0000
vn -0.2576 -0.9662 -0.0000
vn -0.2957 -0.9093 -0.2928
vn -0.2112 -0.8936 -0.3961
vn -0.1095 -0.8815 -0.4593
vn -0.0776 -0.9423 -0.3257
vn -0.0000 -0.8770 -0.4805
vn 0.1394 -0.7991 -0.5848
vn 0.3842 -0.8412 -0.3805
vn 0.3527 -0.9226 -0.1562
vn 0.4630 -0.8623 -0.2050
vn 0.4917 -0.8708 -0.0000
vn 0.3527 -0.9226 0.1562
vn 0.3843 -0.8412 0.3805
vn 0.2712 -0.8171 0.5087
vn 0.1394 -0.7991 0.5848
vn -0.0000 -0.7925 0.6098
vn -0.0000 -0.8770 0.4805
vn -0.2712 -0.8171 0.5087
vn -0.3842 -0.8412 0.3805
vn -0.4630 -0.8623 0.2050
vn -0.3527 -0.9226 0.1562
vn -0.4916 -0.8708 -0.0000
vn -0.3527 -0.9226 -0.1562
vn -0.3842 -0.8412 -0.3805
vn -0.2712 -0.8172 -0.5087
vn -0.1394 -0.7991 -0.5848
vn -0.0000 -0.7925 -0.6099
vn 0.1662 -0.6974 -0.6972
vn 0.2712 -0.8171 -0.5087
vn 0.3264 -0.7200 -0.6124
vn 0.5722 -0.7800 -0.2534
vn 0.6107 -0.7918 -0.0000
vn 0.4630 -0.8623 0.2050
vn 0.4688 -0.7514 0.4643
vn 0.3264 -0.7200 0.6124
vn -0.0000 -0.6893 0.7245
vn -0.1394 -0.7991 0.5848
vn -0.1662 -0.6974 0.6972
vn -0.4689 -0.7514 0.4643
vn -0.6107 -0.7919 -0.0000
vn -0.4630 -0.8623 -0.2051
vn -0.5722 -0.7800 -0.2534
vn -0.4689 -0.7514 -0.4643
vn -0.3264 -0.7200 -0.6124
vn -0.1662 -0.6974 -0.6972
vn -0.0000 -0.6892 -0.7245
vn 0.1891 -0.5789 -0.7932
vn 0.5465 -0.6391 -0.5412
vn 0.4689 -0.7514 -0.4643
vn 0.7265 -0.6872 -0.0000
vn 0.6764 -0.6729 0.2995
vn 0.5722 -0.7800 0.2534
vn 0.3751 -0.6036 0.7036
vn 0.1662 -0.6973 0.6972
vn -0.0000 -0.5702 0.8215
vn -0.1891 -0.5789 0.7932
vn -0.3264 -0.7201 0.6123
vn -0.5465 -0.6391 0.5412
vn -0.6765 -0.6728 0.2996
vn -0.5722 -0.7800 0.2534
vn -0.6765 -0.6728 -0.2996
vn -0.5465 -0.6391 -0.5412
vn -0.3750 -0.6036 -0.7035
vn -0.1891 -0.5789 -0.7932
vn -0.0000 -0.5702 -0.8215
vn 0.2075 -0.4466 -0.8703
vn 0.3750 -0.6036 -0.7035
vn 0.6135 -0.5044 -0.6075
vn 0.7703 -0.5387 -0.3411
vn 0.6764 -0.6728 -0.2996
vn 0.8326 -0.5538 -0.0000
vn 0.7703 -0.5387 0.3411
vn 0.5465 -0.6391 0.5412
vn 0.6135 -0.5044 0.6076
vn 0.4153 -0.4698 0.7790
vn 0.1891 -0.5789 0.7932
vn 0.2075 -0.4466 0.8704
vn -0.0000 -0.4386 0.8987
vn -0.2075 -0.4466 0.8703
vn -0.3750 -0.6036 0.7036
vn -0.4152 -0.4699 0.7790
vn -0.7703 -0.5387 0.3411
vn -0.8326 -0.5539 -0.0000
vn -0.7265 -0.6872 -0.0000
vn -0.6136 -0.5044 -0.6076
vn -0.2075 -0.4466 -0.8704
vn -0.0000 -0.4385 -0.8987
vn 0.2209 -0.3037 -0.9268
vn 0.4152 -0.4699 -0.7790
vn 0.4454 -0.3218 -0.8355
vn 0.6657 -0.3495 -0.6592
vn 0.8465 -0.3781 -0.3749
vn 0.8465 -0.3781 0.3749
vn 0.6657 -0.3496 0.6592
vn 0.4454 -0.3218 0.8355
vn 0.2209 -0.3038 0.9268
vn -0.0000 -0.2975 0.9547
vn -0.2209 -0.3037 0.9268
vn -0.4454 -0.3220 0.8355
vn -0.6135 -0.5044 0.6076
vn -0.8465 -0.3781 0.3749
vn -0.9204 -0.3910 -0.0000
vn -0.8465 -0.3781 -0.3749
vn -0.7703 -0.5387 -0.3411
vn -0.4454 -0.3218 -0.8355
vn -0.4153 -0.4698 -0.7790
vn -0.0000 -0.2976 -0.9547
vn 0.2291 -0.1537 -0.9612
vn 0.6991 -0.1791 -0.6923
vn 0.8967 -0.1955 -0.3971
vn 0.9204 -0.3910 -0.0000
vn 0.9792 -0.2030 -0.0000
vn 0.6991 -0.1792 0.6922
vn 0.2291 -0.1538 0.9612
vn -0.0000 -0.1504 0.9886
vn -0.4641 -0.1638 0.8705
vn -0.6657 -0.3496 0.6592
vn -0.6990 -0.1794 0.6922
vn -0.8967 -0.1956 0.3971
vn -0.9792 -0.2031 -0.0000
vn -0.6991 -0.1791 -0.6923
vn -0.6657 -0.3496 -0.6592
vn -0.2291 -0.1537 -0.9612
vn -0.2209 -0.3037 -0.9268
vn -0.0000 -0.1505 -0.9886
vn 0.4704 -0.0000 -0.8824
vn 0.4641 -0.1636 -0.8706
vn 0.9144 -0.0000 -0.4049
vn 1.0000 -0.0000 -0.0000
vn 0.9144 -0.0000 0.4049
vn 0.8967 -0.1954 0.3971
vn 0.7106 -0.0000 0.7036
vn 0.4704 -0.0000 0.8824
vn 0.4641 -0.1637 0.8705
vn 0.2319 -0.0000 0.9727
vn -0.0000 -0.0000 1.0000
vn -0.2291 -0.1537 0.9612
vn -0.2319 -0.0000 0.9727
vn -0.7106 -0.0000 0.7036
vn -0.9144 -0.0000 0.4049
vn -0.9144 -0.0000 -0.4049
vn -0.8967 -0.1953 -0.3971
vn -0.4704 -0.0000 -0.8824
vn -0.4641 -0.1635 -0.8706
vn -0.2319 -0.0000 -0.9727
vn 0.2319 -0.0000 -0.9727
vn 0.2291 0.1536 -0.9612
vn 0.6991 0.1792 -0.6922
vn 0.7106 -0.0000 -0.7036
vn 0.8967 0.1956 -0.3971
vn 0.9792 0.2029 -0.0000
vn 0.6991 0.1791 0.6923
vn 0.4641 0.1636 0.8706
vn 0.2291 0.1537 0.9612
vn -0.2291 0.1539 0.9612
vn -0.4704 -0.0000 0.8824
vn -0.4641 0.1637 0.8705
vn -0.8967 0.1956 0.3971
vn -0.9792 0.2029 -0.0000
vn -1.0000 -0.0000 -0.0000
vn -0.8967 0.1954 -0.3971
vn -0.6991 0.1792 -0.6922
vn -0.7106 -0.0000 -0.7036
vn -0.4641 0.1635 -0.8706
vn -0.2291 0.1538 -0.9612
vn -0.0000 -0.0000 -1.0000
vn -0.0000 0.1502 -0.9887
vn 0.2209 0.3036 -0.9268
vn 0.4641 0.1636 -0.8706
vn 0.4454 0.3219 -0.8355
vn 0.6657 0.3495 -0.6592
vn 0.8465 0.3781 -0.3749
vn 0.9204 0.3910 -0.0000
vn 0.8967 0.1954 0.3971
vn 0.6657 0.3496 0.6592
vn 0.4454 0.3218 0.8355
vn -0.0000 0.2975 0.9547
vn -0.0000 0.1503 0.9886
vn -0.2209 0.3037 0.9268
vn -0.6658 0.3495 0.6593
vn -0.6991 0.1789 0.6923
vn -0.8465 0.3781 0.3749
vn -0.9204 0.3910 -0.0000
vn -0.8464 0.3782 -0.3748
vn -0.6657 0.3496 -0.6592
vn -0.2209 0.3037 -0.9268
vn -0.0000 0.2976 -0.9547
vn 0.4152 0.4699 -0.7789
vn 0.7703 0.5387 -0.3411
vn 0.8327 0.5538 -0.0000
vn 0.8465 0.3780 0.3749
vn 0.7703 0.5387 0.3411
vn 0.6135 0.5044 0.6076
vn 0.4153 0.4698 0.7790
vn 0.2209 0.3038 0.9268
vn 0.2075 0.4466 0.8703
vn -0.2075 0.4466 0.8704
vn -0.4454 0.3219 0.8355
vn -0.4152 0.4699 0.7789
vn -0.7704 0.5387 0.3411
vn -0.8326 0.5538 -0.0000
vn -0.6135 0.5044 -0.6076
vn -0.4454 0.3219 -0.8355
vn -0.2075 0.4465 -0.8704
vn -0.0000 0.4385 -0.8987
vn 0.2075 0.4466 -0.8704
vn 0.3751 0.6036 -0.7036
vn 0.5466 0.6390 -0.5412
vn 0.6136 0.5044 -0.6076
vn 0.6764 0.6728 -0.2996
vn 0.6764 0.6728 0.2996
vn 0.5465 0.6391 0.5412
vn 0.1891 0.5789 0.7932
vn -0.0000 0.4385 0.8987
vn -0.1891 0.5788 0.7932
vn -0.5465 0.6391 0.5412
vn -0.6136 0.5044 0.6076
vn -0.7264 0.6872 -0.0000
vn -0.7703 0.5387 -0.3411
vn -0.6764 0.6728 -0.2996
vn -0.5465 0.6390 -0.5412
vn -0.4152 0.4699 -0.7790
vn -0.3751 0.6036 -0.7036
vn -0.0000 0.5702 -0.8215
vn 0.1891 0.5789 -0.7932
vn 0.3264 0.7200 -0.6124
vn 0.5722 0.7800 -0.2534
vn 0.6107 0.7919 -0.0000
vn 0.7265 0.6872 -0.0000
vn 0.4688 0.7514 0.4643
vn 0.3264 0.7200 0.6124
vn 0.3750 0.6036 0.7036
vn 0.1662 0.6973 0.6972
vn -0.0000 0.5702 0.8215
vn -0.1662 0.6974 0.6972
vn -0.3264 0.7200 0.6124
vn -0.3750 0.6036 0.7036
vn -0.4688 0.7514 0.4643
vn -0.6764 0.6728 0.2996
vn -0.6107 0.7919 -0.0000
vn -0.5722 0.7800 -0.2534
vn -0.3264 0.7200 -0.6124
vn -0.1662 0.6974 -0.6972
vn -0.1891 0.5789 -0.7932
vn -0.0000 0.6892 -0.7245
vn 0.1662 0.6974 -0.6972
vn 0.2712 0.8171 -0.5087
vn 0.4689 0.7514 -0.4643
vn 0.4630 0.8623 -0.2050
vn 0.4630 0.8623 0.2050
vn 0.5722 0.7800 0.2534
vn 0.3843 0.8412 0.3805
vn 0.1394 0.7991 0.5848
vn -0.0000 0.6892 0.7245
vn -0.1394 0.7991 0.5848
vn -0.2712 0.8171 0.5087
vn -0.3843 0.8412 0.3805
vn -0.4630 0.8623 0.2051
vn -0.5722 0.7800 0.2534
vn -0.4630 0.8623 -0.2050
vn -0.3843 0.8412 -0.3805
vn -0.4689 0.7514 -0.4643
vn -0.2712 0.8171 -0.5087
vn -0.1394 0.7991 -0.5848
vn -0.0000 0.7925 -0.6099
vn 0.1394 0.7991 -0.5848
vn 0.1095 0.8815 -0.4594
vn 0.2112 0.8936 -0.3961
vn 0.3842 0.8412 -0.3805
vn 0.3527 0.9226 -0.1562
vn 0.3730 0.9278 -0.0000
vn 0.4917 0.8708 -0.0000
vn 0.3527 0.9226 0.1562
vn 0.2957 0.9093 0.2928
vn 0.2712 0.8171 0.5087
vn 0.2112 0.8936 0.3961
vn 0.1095 0.8815 0.4593
vn -0.0000 0.7925 0.6098
vn -0.1095 0.8815 0.4594
vn -0.2112 0.8936 0.3961
vn -0.2957 0.9093 0.2928
vn -0.3527 0.9226 0.1562
vn -0.4916 0.8708 -0.0000
vn -0.3730 0.9278 -0.0000
vn -0.3527 0.9226 -0.1562
vn -0.2957 0.9093 -0.2928
vn -0.1095 0.8815 -0.4593
vn -0.0000 0.8770 -0.4805
vn 0.1487 0.9487 -0.2789
vn 0.2957 0.9093 -0.2928
vn 0.2443 0.9636 -0.1082
vn 0.2443 0.9636 0.1082
vn 0.2064 0.9569 0.2044
vn 0.0776 0.9423 0.3256
vn -0.0000 0.9399 0.3415
vn -0.0000 0.8770 0.4805
vn -0.0776 0.9423 0.3256
vn -0.2064 0.9569 0.2044
vn -0.2443 0.9636 0.1082
vn -0.2576 0.9663 -0.0000
vn -0.2443 0.9636 -0.1082
vn -0.2064 0.9569 -0.2044
vn -0.2112 0.8936 -0.3961
vn -0.1487 0.9487 -0.2789
vn -0.0776 0.9423 -0.3257
vn 0.0776 0.9423 -0.3257
vn 0.0889 0.9820 -0.1668
vn 0.2064 0.9569 -0.2044
vn 0.1228 0.9850 -0.1216
vn 0.1523 0.9883 -0.0000
vn 0.2576 0.9663 -0.0000
vn 0.1447 0.9874 0.0641
vn 0.1228 0.9850 0.1216
vn 0.1487 0.9488 0.2789
vn 0.0466 0.9796 0.1956
vn -0.0466 0.9796 0.1956
vn -0.1487 0.9487 0.2789
vn -0.1228 0.9850 0.1216
vn -0.1447 0.9874 0.0641
vn -0.1523 0.9883 -0.0000
vn -0.1447 0.9874 -0.0641
vn -0.1228 0.9850 -0.1216
vn -0.0889 0.9820 -0.1668
vn -0.0466 0.9796 -0.1956
vn -0.0000 0.9399 -0.3415
vn 0.0466 0.9796 -0.1956
vn -0.0000 -1.0000 -0.0000
vn -0.0000 1.0000 -0.0000
vn 0.1447 0.9874 -0.0641
vn 0.0889 0.9820 0.1668
vn -0.0000 0.9787 0.2055
vn -0.0889 0.9820 0.1668
vn -0.0000 0.9787 -0.2055
vn -0.8934 0.4337 -0.1172
vn -0.6154 0.4190 -0.6676
vn -0.8355 0.2430 -0.4928
vn -0.9952 0.0681 0.0701
vn -0.9844 -0.0186 -0.1749
vn -0.9112 -0.3117 0.2695
vn -0.9254 -0.2893 0.2450
vn -0.6951 -0.5850 0.4178
vn -0.6821 -0.4428 0.5820
vn -0.4503 -0.7365 0.5047
vn -0.4183 -0.4869 0.7668
vn -0.2186 -0.8071 0.5484
vn -0.1954 -0.4877 0.8509
vn -0.0000 -0.8274 0.5616
vn -0.0000 -0.4839 0.8751
vn 0.1954 -0.4877 0.8509
vn 0.4183 -0.4869 0.7668
vn 0.2185 -0.8072 0.5484
vn 0.6821 -0.4428 0.5820
vn 0.4502 -0.7366 0.5047
vn 0.9254 -0.2893 0.2450
vn 0.6951 -0.5850 0.4178
vn 0.9844 -0.0186 -0.1749
vn 0.9111 -0.3117 0.2695
vn 0.8355 0.2430 -0.4928
vn 0.9952 0.0681 0.0701
vn 0.6154 0.4190 -0.6676
vn 0.8934 0.4337 -0.1172
vn 0.3994 0.5220 -0.7537
vn 0.6833 0.6885 -0.2430
vn 0.1962 0.5757 -0.7938
vn 0.4502 0.8367 -0.3118
vn -0.0000 0.5926 -0.8055
vn 0.2222 0.9122 -0.3442
vn -0.2222 0.9122 -0.3442
vn -0.1962 0.5757 -0.7938
vn -0.4502 0.8367 -0.3118
vn -0.3994 0.5220 -0.7537
vn -0.6833 0.6885 -0.2430
vn -0.6228 0.2384 -0.7452
vn -0.8520 0.1198 -0.5096
vn -0.9938 -0.0458 -0.1011
vn -0.9066 -0.1938 0.3748
vn -0.6587 -0.2609 0.7057
vn -0.4067 -0.2718 0.8722
vn -0.1922 -0.2660 0.9446
vn 0.1922 -0.2660 0.9446
vn 0.4066 -0.2718 0.8722
vn 0.6587 -0.2609 0.7057
vn 0.9066 -0.1938 0.3748
vn 0.9938 -0.0458 -0.1011
vn 0.8520 0.1198 -0.5096
vn 0.6228 0.2384 -0.7452
vn 0.4003 0.3091 -0.8627
vn 0.1958 0.3460 -0.9176
vn -0.0000 0.3576 -0.9339
vn -0.1958 0.3460 -0.9176
vn -0.4003 0.3091 -0.8627
vn -0.7043 0.1687 -0.6896
vn -0.9085 0.0992 -0.4060
vn -0.9999 0.0038 -0.0152
vn -0.9188 -0.0930 0.3836
vn -0.7138 -0.1644 0.6808
vn -0.4720 -0.2066 0.8571
vn -0.2329 -0.2277 0.9455
vn -0.0000 -0.2625 0.9649
vn 0.2329 -0.2277 0.9455
vn 0.4716 -0.2069 0.8572
vn 0.7138 -0.1644 0.6808
vn 0.9188 -0.0930 0.3836
vn 0.9999 0.0038 -0.0152
vn 0.9085 0.0991 -0.4059
vn 0.7043 0.1687 -0.6895
vn 0.4675 0.2102 -0.8587
vn 0.2318 0.2312 -0.9449
vn -0.2318 0.2312 -0.9449
vn -0.4676 0.2101 -0.8586
vn 0.1296 -0.5265 0.8403
vn -0.7916 -0.6089 0.0510
vn 0.1080 -0.7661 0.6336
vn -0.7950 -0.4839 -0.3658
vn -0.0000 0.9354 -0.3536
vn -0.0000 -0.2340 0.9722
vn -0.0000 0.2377 -0.9713
vt 0.920723 0.706655
vt 0.939405 0.739961
vt 0.955768 0.703879
vt 0.932154 0.672117
vt 0.880117 0.680998
vt 0.870027 0.711340
vt 0.886377 0.739576
vt 0.911603 0.753135
vt 0.916484 0.824920
vt 0.890032 0.805643
vt 0.887314 0.839861
vt 0.861885 0.819085
vt 0.852011 0.790931
vt 0.867278 0.771675
vt 0.918860 0.777188
vt 0.930755 0.799347
vt 0.316345 0.943596
vt 0.350712 0.960728
vt 0.322910 0.930421
vt 0.922010 0.833715
vt 0.195299 0.941611
vt 0.159766 0.958459
vt 0.167145 0.967291
vt 0.854166 0.826464
vt 0.885928 0.850078
vt 0.957581 0.778733
vt 0.949725 0.757084
vt 0.936826 0.763466
vt 0.971219 0.805621
vt 0.972898 0.774501
vt 0.974414 0.833080
vt 0.987579 0.804843
vt 0.958916 0.830315
vt 0.952040 0.846638
vt 0.697639 0.606036
vt 0.652129 0.554844
vt 0.639235 0.607087
vt 0.649576 0.653533
vt 0.734050 0.644875
vt 0.756984 0.601852
vt 0.736255 0.559664
vt 0.699906 0.538091
vt 0.249470 0.663023
vt 0.292575 0.622015
vt 0.235852 0.620957
vt 0.247416 0.583601
vt 0.289087 0.567125
vt 0.322430 0.587679
vt 0.324372 0.662713
vt 0.292051 0.681670
vt 0.808032 0.806511
vt 0.845940 0.845144
vt 0.827146 0.797367
vt 0.748925 0.721947
vt 0.747518 0.672310
vt 0.728086 0.679881
vt 0.841162 0.926015
vt 0.801560 0.964237
vt 0.818932 0.967687
vt 0.736970 0.770999
vt 0.772174 0.724553
vt 0.335339 0.580563
vt 0.297825 0.557079
vt 0.344428 0.625738
vt 0.337544 0.665774
vt 0.358273 0.623586
vt 0.806855 0.761018
vt 0.790497 0.774191
vt 0.196872 0.891896
vt 0.191297 0.892015
vt 0.192038 0.893467
vt 0.195410 0.889026
vt 0.190144 0.890861
vt 0.193132 0.886749
vt 0.188692 0.890121
vt 0.187081 0.884783
vt 0.187081 0.889866
vt 0.185471 0.890121
vt 0.181030 0.886749
vt 0.184018 0.890861
vt 0.182865 0.892015
vt 0.178752 0.889026
vt 0.182124 0.893467
vt 0.176786 0.895078
vt 0.181869 0.895078
vt 0.182124 0.896688
vt 0.178752 0.901129
vt 0.182865 0.898141
vt 0.181030 0.903407
vt 0.184018 0.899294
vt 0.185471 0.900034
vt 0.183900 0.904869
vt 0.187081 0.900290
vt 0.190262 0.904869
vt 0.188692 0.900034
vt 0.190144 0.899294
vt 0.193132 0.903407
vt 0.191297 0.898141
vt 0.195410 0.901129
vt 0.192038 0.896688
vt 0.197376 0.895078
vt 0.192293 0.895078
vt 0.201466 0.890404
vt 0.199318 0.886188
vt 0.195971 0.882841
vt 0.190262 0.885287
vt 0.187081 0.879953
vt 0.183900 0.885287
vt 0.178191 0.882841
vt 0.174845 0.886188
vt 0.177290 0.891896
vt 0.172696 0.890404
vt 0.172696 0.899752
vt 0.177290 0.898259
vt 0.174845 0.903968
vt 0.178191 0.907314
vt 0.187081 0.910203
vt 0.187081 0.905373
vt 0.195971 0.907314
vt 0.199317 0.903968
vt 0.201466 0.899752
vt 0.196872 0.898259
vt 0.202206 0.895078
vt 0.205705 0.889026
vt 0.198591 0.879235
vt 0.191755 0.880693
vt 0.193132 0.876454
vt 0.187081 0.875495
vt 0.182407 0.880693
vt 0.175571 0.879235
vt 0.171238 0.883568
vt 0.168457 0.889026
vt 0.234659 0.865393
vt 0.239333 0.868125
vt 0.239333 0.865393
vt 0.244007 0.865393
vt 0.171238 0.906588
vt 0.175571 0.910920
vt 0.181030 0.913702
vt 0.182407 0.909463
vt 0.187081 0.914660
vt 0.191755 0.909463
vt 0.198591 0.910920
vt 0.202924 0.906588
vt 0.294996 0.869833
vt 0.301048 0.867102
vt 0.296374 0.867102
vt 0.301048 0.869833
vt 0.305722 0.867102
vt 0.308327 0.873228
vt 0.312558 0.869833
vt 0.307099 0.869833
vt 0.206140 0.881231
vt 0.202924 0.883568
vt 0.194361 0.872673
vt 0.187081 0.871520
vt 0.181030 0.876454
vt 0.173234 0.876019
vt 0.168022 0.881231
vt 0.225486 0.871520
vt 0.233282 0.868125
vt 0.227823 0.868125
vt 0.239333 0.871520
vt 0.245384 0.868125
vt 0.246613 0.871520
vt 0.250843 0.868125
vt 0.173234 0.914136
vt 0.187081 0.918636
vt 0.193132 0.913702
vt 0.194361 0.917483
vt 0.200928 0.914136
vt 0.287201 0.873228
vt 0.289537 0.869833
vt 0.293768 0.873228
vt 0.301048 0.873228
vt 0.309377 0.877204
vt 0.314895 0.873228
vt 0.322853 0.877204
vt 0.320106 0.873228
vt 0.202924 0.873272
vt 0.200928 0.876019
vt 0.187081 0.868125
vt 0.178752 0.869444
vt 0.179801 0.872673
vt 0.220274 0.871520
vt 0.223490 0.875495
vt 0.232053 0.871520
vt 0.239333 0.875495
vt 0.247662 0.875495
vt 0.253180 0.871520
vt 0.261138 0.875495
vt 0.258392 0.871520
vt 0.178752 0.920712
vt 0.179801 0.917483
vt 0.195410 0.920712
vt 0.202924 0.916883
vt 0.279242 0.877204
vt 0.281989 0.873228
vt 0.285205 0.877204
vt 0.292719 0.877204
vt 0.301048 0.877204
vt 0.310221 0.881661
vt 0.316890 0.877204
vt 0.325063 0.881661
vt 0.196254 0.866846
vt 0.195410 0.869444
vt 0.187081 0.865393
vt 0.177908 0.866846
vt 0.171238 0.873272
vt 0.215318 0.879953
vt 0.217527 0.875495
vt 0.221885 0.879953
vt 0.231004 0.875495
vt 0.230160 0.879953
vt 0.239333 0.879953
vt 0.248506 0.879953
vt 0.255176 0.875495
vt 0.256781 0.879953
vt 0.171238 0.916883
vt 0.177908 0.923310
vt 0.187081 0.924762
vt 0.187081 0.922031
vt 0.204529 0.919093
vt 0.277032 0.881661
vt 0.291875 0.881661
vt 0.301048 0.881661
vt 0.310839 0.886491
vt 0.318496 0.881661
vt 0.319672 0.886491
vt 0.305443 0.931379
vt 0.310273 0.940830
vt 0.310273 0.932555
vt 0.305443 0.940212
vt 0.310273 0.950003
vt 0.305443 0.959794
vt 0.310273 0.959176
vt 0.305443 0.968627
vt 0.310273 0.967451
vt 0.220709 0.884783
vt 0.229542 0.884783
vt 0.239333 0.884783
vt 0.249124 0.884783
vt 0.257957 0.884783
vt 0.263348 0.879953
vt 0.243702 0.967451
vt 0.248532 0.959794
vt 0.243702 0.959176
vt 0.248532 0.950003
vt 0.243702 0.950003
vt 0.248532 0.940212
vt 0.243702 0.940830
vt 0.243702 0.932555
vt 0.282424 0.886491
vt 0.283599 0.881661
vt 0.301048 0.886491
vt 0.311216 0.891574
vt 0.327669 0.891574
vt 0.326682 0.886491
vt 0.300360 0.939835
vt 0.305443 0.950003
vt 0.300360 0.950003
vt 0.300360 0.969345
vt 0.212712 0.889866
vt 0.213699 0.884783
vt 0.229164 0.889866
vt 0.239333 0.889866
vt 0.258674 0.889866
vt 0.264967 0.884783
vt 0.253615 0.969344
vt 0.248532 0.968627
vt 0.253615 0.960171
vt 0.253615 0.950003
vt 0.253615 0.930662
vt 0.248532 0.931379
vt 0.274426 0.891574
vt 0.275414 0.886491
vt 0.290879 0.891574
vt 0.291256 0.886491
vt 0.301048 0.891574
vt 0.320630 0.896786
vt 0.320389 0.891574
vt 0.300360 0.930662
vt 0.295148 0.939708
vt 0.295148 0.950003
vt 0.295148 0.960298
vt 0.300360 0.960171
vt 0.295148 0.969586
vt 0.219750 0.895078
vt 0.219991 0.889866
vt 0.229038 0.895078
vt 0.239333 0.895078
vt 0.249501 0.889866
vt 0.249628 0.895078
vt 0.266286 0.895078
vt 0.265954 0.889866
vt 0.258827 0.960298
vt 0.258827 0.939708
vt 0.253615 0.939835
vt 0.281465 0.896786
vt 0.281706 0.891574
vt 0.290753 0.896786
vt 0.311343 0.896786
vt 0.311216 0.901998
vt 0.327669 0.901998
vt 0.328001 0.896786
vt 0.289937 0.930662
vt 0.295148 0.930421
vt 0.289937 0.939835
vt 0.289937 0.950003
vt 0.289937 0.969345
vt 0.212380 0.895078
vt 0.219991 0.900290
vt 0.229164 0.900290
vt 0.249501 0.900290
vt 0.258915 0.895078
vt 0.258674 0.900290
vt 0.258827 0.969586
vt 0.264039 0.960171
vt 0.264039 0.950003
vt 0.258827 0.950003
vt 0.264039 0.939835
vt 0.264039 0.930662
vt 0.258827 0.930421
vt 0.274426 0.901998
vt 0.274095 0.896786
vt 0.281706 0.901998
vt 0.290879 0.901998
vt 0.301048 0.896786
vt 0.301048 0.901998
vt 0.310839 0.907081
vt 0.320389 0.901998
vt 0.319672 0.907081
vt 0.284853 0.931379
vt 0.284853 0.940212
vt 0.284853 0.950003
vt 0.289937 0.960171
vt 0.284853 0.968627
vt 0.212712 0.900290
vt 0.220709 0.905373
vt 0.239333 0.905373
vt 0.239333 0.900290
vt 0.249124 0.905373
vt 0.264967 0.905373
vt 0.265954 0.900290
vt 0.264039 0.969344
vt 0.269122 0.959794
vt 0.269122 0.950003
vt 0.269122 0.940212
vt 0.275414 0.907081
vt 0.291256 0.907081
vt 0.301048 0.907081
vt 0.318496 0.911911
vt 0.326682 0.907081
vt 0.280023 0.940830
vt 0.280023 0.950003
vt 0.284853 0.959794
vt 0.280023 0.959176
vt 0.215318 0.910203
vt 0.213699 0.905373
vt 0.221885 0.910203
vt 0.229542 0.905373
vt 0.230160 0.910203
vt 0.248506 0.910203
vt 0.257957 0.905373
vt 0.256781 0.910203
vt 0.269122 0.968627
vt 0.273952 0.959176
vt 0.273952 0.950003
vt 0.273952 0.932555
vt 0.269122 0.931379
vt 0.277032 0.911911
vt 0.282424 0.907081
vt 0.291875 0.911911
vt 0.301048 0.911911
vt 0.310221 0.911911
vt 0.316890 0.916369
vt 0.322853 0.916369
vt 0.325063 0.911911
vt 0.370711 0.914332
vt 0.364041 0.920758
vt 0.372316 0.916542
vt 0.363197 0.918160
vt 0.354868 0.922211
vt 0.346539 0.918160
vt 0.345695 0.920758
vt 0.337420 0.916542
vt 0.217527 0.914660
vt 0.231004 0.914660
vt 0.239333 0.910203
vt 0.247662 0.914660
vt 0.261138 0.914660
vt 0.263348 0.910203
vt 0.339025 0.870721
vt 0.345695 0.864294
vt 0.337420 0.868511
vt 0.354868 0.865573
vt 0.354868 0.862842
vt 0.364041 0.864294
vt 0.363197 0.866892
vt 0.372316 0.868511
vt 0.279242 0.916369
vt 0.283599 0.911911
vt 0.285205 0.916369
vt 0.301048 0.916369
vt 0.309377 0.916369
vt 0.314895 0.920344
vt 0.362148 0.914931
vt 0.354868 0.916084
vt 0.354868 0.919479
vt 0.341021 0.911585
vt 0.339025 0.914332
vt 0.225486 0.918636
vt 0.223490 0.914660
vt 0.232053 0.918636
vt 0.239333 0.914660
vt 0.246613 0.918636
vt 0.253180 0.918636
vt 0.255176 0.914660
vt 0.258392 0.918636
vt 0.341021 0.873467
vt 0.346539 0.866892
vt 0.354868 0.868968
vt 0.362148 0.870121
vt 0.370711 0.870721
vt 0.287201 0.920344
vt 0.293768 0.920344
vt 0.292719 0.916369
vt 0.301048 0.920344
vt 0.308327 0.920344
vt 0.312558 0.923739
vt 0.370711 0.904037
vt 0.368715 0.911585
vt 0.373927 0.906373
vt 0.360919 0.911150
vt 0.348817 0.911150
vt 0.347588 0.914931
vt 0.343358 0.908369
vt 0.335809 0.906373
vt 0.233282 0.922031
vt 0.239333 0.918636
vt 0.245384 0.922031
vt 0.250843 0.922031
vt 0.335809 0.878679
vt 0.343358 0.876684
vt 0.348817 0.873902
vt 0.347588 0.870121
vt 0.360919 0.873902
vt 0.366378 0.876684
vt 0.368715 0.873467
vt 0.370711 0.881016
vt 0.373927 0.878679
vt 0.294996 0.923739
vt 0.301048 0.923739
vt 0.307099 0.923739
vt 0.369253 0.897200
vt 0.373492 0.898578
vt 0.367104 0.901416
vt 0.366378 0.908369
vt 0.359542 0.906911
vt 0.354868 0.907651
vt 0.354868 0.912109
vt 0.350194 0.906911
vt 0.345978 0.904763
vt 0.339025 0.904037
vt 0.342632 0.901416
vt 0.336244 0.898578
vt 0.234659 0.924762
vt 0.239333 0.922031
vt 0.244007 0.924762
vt 0.340483 0.887852
vt 0.339025 0.881016
vt 0.336244 0.886475
vt 0.342632 0.883636
vt 0.345978 0.880290
vt 0.350194 0.878141
vt 0.354868 0.872944
vt 0.354868 0.877401
vt 0.359542 0.878141
vt 0.363758 0.880290
vt 0.369253 0.887852
vt 0.373492 0.886475
vt 0.301048 0.926471
vt 0.305722 0.926471
vt 0.363197 0.898578
vt 0.363758 0.904763
vt 0.358049 0.902317
vt 0.351687 0.902317
vt 0.348817 0.900855
vt 0.345077 0.895708
vt 0.340483 0.897200
vt 0.344573 0.892526
vt 0.339743 0.892526
vt 0.345077 0.889345
vt 0.348817 0.884197
vt 0.351687 0.882735
vt 0.354868 0.882231
vt 0.358049 0.882735
vt 0.360919 0.884197
vt 0.367104 0.883636
vt 0.363197 0.886475
vt 0.364659 0.889345
vt 0.369993 0.892526
vt 0.364659 0.895708
vt 0.359084 0.895590
vt 0.360919 0.900855
vt 0.357931 0.896743
vt 0.354868 0.897738
vt 0.354868 0.902821
vt 0.353257 0.897483
vt 0.351805 0.896743
vt 0.346539 0.898578
vt 0.349911 0.894137
vt 0.349911 0.890916
vt 0.346539 0.886475
vt 0.351805 0.888310
vt 0.353257 0.887569
vt 0.354868 0.887314
vt 0.356479 0.887569
vt 0.357931 0.888310
vt 0.359084 0.889463
vt 0.359825 0.890916
vt 0.365163 0.892526
vt 0.359825 0.894137
vt 0.187081 0.895078
vt 0.354868 0.892526
vt 0.356479 0.897483
vt 0.350652 0.895590
vt 0.349656 0.892526
vt 0.350652 0.889463
vt 0.360080 0.892526
vt 0.421440 0.540250
vt 0.448916 0.536314
vt 0.447577 0.528292
vt 0.421226 0.531891
vt 0.446147 0.519418
vt 0.421013 0.523531
vt 0.444747 0.510566
vt 0.420820 0.515990
vt 0.443488 0.502605
vt 0.420667 0.510005
vt 0.442476 0.496311
vt 0.128090 0.670926
vt 0.136753 0.661075
vt 0.128678 0.657026
vt 0.119727 0.669602
vt 0.119727 0.655627
vt 0.110776 0.657026
vt 0.102702 0.661075
vt 0.111365 0.670926
vt 0.530274 0.438556
vt 0.507453 0.431156
vt 0.529262 0.444850
vt 0.531533 0.430595
vt 0.507606 0.425171
vt 0.532933 0.421743
vt 0.507799 0.417630
vt 0.534363 0.412869
vt 0.508013 0.409270
vt 0.535703 0.404847
vt 0.508226 0.400911
vt 0.794414 0.959524
vt 0.766005 0.964391
vt 0.793289 0.965932
vt 0.795206 0.951449
vt 0.766158 0.958404
vt 0.795488 0.942498
vt 0.766256 0.950860
vt 0.766256 0.934135
vt 0.795206 0.933547
vt 0.766158 0.926592
vt 0.794414 0.925472
vt 0.766005 0.920605
vt 0.793289 0.919064
vt 0.605334 0.439056
vt 0.594240 0.514191
vt 0.598354 0.522214
vt 0.481142 0.451011
vt 0.475307 0.448608
vt 0.469495 0.446194
vt 0.136182 0.608788
vt 0.143161 0.667369
vt 0.131682 0.607082
vt 0.126012 0.605987
vt 0.113442 0.605987
vt 0.107772 0.607082
vt 0.103273 0.608788
vt 0.096293 0.667369
vt 0.556281 0.494967
vt 0.562093 0.492553
vt 0.567928 0.490150
vt 0.649336 0.514191
vt 0.638243 0.439056
vt 0.645222 0.522214
vt 0.633743 0.440727
vt 0.638814 0.528598
vt 0.628073 0.441767
vt 0.630739 0.532720
vt 0.621788 0.442120
vt 0.621788 0.534141
vt 0.612837 0.532720
vt 0.615503 0.441767
vt 0.604762 0.528598
vt 0.609833 0.440727
vt 0.500552 0.396960
vt 0.486435 0.453156
vt 0.494900 0.396138
vt 0.488660 0.395193
vt 0.482441 0.394233
vt 0.464268 0.444024
vt 0.136182 0.558134
vt 0.131682 0.557462
vt 0.126012 0.557033
vt 0.119727 0.605607
vt 0.113442 0.557033
vt 0.107772 0.557462
vt 0.103273 0.558134
vt 0.551054 0.497137
vt 0.569227 0.546928
vt 0.575447 0.545968
vt 0.581687 0.545023
vt 0.587338 0.544201
vt 0.573221 0.488005
vt 0.633743 0.383475
vt 0.628073 0.383828
vt 0.615503 0.383828
vt 0.609833 0.383475
vt 0.902032 0.663581
vt 0.894166 0.761018
vt 0.341917 0.969901
vt 0.189888 0.928712
vt 0.938865 0.842210
vt 0.696535 0.668360
vt 0.826508 0.849092
vt 0.823728 0.917278
vt 0.719598 0.759302
vt 0.171956 0.895078
vt 0.168457 0.901129
vt 0.205705 0.901129
vt 0.168022 0.908925
vt 0.206140 0.908925
vt 0.204529 0.871063
vt 0.169633 0.871063
vt 0.169633 0.919093
vt 0.196254 0.923310
vt 0.280023 0.932555
vt 0.280023 0.967451
vt 0.273952 0.967451
vt 0.273952 0.940830
vt 0.320106 0.920344
vt 0.220274 0.918636
vt 0.281989 0.920344
vt 0.227823 0.922031
vt 0.289537 0.923739
vt 0.239333 0.924762
vt 0.296374 0.926471
vt 0.421633 0.547791
vt 0.135633 0.674769
vt 0.103821 0.674769
vt 0.508419 0.393369
vt 0.766290 0.942498
vt 0.602445 0.436911
vt 0.641132 0.436911
vt 0.476848 0.393369
vt 0.119727 0.556883
vt 0.563634 0.547792
vt 0.638243 0.382860
vt 0.621788 0.383944
vt 0.605334 0.382860
s 1
usemtl lambert1
f 509/669/524 511/670/525 508/671/524
f 512/672/526 509/669/527 508/671/526
f 509/669/528 514/673/528 515/674/528
f 509/669/529 516/675/530 510/676/529
f 499/677/531 506/678/532 503/679/532
f 501/680/533 506/678/533 505/681/533
f 506/678/534 502/682/534 505/681/534
f 500/683/535 506/678/535 507/684/535
f 507/685/536 511/686/537 510/687/536
f 503/679/538 511/688/539 499/677/539
f 505/689/540 512/690/541 501/691/540
f 503/679/538 512/692/542 508/693/538
f 502/694/543 513/695/544 505/696/545
f 504/697/546 514/698/547 502/694/543
f 504/697/548 516/699/549 515/700/548
f 500/701/550 510/702/551 516/699/549
f 527/703/552 529/704/553 526/705/552
f 530/706/554 527/703/555 526/705/555
f 527/703/556 532/707/556 533/708/556
f 527/703/557 534/709/557 528/710/557
f 517/711/558 524/712/559 521/713/558
f 519/714/560 524/712/561 523/715/561
f 524/712/562 520/716/562 523/715/563
f 518/717/564 524/712/564 525/718/564
f 525/719/565 529/720/566 528/721/566
f 521/722/567 529/723/568 517/724/568
f 523/725/569 530/726/569 519/727/569
f 521/722/567 530/728/570 526/729/567
f 523/715/571 532/730/572 531/731/573
f 522/732/574 532/730/572 520/716/575
f 522/732/576 534/733/577 533/734/576
f 525/719/578 534/735/577 518/736/579
f 555/737/580 536/738/581 535/739/582
f 556/740/583 537/741/584 536/738/581
f 557/742/585 538/743/586 537/741/584
f 538/743/586 559/744/587 539/745/588
f 559/744/587 540/746/589 539/745/588
f 540/746/589 561/747/590 541/748/591
f 561/747/590 542/749/592 541/748/591
f 562/750/593 543/751/594 542/749/592
f 543/751/594 564/752/595 544/753/596
f 564/752/595 545/754/597 544/753/596
f 545/754/597 566/755/598 546/756/599
f 546/756/599 567/757/600 547/758/601
f 567/757/600 548/759/602 547/758/601
f 568/760/603 549/761/604 548/759/602
f 549/761/604 570/762/605 550/763/606
f 570/762/605 551/764/607 550/763/606
f 571/765/608 552/766/609 551/764/607
f 572/767/610 553/768/611 552/766/609
f 553/768/611 574/769/612 554/770/613
f 574/769/612 535/739/582 554/770/613
f 575/771/614 556/740/583 555/737/580
f 576/772/615 557/742/585 556/740/583
f 577/773/616 558/774/617 557/742/585
f 558/774/617 579/775/618 559/744/587
f 579/775/618 560/776/619 559/744/587
f 560/776/619 581/777/620 561/747/590
f 581/777/620 562/750/593 561/747/590
f 582/778/621 563/779/622 562/750/593
f 583/780/623 564/752/595 563/779/622
f 564/752/595 585/781/624 565/782/625
f 565/782/625 586/783/626 566/755/598
f 586/783/626 567/757/600 566/755/598
f 587/784/627 568/760/603 567/757/600
f 568/760/603 589/785/628 569/786/629
f 589/785/628 570/762/605 569/786/629
f 570/762/605 591/787/630 571/765/608
f 571/765/608 592/788/631 572/767/610
f 572/767/610 593/789/632 573/790/633
f 573/790/633 594/791/634 574/769/612
f 594/791/634 555/737/580 574/769/612
f 595/792/635 576/772/615 575/771/614
f 576/772/615 597/793/636 577/773/616
f 597/793/636 578/794/637 577/773/616
f 598/795/638 579/775/618 578/794/637
f 599/796/639 580/797/640 579/775/618
f 580/797/640 601/798/641 581/777/620
f 581/777/620 602/799/642 582/778/621
f 582/778/621 603/800/643 583/780/623
f 583/801/623 604/802/644 584/803/645
f 604/802/644 585/804/624 584/803/645
f 585/781/624 606/805/646 586/783/626
f 586/783/626 607/806/647 587/784/627
f 587/784/627 608/807/648 588/808/649
f 608/807/648 589/785/628 588/808/649
f 609/809/650 590/810/651 589/785/628
f 590/810/651 611/811/652 591/787/630
f 591/787/630 612/812/653 592/788/631
f 612/812/653 593/789/632 592/788/631
f 613/813/654 594/814/634 593/815/632
f 614/816/655 575/817/614 594/814/634
f 615/818/656 596/819/657 595/820/635
f 616/821/658 597/793/636 596/822/657
f 597/793/636 618/823/659 598/795/638
f 618/823/659 599/796/639 598/795/638
f 619/824/660 600/825/661 599/796/639
f 600/825/661 621/826/662 601/798/641
f 601/798/641 622/827/663 602/799/642
f 622/828/663 603/829/643 602/830/642
f 603/829/643 624/831/664 604/802/644
f 624/831/664 605/832/665 604/802/644
f 625/833/666 606/834/646 605/832/665
f 606/805/646 627/835/667 607/806/647
f 627/835/667 608/807/648 607/806/647
f 608/807/648 629/836/668 609/809/650
f 629/836/668 610/837/669 609/809/650
f 630/838/670 611/811/652 610/837/669
f 631/839/671 612/812/653 611/811/652
f 632/840/672 613/813/654 612/841/653
f 633/842/673 614/816/655 613/813/654
f 634/843/674 595/820/635 614/816/655
f 635/844/675 616/845/658 615/818/656
f 616/845/658 637/846/676 617/847/677
f 637/848/676 618/823/659 617/849/677
f 618/823/659 639/850/678 619/824/660
f 619/824/660 640/851/679 620/852/680
f 640/851/679 621/826/662 620/852/680
f 621/853/662 642/854/681 622/828/663
f 642/854/681 623/855/682 622/828/663
f 623/855/682 644/856/683 624/831/664
f 644/856/683 625/833/666 624/831/664
f 645/857/684 626/858/685 625/833/666
f 626/858/685 647/859/686 627/860/667
f 627/835/667 648/861/687 628/862/688
f 648/861/687 629/836/668 628/862/688
f 629/836/668 650/863/689 630/838/670
f 630/838/670 651/864/690 631/839/671
f 651/865/690 632/840/672 631/866/671
f 652/867/691 633/842/673 632/840/672
f 653/868/692 634/843/674 633/842/673
f 654/869/693 615/818/656 634/843/674
f 655/870/694 636/871/695 635/844/675
f 636/871/695 657/872/696 637/846/676
f 637/848/676 658/873/697 638/874/698
f 638/874/698 659/875/699 639/850/678
f 659/875/699 640/851/679 639/850/678
f 660/876/700 641/877/701 640/851/679
f 661/878/702 642/854/681 641/879/701
f 662/880/703 643/881/704 642/854/681
f 663/882/705 644/856/683 643/881/704
f 664/883/706 645/857/684 644/856/683
f 665/884/707 646/885/708 645/857/684
f 666/886/709 647/859/686 646/885/708
f 647/887/686 668/888/710 648/861/687
f 648/861/687 669/889/711 649/890/712
f 669/889/711 650/863/689 649/890/712
f 650/863/689 671/891/713 651/864/690
f 671/892/713 652/867/691 651/865/690
f 652/867/691 673/893/714 653/868/692
f 673/893/714 654/869/693 653/868/692
f 674/894/715 635/844/675 654/869/693
f 675/895/716 656/896/717 655/870/694
f 676/897/718 657/872/696 656/896/717
f 677/898/719 658/899/697 657/900/696
f 678/901/720 659/902/699 658/899/697
f 659/902/699 680/903/721 660/904/700
f 660/904/700 681/905/722 661/906/702
f 661/878/702 682/907/723 662/880/703
f 662/880/703 683/908/724 663/882/705
f 683/908/724 664/883/706 663/882/705
f 684/909/725 665/884/707 664/883/706
f 685/910/726 666/886/709 665/884/707
f 686/911/727 667/912/728 666/886/709
f 667/913/728 688/914/729 668/915/710
f 668/915/710 689/916/730 669/917/711
f 669/917/711 690/918/731 670/919/732
f 690/918/731 671/920/713 670/919/732
f 671/892/713 692/921/733 672/922/734
f 692/921/733 673/893/714 672/922/734
f 673/893/714 694/923/735 674/894/715
f 694/923/735 655/870/694 674/894/715
f 695/924/736 676/897/718 675/895/716
f 676/897/718 697/925/737 677/926/719
f 677/898/719 698/927/738 678/901/720
f 698/927/738 679/928/739 678/901/720
f 699/929/740 680/903/721 679/928/739
f 680/903/721 701/930/741 681/905/722
f 701/931/741 682/907/723 681/932/722
f 682/907/723 703/933/742 683/908/724
f 703/933/742 684/909/725 683/908/724
f 704/934/743 685/910/726 684/909/725
f 685/910/726 706/935/744 686/911/727
f 706/935/744 687/936/745 686/911/727
f 707/937/746 688/914/729 687/938/745
f 708/939/747 689/916/730 688/914/729
f 709/940/748 690/918/731 689/916/730
f 690/918/731 711/941/749 691/942/750
f 711/943/749 692/921/733 691/944/750
f 692/921/733 713/945/751 693/946/752
f 713/945/751 694/923/735 693/946/752
f 714/947/753 675/895/716 694/923/735
f 695/924/736 716/948/754 696/949/755
f 716/948/754 697/925/737 696/949/755
f 697/950/737 718/951/756 698/927/738
f 698/927/738 719/952/757 699/929/740
f 699/929/740 720/953/758 700/954/759
f 700/954/759 721/955/760 701/930/741
f 701/931/741 722/956/761 702/957/762
f 722/956/761 703/933/742 702/957/762
f 723/958/763 704/934/743 703/933/742
f 724/959/764 705/960/765 704/934/743
f 725/961/766 706/935/744 705/960/765
f 706/935/744 727/962/767 707/963/746
f 707/937/746 728/964/768 708/939/747
f 728/964/768 709/940/748 708/939/747
f 709/940/748 730/965/769 710/966/770
f 730/965/769 711/941/749 710/966/770
f 711/943/749 732/967/771 712/968/772
f 712/968/772 733/969/773 713/945/751
f 733/969/773 714/947/753 713/945/751
f 714/947/753 715/970/774 695/924/736
f 735/971/775 716/948/754 715/970/774
f 716/948/754 737/972/776 717/973/777
f 737/974/776 718/951/756 717/975/777
f 738/976/778 719/952/757 718/951/756
f 739/977/779 720/953/758 719/952/757
f 720/953/758 741/978/780 721/955/760
f 721/979/760 742/980/781 722/956/761
f 722/956/761 743/981/782 723/958/763
f 743/981/782 724/959/764 723/958/763
f 724/959/764 745/982/783 725/961/766
f 745/982/783 726/983/784 725/961/766
f 746/984/785 727/962/767 726/983/784
f 727/985/767 748/986/786 728/964/768
f 728/964/768 749/987/787 729/988/788
f 729/988/788 750/989/789 730/965/769
f 730/965/769 751/990/790 731/991/791
f 751/992/790 732/967/771 731/993/791
f 752/994/792 733/969/773 732/967/771
f 753/995/793 734/996/794 733/969/773
f 754/997/795 715/970/774 734/996/794
f 755/998/796 736/999/797 735/971/775
f 756/1000/798 737/972/776 736/999/797
f 757/1001/799 738/976/778 737/974/776
f 758/1002/800 739/977/779 738/976/778
f 759/1003/801 740/1004/802 739/977/779
f 740/1004/802 761/1005/803 741/978/780
f 741/1006/780 762/1007/804 742/980/781
f 762/1007/804 743/981/782 742/980/781
f 743/981/782 764/1008/805 744/1009/806
f 764/1008/805 745/982/783 744/1009/806
f 765/1010/807 746/984/785 745/982/783
f 746/984/785 767/1011/808 747/1012/809
f 747/1013/809 768/1014/810 748/986/786
f 768/1014/810 749/987/787 748/986/786
f 769/1015/811 750/989/789 749/987/787
f 770/1016/812 751/990/790 750/989/789
f 771/1017/813 752/994/792 751/992/790
f 752/994/792 773/1018/814 753/995/793
f 753/995/793 774/1019/815 754/997/795
f 754/997/795 755/998/796 735/971/775
f 755/998/796 776/1020/816 756/1000/798
f 776/1020/816 757/1021/799 756/1000/798
f 757/1001/799 778/1022/817 758/1002/800
f 758/1002/800 779/1023/818 759/1003/801
f 779/1023/818 760/1024/819 759/1003/801
f 780/1025/820 761/1005/803 760/1024/819
f 781/1026/821 762/1007/804 761/1027/803
f 782/1028/822 763/1029/823 762/1007/804
f 783/1030/824 764/1008/805 763/1029/823
f 764/1008/805 785/1031/825 765/1010/807
f 785/1031/825 766/1032/826 765/1010/807
f 786/1033/827 767/1011/808 766/1032/826
f 767/1034/808 788/1035/828 768/1014/810
f 788/1035/828 769/1015/811 768/1014/810
f 789/1036/829 770/1016/812 769/1015/811
f 770/1016/812 791/1037/830 771/1038/813
f 791/1039/830 772/1040/831 771/1017/813
f 772/1040/831 793/1041/832 773/1018/814
f 773/1018/814 794/1042/833 774/1019/815
f 794/1042/833 755/998/796 774/1019/815
f 775/1043/834 796/1044/835 776/1020/816
f 776/1020/816 797/1045/836 777/1046/837
f 797/1047/836 778/1048/817 777/1049/837
f 798/1050/838 779/1051/818 778/1048/817
f 779/1051/818 800/1052/839 780/1053/820
f 800/1052/839 781/1054/821 780/1053/820
f 801/1055/840 782/1028/822 781/1026/821
f 782/1028/822 803/1056/841 783/1030/824
f 803/1056/841 784/1057/842 783/1030/824
f 784/1057/842 805/1058/843 785/1031/825
f 805/1058/843 786/1033/827 785/1031/825
f 786/1033/827 807/1059/844 787/1060/845
f 807/1061/844 788/1062/828 787/1063/845
f 788/1062/828 809/1064/846 789/1065/829
f 809/1064/846 790/1066/847 789/1065/829
f 810/1067/848 791/1068/830 790/1066/847
f 811/1069/849 792/1070/850 791/1039/830
f 812/1071/851 793/1041/832 792/1070/850
f 793/1041/832 814/1072/852 794/1042/833
f 794/1042/833 795/1073/853 775/1043/834
f 795/1073/853 816/1074/854 796/1044/835
f 816/1074/854 797/1045/836 796/1044/835
f 797/1047/836 818/1075/855 798/1050/838
f 798/1050/838 819/1076/856 799/1077/857
f 819/1076/856 800/1052/839 799/1077/857
f 800/1052/839 821/1078/858 801/1079/840
f 801/1055/840 822/1080/859 802/1081/860
f 802/1081/860 823/1082/861 803/1056/841
f 823/1082/861 804/1083/862 803/1056/841
f 804/1083/862 825/1084/863 805/1058/843
f 805/1058/843 826/1085/864 806/1086/865
f 806/1086/865 827/1087/866 807/1059/844
f 827/1088/866 808/1089/867 807/1061/844
f 808/1089/867 829/1090/868 809/1064/846
f 809/1064/846 830/1091/869 810/1067/848
f 830/1091/869 811/1092/849 810/1067/848
f 811/1069/849 832/1093/870 812/1071/851
f 812/1071/851 833/1094/871 813/1095/872
f 813/1095/872 834/1096/873 814/1072/852
f 814/1072/852 815/1097/874 795/1073/853
f 815/1097/874 836/1098/875 816/1074/854
f 836/1099/875 817/1100/876 816/1101/854
f 817/1100/876 838/1102/877 818/1075/855
f 838/1102/877 819/1076/856 818/1075/855
f 819/1076/856 840/1103/878 820/1104/879
f 840/1103/878 821/1078/858 820/1104/879
f 841/1105/880 822/1106/859 821/1078/858
f 822/1080/859 843/1107/881 823/1082/861
f 843/1107/881 824/1108/882 823/1082/861
f 824/1108/882 845/1109/883 825/1084/863
f 825/1084/863 846/1110/884 826/1085/864
f 826/1111/864 847/1112/885 827/1088/866
f 827/1088/866 848/1113/886 828/1114/887
f 848/1113/886 829/1090/868 828/1114/887
f 829/1090/868 850/1115/888 830/1091/869
f 830/1091/869 851/1116/889 831/1117/890
f 831/1117/890 852/1118/891 832/1119/870
f 832/1093/870 853/1120/892 833/1094/871
f 833/1094/871 854/1121/893 834/1096/873
f 834/1096/873 835/1122/894 815/1097/874
f 855/1123/895 836/1099/875 835/1124/894
f 856/1125/896 837/1126/897 836/1099/875
f 837/1126/897 858/1127/898 838/1102/877
f 838/1102/877 859/1128/899 839/1129/900
f 839/1129/900 860/1130/901 840/1103/878
f 860/1130/901 841/1105/880 840/1103/878
f 861/1131/902 842/1132/903 841/1105/880
f 862/1133/904 843/1134/881 842/1132/903
f 863/1135/905 844/1136/906 843/1107/881
f 844/1136/906 865/1137/907 845/1109/883
f 865/1138/907 846/1139/884 845/1140/883
f 866/1141/908 847/1112/885 846/1139/884
f 867/1142/909 848/1113/886 847/1112/885
f 868/1143/910 849/1144/911 848/1113/886
f 869/1145/912 850/1115/888 849/1144/911
f 870/1146/913 851/1116/889 850/1115/888
f 871/1147/914 852/1118/891 851/1116/889
f 852/1118/891 873/1148/915 853/1149/892
f 853/1120/892 874/1150/916 854/1121/893
f 854/1121/893 855/1151/895 835/1122/894
f 855/1123/895 876/1152/917 856/1125/896
f 876/1152/917 857/1153/918 856/1125/896
f 857/1153/918 878/1154/919 858/1127/898
f 878/1154/919 859/1128/899 858/1127/898
f 859/1128/899 880/1155/920 860/1130/901
f 860/1130/901 881/1156/921 861/1131/902
f 881/1156/921 862/1133/904 861/1131/902
f 862/1133/904 883/1157/922 863/1158/905
f 863/1158/905 884/1159/923 864/1160/924
f 884/1159/923 865/1138/907 864/1160/924
f 885/1161/925 866/1141/908 865/1138/907
f 866/1141/908 887/1162/926 867/1142/909
f 867/1142/909 888/1163/927 868/1143/910
f 868/1143/910 889/1164/928 869/1145/912
f 889/1164/928 870/1146/913 869/1145/912
f 890/1165/929 871/1147/914 870/1146/913
f 891/1166/930 872/1167/931 871/1147/914
f 892/1168/932 873/1148/915 872/1167/931
f 893/1169/933 874/1170/916 873/1148/915
f 874/1170/916 875/1171/934 855/1123/895
f 875/1171/934 896/1172/935 876/1152/917
f 896/1172/935 877/1173/936 876/1152/917
f 897/1174/937 878/1154/919 877/1173/936
f 878/1154/919 899/1175/938 879/1176/939
f 879/1176/939 900/1177/940 880/1155/920
f 880/1155/920 901/1178/941 881/1156/921
f 901/1178/941 882/1179/942 881/1156/921
f 882/1179/942 903/1180/943 883/1157/922
f 903/1180/943 884/1159/923 883/1157/922
f 884/1159/923 905/1181/944 885/1161/925
f 905/1181/944 886/1182/945 885/1161/925
f 886/1182/945 907/1183/946 887/1162/926
f 887/1162/926 908/1184/947 888/1163/927
f 908/1184/947 889/1164/928 888/1163/927
f 909/1185/948 890/1165/929 889/1164/928
f 910/1186/949 891/1166/930 890/1165/929
f 911/1187/950 892/1168/932 891/1166/930
f 912/1188/951 893/1169/933 892/1168/932
f 913/1189/952 894/1190/953 893/1169/933
f 894/1190/953 895/1191/954 875/1171/934
f 536/738/581 915/1192/955 535/739/582
f 537/741/584 915/1192/955 536/738/581
f 538/743/586 915/1192/955 537/741/584
f 539/745/588 915/1192/955 538/743/586
f 540/746/589 915/1192/955 539/745/588
f 541/748/591 915/1192/955 540/746/589
f 542/749/592 915/1192/955 541/748/591
f 543/751/594 915/1192/955 542/749/592
f 544/753/596 915/1192/955 543/751/594
f 545/754/597 915/1192/955 544/753/596
f 546/756/599 915/1192/955 545/754/597
f 547/758/601 915/1192/955 546/756/599
f 548/759/602 915/1192/955 547/758/601
f 549/761/604 915/1192/955 548/759/602
f 550/763/606 915/1192/955 549/761/604
f 551/764/607 915/1192/955 550/763/606
f 552/766/609 915/1192/955 551/764/607
f 553/768/611 915/1192/955 552/766/609
f 554/770/613 915/1192/955 553/768/611
f 535/739/582 915/1192/955 554/770/613
f 895/1191/954 916/1193/956 896/1172/935
f 896/1172/935 916/1193/956 897/1174/937
f 897/1174/937 916/1193/956 898/1194/957
f 898/1194/957 916/1193/956 899/1175/938
f 899/1175/938 916/1193/956 900/1177/940
f 900/1177/940 916/1193/956 901/1178/941
f 901/1178/941 916/1193/956 902/1195/958
f 902/1195/958 916/1193/956 903/1180/943
f 903/1180/943 916/1193/956 904/1196/959
f 904/1196/959 916/1193/956 905/1181/944
f 905/1181/944 916/1193/956 906/1197/960
f 906/1197/960 916/1193/956 907/1183/946
f 907/1183/946 916/1193/956 908/1184/947
f 908/1184/947 916/1193/956 909/1185/948
f 909/1185/948 916/1193/956 910/1186/949
f 910/1186/949 916/1193/956 911/1187/950
f 911/1187/950 916/1193/956 912/1188/951
f 912/1188/951 916/1193/956 913/1189/952
f 913/1189/952 916/1193/956 914/1198/961
f 914/1198/961 916/1193/956 895/1191/954
f 932/1199/962 937/1200/963 938/1201/964
f 931/1202/965 938/1201/964 939/1203/966
f 930/1204/967 939/1203/966 940/1205/968
f 929/1206/969 940/1205/968 941/1207/970
f 928/1208/971 941/1207/970 942/1209/972
f 927/1210/973 942/1211/972 943/1212/974
f 926/1213/975 943/1212/974 944/1214/976
f 945/1215/977 926/1213/975 944/1214/976
f 946/1216/978 925/1217/979 945/1215/977
f 947/1218/980 924/1219/981 946/1220/978
f 948/1221/982 923/1222/983 947/1218/980
f 949/1223/984 922/1224/985 948/1221/982
f 950/1225/986 921/1226/987 949/1223/984
f 951/1227/988 920/1228/989 950/1225/986
f 952/1229/990 919/1230/991 951/1231/988
f 953/1232/992 918/1233/993 952/1229/990
f 954/1234/994 917/1235/995 953/1232/992
f 935/1236/996 954/1234/994 955/1237/997
f 934/1238/998 955/1237/997 956/1239/999
f 933/1240/1000 956/1239/999 937/1241/963
f 957/1242/1001 938/1243/964 937/1244/963
f 958/1245/1002 939/1203/966 938/1201/964
f 959/1246/1003 940/1205/968 939/1203/966
f 960/1247/1004 941/1207/970 940/1205/968
f 961/1248/1005 942/1211/972 941/1249/970
f 962/1250/1006 943/1212/974 942/1211/972
f 963/1251/1007 944/1214/976 943/1212/974
f 944/1214/976 965/1252/1008 945/1215/977
f 945/1215/977 966/1253/1009 946/1216/978
f 946/1216/978 967/1254/1010 947/1255/980
f 947/1218/980 968/1256/1011 948/1221/982
f 948/1221/982 969/1257/1012 949/1223/984
f 949/1223/984 970/1258/1013 950/1225/986
f 950/1259/986 971/1260/1014 951/1261/988
f 951/1261/988 972/1262/1015 952/1263/990
f 952/1263/990 973/1264/1016 953/1265/992
f 953/1265/992 974/1266/1017 954/1267/994
f 974/1266/1017 955/1268/997 954/1267/994
f 975/1269/1018 956/1270/999 955/1268/997
f 976/1271/1019 937/1244/963 956/1270/999
f 977/1272/1020 958/1245/1002 957/1273/1001
f 978/1274/1021 959/1246/1003 958/1245/1002
f 979/1275/1022 960/1247/1004 959/1246/1003
f 980/1276/1023 961/1277/1005 960/1247/1004
f 981/1278/1024 962/1250/1006 961/1248/1005
f 982/1279/1025 963/1251/1007 962/1250/1006
f 983/1280/1026 964/1281/1027 963/1251/1007
f 964/1281/1027 985/1282/1028 965/1252/1008
f 965/1252/1008 986/1283/1029 966/1253/1009
f 966/1253/1009 987/1284/1030 967/1254/1010
f 967/1285/1010 988/1286/1031 968/1256/1011
f 968/1256/1011 989/1287/1032 969/1257/1012
f 969/1257/1012 990/1288/1033 970/1258/1013
f 970/1258/1013 991/1289/1034 971/1290/1014
f 971/1260/1014 992/1291/1035 972/1262/1015
f 992/1291/1035 973/1264/1016 972/1262/1015
f 993/1292/1036 974/1266/1017 973/1264/1016
f 974/1266/1017 995/1293/1037 975/1269/1018
f 975/1269/1018 996/1294/1038 976/1271/1019
f 996/1294/1038 957/1242/1001 976/1271/1019
f 509/669/524 510/676/525 511/670/525
f 512/672/526 513/1295/527 509/669/527
f 509/669/528 513/1295/528 514/673/528
f 509/669/529 515/674/529 516/675/530
f 499/677/531 507/684/531 506/678/532
f 501/680/533 503/679/533 506/678/533
f 506/678/534 504/1296/534 502/682/534
f 500/683/535 504/1296/1039 506/678/535
f 507/685/536 499/1297/536 511/686/537
f 503/679/538 508/693/538 511/688/539
f 505/689/540 513/1298/540 512/690/541
f 503/679/538 501/680/542 512/692/542
f 502/694/543 514/698/547 513/695/544
f 504/697/546 515/700/546 514/698/547
f 504/697/548 500/701/550 516/699/549
f 500/701/550 507/1299/1040 510/702/551
f 527/703/552 528/710/552 529/704/553
f 530/706/554 531/1300/555 527/703/555
f 527/703/556 531/1300/556 532/707/556
f 527/703/557 533/708/557 534/709/557
f 517/711/558 525/718/558 524/712/559
f 519/714/560 521/713/561 524/712/561
f 524/712/562 522/732/562 520/716/562
f 518/717/564 522/732/1041 524/712/564
f 525/719/565 517/1301/566 529/720/566
f 521/722/567 526/729/567 529/723/568
f 523/725/569 531/1302/569 530/726/569
f 521/722/567 519/1303/570 530/728/570
f 523/715/571 520/716/575 532/730/572
f 522/732/574 533/734/574 532/730/572
f 522/732/576 518/717/579 534/733/577
f 525/719/578 528/721/1042 534/735/577
f 555/737/580 556/740/583 536/738/581
f 556/740/583 557/742/585 537/741/584
f 557/742/585 558/774/617 538/743/586
f 538/743/586 558/774/617 559/744/587
f 559/744/587 560/776/619 540/746/589
f 540/746/589 560/776/619 561/747/590
f 561/747/590 562/750/593 542/749/592
f 562/750/593 563/779/622 543/751/594
f 543/751/594 563/779/622 564/752/595
f 564/752/595 565/782/625 545/754/597
f 545/754/597 565/782/625 566/755/598
f 546/756/599 566/755/598 567/757/600
f 567/757/600 568/760/603 548/759/602
f 568/760/603 569/786/629 549/761/604
f 549/761/604 569/786/629 570/762/605
f 570/762/605 571/765/608 551/764/607
f 571/765/608 572/767/610 552/766/609
f 572/767/610 573/790/633 553/768/611
f 553/768/611 573/790/633 574/769/612
f 574/769/612 555/737/580 535/739/582
f 575/771/614 576/772/615 556/740/583
f 576/772/615 577/773/616 557/742/585
f 577/773/616 578/794/637 558/774/617
f 558/774/617 578/794/637 579/775/618
f 579/775/618 580/797/640 560/776/619
f 560/776/619 580/797/640 581/777/620
f 581/777/620 582/778/621 562/750/593
f 582/778/621 583/780/623 563/779/622
f 583/780/623 584/1304/645 564/752/595
f 564/752/595 584/1304/645 585/781/624
f 565/782/625 585/781/624 586/783/626
f 586/783/626 587/784/627 567/757/600
f 587/784/627 588/808/649 568/760/603
f 568/760/603 588/808/649 589/785/628
f 589/785/628 590/810/651 570/762/605
f 570/762/605 590/810/651 591/787/630
f 571/765/608 591/787/630 592/788/631
f 572/767/610 592/788/631 593/789/632
f 573/790/633 593/789/632 594/791/634
f 594/791/634 575/771/614 555/737/580
f 595/792/635 596/822/657 576/772/615
f 576/772/615 596/822/657 597/793/636
f 597/793/636 598/795/638 578/794/637
f 598/795/638 599/796/639 579/775/618
f 599/796/639 600/825/661 580/797/640
f 580/797/640 600/825/661 601/798/641
f 581/777/620 601/798/641 602/799/642
f 582/778/621 602/799/642 603/800/643
f 583/801/623 603/829/643 604/802/644
f 604/802/644 605/832/665 585/804/624
f 585/781/624 605/1305/665 606/805/646
f 586/783/626 606/805/646 607/806/647
f 587/784/627 607/806/647 608/807/648
f 608/807/648 609/809/650 589/785/628
f 609/809/650 610/837/669 590/810/651
f 590/810/651 610/837/669 611/811/652
f 591/787/630 611/811/652 612/812/653
f 612/812/653 613/1306/654 593/789/632
f 613/813/654 614/816/655 594/814/634
f 614/816/655 595/820/635 575/817/614
f 615/818/656 616/845/658 596/819/657
f 616/821/658 617/849/677 597/793/636
f 597/793/636 617/849/677 618/823/659
f 618/823/659 619/824/660 599/796/639
f 619/824/660 620/852/680 600/825/661
f 600/825/661 620/852/680 621/826/662
f 601/798/641 621/826/662 622/827/663
f 622/828/663 623/855/682 603/829/643
f 603/829/643 623/855/682 624/831/664
f 624/831/664 625/833/666 605/832/665
f 625/833/666 626/858/685 606/834/646
f 606/805/646 626/1307/685 627/835/667
f 627/835/667 628/862/688 608/807/648
f 608/807/648 628/862/688 629/836/668
f 629/836/668 630/838/670 610/837/669
f 630/838/670 631/839/671 611/811/652
f 631/839/671 632/1308/672 612/812/653
f 632/840/672 633/842/673 613/813/654
f 633/842/673 634/843/674 614/816/655
f 634/843/674 615/818/656 595/820/635
f 635/844/675 636/871/695 616/845/658
f 616/845/658 636/871/695 637/846/676
f 637/848/676 638/874/698 618/823/659
f 618/823/659 638/874/698 639/850/678
f 619/824/660 639/850/678 640/851/679
f 640/851/679 641/877/701 621/826/662
f 621/853/662 641/879/701 642/854/681
f 642/854/681 643/881/704 623/855/682
f 623/855/682 643/881/704 644/856/683
f 644/856/683 645/857/684 625/833/666
f 645/857/684 646/885/708 626/858/685
f 626/858/685 646/885/708 647/859/686
f 627/835/667 647/887/686 648/861/687
f 648/861/687 649/890/712 629/836/668
f 629/836/668 649/890/712 650/863/689
f 630/838/670 650/863/689 651/864/690
f 651/865/690 652/867/691 632/840/672
f 652/867/691 653/868/692 633/842/673
f 653/868/692 654/869/693 634/843/674
f 654/869/693 635/844/675 615/818/656
f 655/870/694 656/896/717 636/871/695
f 636/871/695 656/896/717 657/872/696
f 637/848/676 657/1309/696 658/873/697
f 638/874/698 658/873/697 659/875/699
f 659/875/699 660/876/700 640/851/679
f 660/876/700 661/1310/702 641/877/701
f 661/878/702 662/880/703 642/854/681
f 662/880/703 663/882/705 643/881/704
f 663/882/705 664/883/706 644/856/683
f 664/883/706 665/884/707 645/857/684
f 665/884/707 666/886/709 646/885/708
f 666/886/709 667/912/728 647/859/686
f 647/887/686 667/1311/728 668/888/710
f 648/861/687 668/888/710 669/889/711
f 669/889/711 670/1312/732 650/863/689
f 650/863/689 670/1312/732 671/891/713
f 671/892/713 672/922/734 652/867/691
f 652/867/691 672/922/734 673/893/714
f 673/893/714 674/894/715 654/869/693
f 674/894/715 655/870/694 635/844/675
f 675/895/716 676/897/718 656/896/717
f 676/897/718 677/926/719 657/872/696
f 677/898/719 678/901/720 658/899/697
f 678/901/720 679/928/739 659/902/699
f 659/902/699 679/928/739 680/903/721
f 660/904/700 680/903/721 681/905/722
f 661/878/702 681/932/722 682/907/723
f 662/880/703 682/907/723 683/908/724
f 683/908/724 684/909/725 664/883/706
f 684/909/725 685/910/726 665/884/707
f 685/910/726 686/911/727 666/886/709
f 686/911/727 687/936/745 667/912/728
f 667/913/728 687/938/745 688/914/729
f 668/915/710 688/914/729 689/916/730
f 669/917/711 689/916/730 690/918/731
f 690/918/731 691/942/750 671/920/713
f 671/892/713 691/944/750 692/921/733
f 692/921/733 693/946/752 673/893/714
f 673/893/714 693/946/752 694/923/735
f 694/923/735 675/895/716 655/870/694
f 695/924/736 696/949/755 676/897/718
f 676/897/718 696/949/755 697/925/737
f 677/898/719 697/950/737 698/927/738
f 698/927/738 699/929/740 679/928/739
f 699/929/740 700/954/759 680/903/721
f 680/903/721 700/954/759 701/930/741
f 701/931/741 702/957/762 682/907/723
f 682/907/723 702/957/762 703/933/742
f 703/933/742 704/934/743 684/909/725
f 704/934/743 705/960/765 685/910/726
f 685/910/726 705/960/765 706/935/744
f 706/935/744 707/963/746 687/936/745
f 707/937/746 708/939/747 688/914/729
f 708/939/747 709/940/748 689/916/730
f 709/940/748 710/966/770 690/918/731
f 690/918/731 710/966/770 711/941/749
f 711/943/749 712/968/772 692/921/733
f 692/921/733 712/968/772 713/945/751
f 713/945/751 714/947/753 694/923/735
f 714/947/753 695/924/736 675/895/716
f 695/924/736 715/970/774 716/948/754
f 716/948/754 717/973/777 697/925/737
f 697/950/737 717/975/777 718/951/756
f 698/927/738 718/951/756 719/952/757
f 699/929/740 719/952/757 720/953/758
f 700/954/759 720/953/758 721/955/760
f 701/931/741 721/979/760 722/956/761
f 722/956/761 723/958/763 703/933/742
f 723/958/763 724/959/764 704/934/743
f 724/959/764 725/961/766 705/960/765
f 725/961/766 726/983/784 706/935/744
f 706/935/744 726/983/784 727/962/767
f 707/937/746 727/985/767 728/964/768
f 728/964/768 729/988/788 709/940/748
f 709/940/748 729/988/788 730/965/769
f 730/965/769 731/991/791 711/941/749
f 711/943/749 731/993/791 732/967/771
f 712/968/772 732/967/771 733/969/773
f 733/969/773 734/996/794 714/947/753
f 714/947/753 734/996/794 715/970/774
f 735/971/775 736/999/797 716/948/754
f 716/948/754 736/999/797 737/972/776
f 737/974/776 738/976/778 718/951/756
f 738/976/778 739/977/779 719/952/757
f 739/977/779 740/1004/802 720/953/758
f 720/953/758 740/1004/802 741/978/780
f 721/979/760 741/1006/780 742/980/781
f 722/956/761 742/980/781 743/981/782
f 743/981/782 744/1009/806 724/959/764
f 724/959/764 744/1009/806 745/982/783
f 745/982/783 746/984/785 726/983/784
f 746/984/785 747/1012/809 727/962/767
f 727/985/767 747/1013/809 748/986/786
f 728/964/768 748/986/786 749/987/787
f 729/988/788 749/987/787 750/989/789
f 730/965/769 750/989/789 751/990/790
f 751/992/790 752/994/792 732/967/771
f 752/994/792 753/995/793 733/969/773
f 753/995/793 754/997/795 734/996/794
f 754/997/795 735/971/775 715/970/774
f 755/998/796 756/1000/798 736/999/797
f 756/1000/798 757/1021/799 737/972/776
f 757/1001/799 758/1002/800 738/976/778
f 758/1002/800 759/1003/801 739/977/779
f 759/1003/801 760/1024/819 740/1004/802
f 740/1004/802 760/1024/819 761/1005/803
f 741/1006/780 761/1027/803 762/1007/804
f 762/1007/804 763/1029/823 743/981/782
f 743/981/782 763/1029/823 764/1008/805
f 764/1008/805 765/1010/807 745/982/783
f 765/1010/807 766/1032/826 746/984/785
f 746/984/785 766/1032/826 767/1011/808
f 747/1013/809 767/1034/808 768/1014/810
f 768/1014/810 769/1015/811 749/987/787
f 769/1015/811 770/1016/812 750/989/789
f 770/1016/812 771/1038/813 751/990/790
f 771/1017/813 772/1040/831 752/994/792
f 752/994/792 772/1040/831 773/1018/814
f 753/995/793 773/1018/814 774/1019/815
f 754/997/795 774/1019/815 755/998/796
f 755/998/796 775/1043/834 776/1020/816
f 776/1020/816 777/1046/837 757/1021/799
f 757/1001/799 777/1313/837 778/1022/817
f 758/1002/800 778/1022/817 779/1023/818
f 779/1023/818 780/1025/820 760/1024/819
f 780/1025/820 781/1314/821 761/1005/803
f 781/1026/821 782/1028/822 762/1007/804
f 782/1028/822 783/1030/824 763/1029/823
f 783/1030/824 784/1057/842 764/1008/805
f 764/1008/805 784/1057/842 785/1031/825
f 785/1031/825 786/1033/827 766/1032/826
f 786/1033/827 787/1060/845 767/1011/808
f 767/1034/808 787/1315/845 788/1035/828
f 788/1035/828 789/1036/829 769/1015/811
f 789/1036/829 790/1316/847 770/1016/812
f 770/1016/812 790/1316/847 791/1037/830
f 791/1039/830 792/1070/850 772/1040/831
f 772/1040/831 792/1070/850 793/1041/832
f 773/1018/814 793/1041/832 794/1042/833
f 794/1042/833 775/1043/834 755/998/796
f 775/1043/834 795/1073/853 796/1044/835
f 776/1020/816 796/1044/835 797/1045/836
f 797/1047/836 798/1050/838 778/1048/817
f 798/1050/838 799/1077/857 779/1051/818
f 779/1051/818 799/1077/857 800/1052/839
f 800/1052/839 801/1079/840 781/1054/821
f 801/1055/840 802/1081/860 782/1028/822
f 782/1028/822 802/1081/860 803/1056/841
f 803/1056/841 804/1083/862 784/1057/842
f 784/1057/842 804/1083/862 805/1058/843
f 805/1058/843 806/1086/865 786/1033/827
f 786/1033/827 806/1086/865 807/1059/844
f 807/1061/844 808/1089/867 788/1062/828
f 788/1062/828 808/1089/867 809/1064/846
f 809/1064/846 810/1067/848 790/1066/847
f 810/1067/848 811/1092/849 791/1068/830
f 811/1069/849 812/1071/851 792/1070/850
f 812/1071/851 813/1095/872 793/1041/832
f 793/1041/832 813/1095/872 814/1072/852
f 794/1042/833 814/1072/852 795/1073/853
f 795/1073/853 815/1097/874 816/1074/854
f 816/1074/854 817/1317/876 797/1045/836
f 797/1047/836 817/1100/876 818/1075/855
f 798/1050/838 818/1075/855 819/1076/856
f 819/1076/856 820/1104/879 800/1052/839
f 800/1052/839 820/1104/879 821/1078/858
f 801/1055/840 821/1318/858 822/1080/859
f 802/1081/860 822/1080/859 823/1082/861
f 823/1082/861 824/1108/882 804/1083/862
f 804/1083/862 824/1108/882 825/1084/863
f 805/1058/843 825/1084/863 826/1085/864
f 806/1086/865 826/1085/864 827/1087/866
f 827/1088/866 828/1114/887 808/1089/867
f 808/1089/867 828/1114/887 829/1090/868
f 809/1064/846 829/1090/868 830/1091/869
f 830/1091/869 831/1117/890 811/1092/849
f 811/1069/849 831/1319/890 832/1093/870
f 812/1071/851 832/1093/870 833/1094/871
f 813/1095/872 833/1094/871 834/1096/873
f 814/1072/852 834/1096/873 815/1097/874
f 815/1097/874 835/1122/894 836/1098/875
f 836/1099/875 837/1126/897 817/1100/876
f 817/1100/876 837/1126/897 838/1102/877
f 838/1102/877 839/1129/900 819/1076/856
f 819/1076/856 839/1129/900 840/1103/878
f 840/1103/878 841/1105/880 821/1078/858
f 841/1105/880 842/1132/903 822/1106/859
f 822/1080/859 842/1320/903 843/1107/881
f 843/1107/881 844/1136/906 824/1108/882
f 824/1108/882 844/1136/906 845/1109/883
f 825/1084/863 845/1109/883 846/1110/884
f 826/1111/864 846/1139/884 847/1112/885
f 827/1088/866 847/1112/885 848/1113/886
f 848/1113/886 849/1144/911 829/1090/868
f 829/1090/868 849/1144/911 850/1115/888
f 830/1091/869 850/1115/888 851/1116/889
f 831/1117/890 851/1116/889 852/1118/891
f 832/1093/870 852/1321/891 853/1120/892
f 833/1094/871 853/1120/892 854/1121/893
f 834/1096/873 854/1121/893 835/1122/894
f 855/1123/895 856/1125/896 836/1099/875
f 856/1125/896 857/1153/918 837/1126/897
f 837/1126/897 857/1153/918 858/1127/898
f 838/1102/877 858/1127/898 859/1128/899
f 839/1129/900 859/1128/899 860/1130/901
f 860/1130/901 861/1131/902 841/1105/880
f 861/1131/902 862/1133/904 842/1132/903
f 862/1133/904 863/1158/905 843/1134/881
f 863/1135/905 864/1322/924 844/1136/906
f 844/1136/906 864/1322/924 865/1137/907
f 865/1138/907 866/1141/908 846/1139/884
f 866/1141/908 867/1142/909 847/1112/885
f 867/1142/909 868/1143/910 848/1113/886
f 868/1143/910 869/1145/912 849/1144/911
f 869/1145/912 870/1146/913 850/1115/888
f 870/1146/913 871/1147/914 851/1116/889
f 871/1147/914 872/1167/931 852/1118/891
f 852/1118/891 872/1167/931 873/1148/915
f 853/1120/892 873/1323/915 874/1150/916
f 854/1121/893 874/1150/916 855/1151/895
f 855/1123/895 875/1171/934 876/1152/917
f 876/1152/917 877/1173/936 857/1153/918
f 857/1153/918 877/1173/936 878/1154/919
f 878/1154/919 879/1176/939 859/1128/899
f 859/1128/899 879/1176/939 880/1155/920
f 860/1130/901 880/1155/920 881/1156/921
f 881/1156/921 882/1179/942 862/1133/904
f 862/1133/904 882/1179/942 883/1157/922
f 863/1158/905 883/1157/922 884/1159/923
f 884/1159/923 885/1161/925 865/1138/907
f 885/1161/925 886/1182/945 866/1141/908
f 866/1141/908 886/1182/945 887/1162/926
f 867/1142/909 887/1162/926 888/1163/927
f 868/1143/910 888/1163/927 889/1164/928
f 889/1164/928 890/1165/929 870/1146/913
f 890/1165/929 891/1166/930 871/1147/914
f 891/1166/930 892/1168/932 872/1167/931
f 892/1168/932 893/1169/933 873/1148/915
f 893/1169/933 894/1190/953 874/1170/916
f 874/1170/916 894/1190/953 875/1171/934
f 875/1171/934 895/1191/954 896/1172/935
f 896/1172/935 897/1174/937 877/1173/936
f 897/1174/937 898/1194/957 878/1154/919
f 878/1154/919 898/1194/957 899/1175/938
f 879/1176/939 899/1175/938 900/1177/940
f 880/1155/920 900/1177/940 901/1178/941
f 901/1178/941 902/1195/958 882/1179/942
f 882/1179/942 902/1195/958 903/1180/943
f 903/1180/943 904/1196/959 884/1159/923
f 884/1159/923 904/1196/959 905/1181/944
f 905/1181/944 906/1197/960 886/1182/945
f 886/1182/945 906/1197/960 907/1183/946
f 887/1162/926 907/1183/946 908/1184/947
f 908/1184/947 909/1185/948 889/1164/928
f 909/1185/948 910/1186/949 890/1165/929
f 910/1186/949 911/1187/950 891/1166/930
f 911/1187/950 912/1188/951 892/1168/932
f 912/1188/951 913/1189/952 893/1169/933
f 913/1189/952 914/1198/961 894/1190/953
f 894/1190/953 914/1198/961 895/1191/954
f 932/1199/962 933/1324/1000 937/1200/963
f 931/1202/965 932/1199/962 938/1201/964
f 930/1204/967 931/1202/965 939/1203/966
f 929/1206/969 930/1204/967 940/1205/968
f 928/1208/971 929/1206/969 941/1207/970
f 927/1210/973 928/1325/971 942/1211/972
f 926/1213/975 927/1210/973 943/1212/974
f 945/1215/977 925/1217/979 926/1213/975
f 946/1216/978 924/1326/981 925/1217/979
f 947/1218/980 923/1222/983 924/1219/981
f 948/1221/982 922/1224/985 923/1222/983
f 949/1223/984 921/1226/987 922/1224/985
f 950/1225/986 920/1228/989 921/1226/987
f 951/1227/988 919/1327/991 920/1228/989
f 952/1229/990 918/1233/993 919/1230/991
f 953/1232/992 917/1235/995 918/1233/993
f 954/1234/994 936/1328/1043 917/1235/995
f 935/1236/996 936/1328/1043 954/1234/994
f 934/1238/998 935/1236/996 955/1237/997
f 933/1240/1000 934/1238/998 956/1239/999
f 957/1242/1001 958/1329/1002 938/1243/964
f 958/1245/1002 959/1246/1003 939/1203/966
f 959/1246/1003 960/1247/1004 940/1205/968
f 960/1247/1004 961/1277/1005 941/1207/970
f 961/1248/1005 962/1250/1006 942/1211/972
f 962/1250/1006 963/1251/1007 943/1212/974
f 963/1251/1007 964/1281/1027 944/1214/976
f 944/1214/976 964/1281/1027 965/1252/1008
f 945/1215/977 965/1252/1008 966/1253/1009
f 946/1216/978 966/1253/1009 967/1254/1010
f 947/1218/980 967/1285/1010 968/1256/1011
f 948/1221/982 968/1256/1011 969/1257/1012
f 949/1223/984 969/1257/1012 970/1258/1013
f 950/1259/986 970/1330/1013 971/1260/1014
f 951/1261/988 971/1260/1014 972/1262/1015
f 952/1263/990 972/1262/1015 973/1264/1016
f 953/1265/992 973/1264/1016 974/1266/1017
f 974/1266/1017 975/1269/1018 955/1268/997
f 975/1269/1018 976/1271/1019 956/1270/999
f 976/1271/1019 957/1242/1001 937/1244/963
f 977/1272/1020 978/1274/1021 958/1245/1002
f 978/1274/1021 979/1275/1022 959/1246/1003
f 979/1275/1022 980/1276/1023 960/1247/1004
f 980/1276/1023 981/1331/1024 961/1277/1005
f 981/1278/1024 982/1279/1025 962/1250/1006
f 982/1279/1025 983/1280/1026 963/1251/1007
f 983/1280/1026 984/1332/1044 964/1281/1027
f 964/1281/1027 984/1332/1044 985/1282/1028
f 965/1252/1008 985/1282/1028 986/1283/1029
f 966/1253/1009 986/1283/1029 987/1284/1030
f 967/1285/1010 987/1333/1030 988/1286/1031
f 968/1256/1011 988/1286/1031 989/1287/1032
f 969/1257/1012 989/1287/1032 990/1288/1033
f 970/1258/1013 990/1288/1033 991/1289/1034
f 971/1260/1014 991/1334/1034 992/1291/1035
f 992/1291/1035 993/1292/1036 973/1264/1016
f 993/1292/1036 994/1335/1045 974/1266/1017
f 974/1266/1017 994/1335/1045 995/1293/1037
f 975/1269/1018 995/1293/1037 996/1294/1038
f 996/1294/1038 977/1336/1020 957/1242/1001
o polySurface62
v -0.210083 1.084217 -0.161444
v -0.246511 1.099940 -0.000003
v 0.077891 1.115878 -0.000003
v 0.077891 1.064714 -0.241233
v 0.324071 1.082259 -0.000003
v 0.233442 1.066537 -0.190151
v 0.077891 0.947473 -0.307132
v 0.324014 0.947473 -0.230350
v -0.283480 0.939579 -0.227149
v 0.419698 0.947473 -0.000003
v -0.376161 0.964799 -0.000003
v -0.210083 1.084217 0.161438
v 0.077891 1.064714 0.241227
v 0.233442 1.066537 0.190151
v 0.077891 0.947473 0.307132
v 0.324014 0.947473 0.230350
v -0.283478 0.939579 0.227143
v 0.324014 0.439225 -0.261265
v 0.077891 0.439225 -0.348350
v -0.323149 0.376506 -0.257628
v 0.419698 0.439225 -0.000003
v 0.324014 0.439225 0.261265
v 0.077891 0.439225 0.348350
v -0.323149 0.376506 0.257628
v -0.356676 0.661991 0.242385
v 0.077891 0.693349 0.327738
v 0.324014 0.693349 0.245807
v 0.419698 0.693349 -0.000003
v 0.324014 0.693349 -0.245807
v 0.077891 0.693349 -0.327744
v -0.356676 0.661990 -0.242385
v -0.437971 0.770585 -0.000003
v -0.339430 0.804732 0.234763
v 0.077891 0.820411 0.317435
v 0.324014 0.820411 0.238078
v 0.419698 0.820411 -0.000003
v 0.324014 0.820411 -0.238078
v 0.077891 0.820411 -0.317435
v -0.339430 0.804731 -0.234763
v -0.440438 0.728426 -0.000003
v -0.357214 0.762162 0.201776
v -0.368706 0.693791 0.201757
v -0.357214 0.762162 -0.201776
v -0.368706 0.693791 -0.201763
v -0.403468 0.725046 -0.000003
v -0.320241 0.758783 0.194147
v -0.331735 0.690412 0.194141
v -0.320241 0.758783 -0.194147
v -0.331735 0.690412 -0.194141
v 0.259869 0.419559 -0.209703
v 0.062322 0.419559 -0.279604
v -0.259567 0.369218 -0.206785
v 0.336669 0.419559 -0.000003
v 0.259869 0.419559 0.209697
v 0.062322 0.419559 0.279598
v -0.259567 0.369219 0.206779
v -0.384566 0.291381 0.057201
v -0.384565 0.291382 -0.057206
v -0.415757 0.621046 -0.057206
v -0.415757 0.621046 0.057201
v -0.413319 0.664306 -0.057206
v -0.413319 0.664306 0.057200
v -0.374725 0.662000 -0.057206
v -0.374726 0.661999 0.057201
v -0.301536 0.311050 0.057200
v -0.301536 0.311050 -0.057206
v -0.367406 0.626905 -0.057206
v -0.367407 0.626904 0.057200
v -0.193044 0.497147 -0.173063
v -0.193044 0.497147 0.173063
v -0.193044 0.851174 -0.173063
v -0.193044 0.851174 0.173063
v 0.199439 0.851174 -0.173063
v 0.199439 0.851174 0.173063
v 0.199439 0.497147 -0.173063
v 0.199439 0.497147 0.173063
v 0.003198 0.897741 -0.218590
v 0.251064 0.674160 0.218590
v 0.251064 0.450580 -0.000000
v 0.251064 0.674160 -0.218590
v 0.003198 0.450580 0.218590
v 0.003198 0.450580 -0.218590
v -0.244669 0.450580 -0.000000
v -0.244669 0.674160 0.218590
v -0.244669 0.897741 -0.000000
v -0.244669 0.674160 -0.218590
v 0.003198 0.897741 0.218590
v 0.251064 0.897741 -0.000000
v -0.335319 0.674160 -0.000000
v 0.003198 0.979509 -0.000000
v 0.341715 0.674160 -0.000000
v 0.003198 0.674160 0.298533
v 0.003198 0.674160 -0.298533
v 0.234005 0.779161 -0.203545
v 0.234005 0.779161 0.203545
v 0.318968 0.674160 0.119177
v 0.234005 0.569159 0.203545
v 0.234005 0.465968 0.102658
v 0.318968 0.552262 -0.000000
v 0.234005 0.465968 -0.102658
v 0.234005 0.569159 -0.203545
v 0.138337 0.389329 -0.000000
v 0.003198 0.389329 -0.119177
v 0.119605 0.465968 -0.203545
v 0.119605 0.465968 0.203545
v 0.003198 0.389329 0.119177
v -0.113209 0.465968 0.203545
v -0.131942 0.389329 -0.000000
v -0.113209 0.465968 -0.203545
v 0.003198 0.552262 0.278474
v -0.131942 0.674160 0.278474
v 0.138337 0.674160 0.278474
v 0.003198 0.796059 0.278474
v 0.003198 0.552262 -0.278474
v 0.138337 0.674160 -0.278474
v -0.131942 0.674160 -0.278474
v 0.003198 0.796059 -0.278474
v -0.227609 0.465968 -0.102658
v -0.312573 0.552262 -0.000000
v -0.312573 0.674160 -0.119177
v -0.227609 0.569159 -0.203545
v -0.227609 0.465968 0.102658
v -0.227609 0.569159 0.203545
v -0.312573 0.674160 0.119177
v -0.227609 0.779161 0.203545
v -0.227609 0.882353 0.102658
v -0.312573 0.796059 -0.000000
v -0.227609 0.882353 -0.102658
v -0.227609 0.779161 -0.203545
v -0.131942 0.958991 -0.000000
v 0.003198 0.958991 -0.119177
v -0.113209 0.882353 -0.203545
v -0.113209 0.882353 0.203545
v 0.003198 0.958991 0.119177
v 0.119605 0.882353 0.203545
v 0.234005 0.882353 0.102658
v 0.138337 0.958991 -0.000000
v 0.234005 0.882353 -0.102658
v 0.119605 0.882353 -0.203545
v 0.318968 0.796059 -0.000000
v 0.318968 0.674160 -0.119177
v -0.291165 0.560711 -0.110917
v -0.291165 0.560711 0.110917
v -0.291165 0.787610 0.110917
v -0.291165 0.787610 -0.110917
v -0.122575 0.939681 -0.110917
v -0.122575 0.939681 0.110917
v 0.128971 0.939681 0.110917
v 0.128971 0.939681 -0.110917
v 0.297560 0.787610 -0.110917
v 0.297560 0.787610 0.110917
v 0.297560 0.560711 0.110917
v 0.297560 0.560711 -0.110917
v 0.128971 0.408640 -0.110917
v 0.128971 0.408640 0.110917
v -0.122576 0.408640 0.110917
v -0.122576 0.408640 -0.110917
v -0.122576 0.560711 0.259594
v 0.128971 0.560711 0.259594
v 0.128971 0.787610 0.259594
v -0.122575 0.787610 0.259594
v 0.128971 0.560711 -0.259594
v -0.122576 0.560711 -0.259594
v -0.122575 0.787610 -0.259594
v 0.128971 0.787610 -0.259594
v 0.090984 0.376049 -0.000000
v 0.066476 0.382486 -0.055835
v 0.003198 0.376049 -0.077459
v 0.066476 0.382486 0.055835
v 0.003198 0.376049 0.077459
v -0.060081 0.382486 0.055835
v -0.084589 0.376049 -0.000000
v -0.060081 0.382486 -0.055835
v 0.090984 0.247634 -0.000000
v 0.066476 0.247634 -0.055835
v 0.003198 0.247634 -0.077459
v 0.066476 0.247634 0.055835
v 0.003198 0.247634 0.077459
v -0.060081 0.247634 0.055835
v -0.084589 0.247634 -0.000000
v -0.060081 0.247634 -0.055835
v 0.077893 1.090968 0.052151
v 0.149014 1.090968 -0.000009
v 0.077893 1.090968 -0.052172
v 0.006757 1.090968 -0.000009
v 0.077893 1.135054 0.031937
v 0.121439 1.135054 -0.000009
v 0.077893 1.135054 -0.031945
v 0.034332 1.135054 -0.000009
v 0.077893 1.135054 0.021548
v 0.107290 1.135054 -0.000009
v 0.077893 1.135054 -0.021563
v 0.048493 1.135054 -0.000009
v 0.091098 1.161668 0.017159
v 0.114908 1.143756 -0.000009
v 0.091098 1.161668 -0.017174
v 0.074859 1.174369 -0.000009
v 0.136548 1.187376 0.042485
v 0.159555 1.155987 -0.000009
v 0.136548 1.187376 -0.042499
v 0.113319 1.228356 -0.000009
v 0.504707 1.164764 -0.000003
v 0.391807 1.205240 0.021241
v 0.399848 1.227841 -0.000006
v 0.391807 1.205240 -0.021248
v 0.383767 1.182645 -0.000006
v 0.302322 1.221666 0.031863
v 0.311441 1.256083 -0.000004
v 0.302322 1.221666 -0.031874
v 0.293207 1.187254 -0.000004
v 0.215808 1.210654 0.037174
v 0.206025 1.255187 -0.000009
v 0.215808 1.210654 -0.037190
v 0.222754 1.177754 -0.000009
vn -0.0158 0.9861 -0.1652
vn -0.0157 0.9861 -0.1653
vn 0.0996 0.9799 -0.1728
vn 0.0995 0.9799 -0.1729
vn 0.2646 0.4775 -0.8378
vn 0.2644 0.4777 -0.8378
vn 0.2645 0.4776 -0.8378
vn -0.2009 0.4843 -0.8515
vn -0.2009 0.4842 -0.8516
vn 0.7298 0.5900 -0.3454
vn -0.7342 0.6051 -0.3077
vn -0.0158 0.9861 0.1652
vn -0.0157 0.9861 0.1653
vn 0.0995 0.9799 0.1729
vn 0.0996 0.9799 0.1728
vn 0.0995 0.9799 0.1728
vn 0.2646 0.4775 0.8378
vn 0.2644 0.4777 0.8378
vn 0.2645 0.4776 0.8378
vn -0.2008 0.4842 0.8516
vn -0.2009 0.4843 0.8516
vn -0.2009 0.4842 0.8516
vn 0.7298 0.5900 0.3454
vn -0.7342 0.6051 0.3077
vn 0.3017 0.0675 -0.9510
vn 0.3061 0.0674 -0.9496
vn 0.3063 0.0674 -0.9496
vn -0.2064 0.1106 -0.9722
vn -0.2016 0.0935 -0.9750
vn -0.2008 0.0907 -0.9754
vn 0.9257 0.0115 -0.3782
vn 0.9278 0.0113 -0.3730
vn 0.9279 0.0114 -0.3728
vn -0.8769 0.3221 -0.3568
vn -0.8850 0.2963 -0.3591
vn -0.8919 0.2708 -0.3622
vn 0.3017 0.0675 0.9510
vn 0.3061 0.0674 0.9496
vn -0.2064 0.1107 0.9722
vn -0.2016 0.0933 0.9750
vn -0.2064 0.1106 0.9722
vn 0.9257 0.0115 0.3781
vn 0.9278 0.0113 0.3730
vn 0.9257 0.0115 0.3782
vn -0.8769 0.3221 0.3568
vn -0.8853 0.2964 0.3583
vn -0.2070 0.0598 0.9765
vn -0.2115 0.0517 0.9760
vn -0.2064 0.0609 0.9766
vn 0.3197 0.0671 0.9451
vn 0.3240 0.0670 0.9437
vn 0.3195 0.0671 0.9452
vn 0.9338 0.0109 0.3576
vn 0.9355 0.0105 0.3533
vn 0.9337 0.0109 0.3578
vn 0.9338 0.0109 -0.3576
vn 0.9355 0.0107 -0.3531
vn 0.9355 0.0108 -0.3531
vn 0.3197 0.0671 -0.9451
vn 0.3241 0.0670 -0.9437
vn 0.3240 0.0670 -0.9437
vn -0.2070 0.0598 -0.9765
vn -0.2115 0.0517 -0.9760
vn -0.2008 0.0906 0.9754
vn 0.3063 0.0674 0.9496
vn 0.9279 0.0114 0.3728
vn 0.9337 0.0109 -0.3578
vn 0.3195 0.0671 -0.9452
vn -0.2064 0.0609 -0.9766
vn -0.8919 0.2708 0.3622
vn -0.9251 0.0955 0.3674
vn -0.9432 -0.0748 0.3237
vn -0.9462 0.0729 0.3152
vn -0.9251 0.0955 -0.3674
vn -0.9246 0.0757 -0.3732
vn -0.9432 -0.0748 -0.3237
vn -0.0692 -0.9782 0.1958
vn -0.0706 -0.9975 -0.0000
vn -0.1989 0.0336 -0.9794
vn -0.1988 0.0336 -0.9795
vn -0.0692 -0.9782 -0.1958
vn -0.1990 0.0336 0.9794
vn -0.1989 0.0336 0.9794
vn -0.1990 0.0335 0.9794
vn 0.0902 -0.9627 -0.2550
vn 0.1266 -0.9521 -0.2784
vn 0.0930 -0.9626 -0.2543
vn 0.1330 -0.9499 -0.2830
vn 0.2297 -0.9696 -0.0841
vn 0.0902 -0.9627 0.2550
vn 0.0902 -0.9627 0.2549
vn 0.1266 -0.9521 0.2784
vn 0.0930 -0.9626 0.2543
vn 0.2297 -0.9696 0.0841
vn -0.9434 -0.0808 0.3217
vn -0.9416 -0.0910 0.3241
vn -0.9434 -0.0808 -0.3217
vn -0.9416 -0.0910 -0.3241
vn -0.9417 -0.0910 -0.3240
vn -0.9555 0.0364 0.2927
vn -0.9462 0.0728 -0.3152
vn 0.0515 0.9749 -0.2166
vn 0.0515 0.9749 0.2165
vn 0.1904 -0.9270 -0.3233
vn 0.1904 -0.9270 0.3232
vn 0.1330 -0.9499 0.2830
vn -0.0000 -0.0000 1.0000
vn -0.0000 -0.0000 -1.0000
vn -0.5360 -0.5902 -0.6036
vn -0.8602 -0.3564 -0.3646
vn -0.6251 -0.3237 -0.7103
vn -0.6307 -0.7005 -0.3340
vn -0.9251 -0.3797 -0.0000
vn -1.0000 -0.0000 -0.0000
vn -0.9220 -0.0000 -0.3871
vn -0.6578 -0.0000 -0.7532
vn -0.6307 -0.7005 0.3340
vn -0.6662 -0.7457 -0.0000
vn -0.5359 -0.5903 0.6036
vn -0.8602 -0.3564 0.3646
vn -0.6251 -0.3237 0.7103
vn -0.9220 -0.0000 0.3871
vn -0.8602 0.3564 0.3646
vn -0.9251 0.3797 -0.0000
vn -0.6251 0.3237 0.7103
vn -0.5360 0.5903 0.6036
vn -0.6306 0.7005 0.3340
vn -0.6662 0.7457 -0.0000
vn -0.6251 0.3237 -0.7103
vn -0.8602 0.3564 -0.3646
vn -0.6306 0.7005 -0.3340
vn -0.5360 0.5902 -0.6036
vn -0.2987 0.8922 -0.3389
vn -0.2822 0.6707 -0.6860
vn -0.3126 0.9499 -0.0000
vn -0.0000 1.0000 -0.0000
vn -0.0000 0.9359 -0.3524
vn -0.0000 0.6988 -0.7153
vn -0.2987 0.8922 0.3389
vn -0.2822 0.6707 0.6860
vn -0.0000 0.9359 0.3524
vn 0.2987 0.8922 0.3389
vn 0.3126 0.9499 -0.0000
vn 0.2822 0.6707 0.6860
vn 0.5360 0.5903 0.6036
vn 0.6307 0.7005 0.3340
vn 0.6662 0.7457 -0.0000
vn 0.2822 0.6705 -0.6861
vn 0.2987 0.8922 -0.3389
vn 0.6307 0.7005 -0.3340
vn 0.5360 0.5903 -0.6036
vn 0.8602 0.3565 -0.3646
vn 0.6251 0.3237 -0.7103
vn 0.9251 0.3797 -0.0000
vn 1.0000 -0.0000 -0.0000
vn 0.9220 -0.0000 -0.3871
vn 0.6578 -0.0000 -0.7532
vn 0.8602 0.3565 0.3646
vn 0.6251 0.3237 0.7103
vn 0.9220 -0.0000 0.3871
vn 0.8602 -0.3565 0.3646
vn 0.9251 -0.3797 -0.0000
vn 0.6251 -0.3237 0.7103
vn 0.5359 -0.5903 0.6036
vn 0.6306 -0.7005 0.3340
vn 0.6662 -0.7457 -0.0000
vn 0.6251 -0.3237 -0.7103
vn 0.8602 -0.3564 -0.3646
vn 0.6306 -0.7005 -0.3340
vn 0.5360 -0.5902 -0.6036
vn 0.3410 -0.8562 -0.3882
vn 0.2822 -0.6707 -0.6860
vn 0.4185 -0.9082 -0.0000
vn -0.0000 -0.8855 -0.4647
vn -0.0000 -0.6988 -0.7153
vn 0.3410 -0.8562 0.3882
vn 0.2822 -0.6707 0.6860
vn -0.0000 -0.8855 0.4647
vn -0.2822 -0.6707 0.6860
vn -0.3410 -0.8562 0.3882
vn -0.4185 -0.9082 -0.0000
vn -0.2822 -0.6705 -0.6861
vn -0.3410 -0.8562 -0.3882
vn -0.2941 -0.3261 0.8984
vn -0.0000 -0.3385 0.9410
vn -0.3062 -0.0000 0.9520
vn -0.6578 -0.0000 0.7532
vn -0.0000 -0.6988 0.7153
vn 0.2941 -0.3261 0.8984
vn 0.3063 -0.0000 0.9519
vn 0.2941 0.3261 0.8984
vn -0.0000 0.3385 0.9410
vn -0.0000 0.6988 0.7153
vn -0.2941 0.3261 0.8984
vn 0.2941 -0.3261 -0.8984
vn -0.0000 -0.3385 -0.9410
vn 0.3062 -0.0000 -0.9520
vn -0.2941 -0.3261 -0.8984
vn -0.3062 -0.0000 -0.9520
vn -0.2941 0.3261 -0.8984
vn -0.0000 0.3385 -0.9410
vn 0.2940 0.3261 -0.8984
vn 0.2102 -0.9496 -0.2326
vn -0.0000 -0.9605 -0.2784
vn 0.2100 -0.9496 0.2328
vn 0.2476 -0.9689 -0.0000
vn -0.2100 -0.9496 0.2328
vn -0.0000 -0.9605 0.2784
vn -0.2103 -0.9496 -0.2326
vn -0.2476 -0.9689 -0.0000
vn 0.6616 -0.0000 -0.7498
vn 0.6633 -0.0000 -0.7483
vn 0.6616 -0.0000 0.7498
vn 0.6633 -0.0000 0.7483
vn -0.6616 -0.0000 0.7498
vn -0.6633 -0.0000 0.7483
vn -0.6616 -0.0000 -0.7498
vn -0.6633 -0.0000 -0.7483
vn 0.5547 0.3469 0.7563
vn 0.5548 0.3468 0.7563
vn 0.5547 0.3470 -0.7563
vn -0.5546 0.3470 -0.7564
vn -0.5546 0.3469 -0.7564
vn -0.5545 0.3470 -0.7564
vn -0.5546 0.3469 0.7564
vn -0.5547 0.3468 0.7563
vn 0.5284 -0.2093 0.8228
vn 0.5283 -0.2093 -0.8229
vn 0.5284 -0.2092 -0.8228
vn -0.5377 0.3730 -0.7562
vn -0.5377 0.3730 -0.7561
vn -0.5377 0.3731 0.7561
vn 0.1116 -0.7213 0.6836
vn 0.1115 -0.7213 -0.6836
vn -0.5778 0.3786 -0.7230
vn -0.5778 0.3787 -0.7230
vn -0.5778 0.3787 0.7230
vn 0.1878 -0.7110 0.6777
vn 0.2480 -0.7063 0.6631
vn 0.1878 -0.7109 -0.6777
vn 0.2480 -0.7063 -0.6631
vn 0.1836 -0.7112 -0.6786
vn -0.1001 0.6486 -0.7545
vn -0.1627 0.6382 -0.7524
vn -0.0934 0.6496 -0.7545
vn -0.1001 0.6487 0.7545
vn -0.1627 0.6383 0.7524
vn -0.1627 0.6382 0.7524
vn 0.3456 0.5745 0.7419
vn 0.2451 0.6182 0.7468
vn 0.2506 0.6161 0.7468
vn 0.3456 0.5745 -0.7420
vn 0.2507 0.6160 -0.7468
vn 0.2452 0.6182 -0.7468
vn -0.0980 -0.6629 -0.7422
vn -0.0557 -0.6718 -0.7387
vn -0.0539 -0.6721 -0.7385
vn -0.0980 -0.6630 0.7422
vn -0.0539 -0.6721 0.7385
vn -0.0557 -0.6717 0.7388
vn 0.0619 0.6531 0.7547
vn 0.0619 0.6531 -0.7547
vn 0.0747 0.6519 -0.7546
vn 0.0409 -0.6966 -0.7163
vn 0.0408 -0.6966 0.7163
vn 0.0511 -0.6991 0.7132
vn -0.0934 0.6496 0.7545
vn 0.0511 -0.6991 -0.7132
vn 0.1836 -0.7112 0.6786
vn 0.9355 0.0108 0.3530
vn -0.9246 0.0757 0.3732
vn -0.1990 0.0335 -0.9794
vn -0.1988 0.0336 0.9795
vn -0.9417 -0.0911 0.3240
vn -0.9555 0.0364 -0.2927
vn 0.0516 0.9749 -0.2166
vn 0.6578 -0.0000 0.7532
vn -0.5546 0.3469 -0.7563
vn -0.5377 0.3731 -0.7561
vn 0.1115 -0.7212 -0.6836
vn 0.2480 -0.7062 -0.6631
vn -0.1628 0.6382 -0.7525
vn 0.0747 0.6519 0.7546
vt 0.027080 0.429599
vt 0.077885 0.496091
vt 0.001971 0.496091
vt 0.018046 0.532007
vt 0.251851 0.176962
vt 0.215935 0.213449
vt 0.195023 0.176962
vt 0.335290 0.174543
vt 0.251851 0.212890
vt 0.714977 0.006810
vt 0.774815 0.043297
vt 0.702326 0.043297
vt 0.077885 0.391253
vt 0.006403 0.412653
vt 0.128689 0.429599
vt 0.077885 0.421188
vt 0.137725 0.532007
vt 0.153798 0.496091
vt 0.459292 0.176962
vt 0.495208 0.213449
vt 0.459292 0.212890
vt 0.375854 0.174543
vt 0.392800 0.218867
vt 0.834655 0.006810
vt 0.847306 0.043297
vt 0.195023 0.138025
vt 0.251851 0.138025
vt 0.348208 0.133220
vt 0.774815 0.082234
vt 0.699894 0.082234
vt 0.603955 0.208358
vt 0.530077 0.159306
vt 0.603955 0.148842
vt 0.516120 0.138025
vt 0.516120 0.176962
vt 0.459292 0.138025
vt 0.677835 0.159306
vt 0.675437 0.200629
vt 0.358952 0.089477
vt 0.459292 0.021212
vt 0.459292 0.099087
vt 0.516120 0.021212
vt 0.516120 0.099087
vt 0.852170 0.121172
vt 0.774815 0.199047
vt 0.774815 0.121172
vt 0.697462 0.121172
vt 0.692598 0.199047
vt 0.251851 0.099087
vt 0.195023 0.021212
vt 0.251851 0.021212
vt 0.352190 0.089477
vt 0.344449 0.001992
vt 0.362934 0.133220
vt 0.849738 0.082234
vt 0.195023 0.099087
vt 0.667454 0.146261
vt 0.680233 0.115564
vt 0.667448 0.125309
vt 0.540459 0.146261
vt 0.603955 0.135922
vt 0.527679 0.115563
vt 0.372881 0.554888
vt 0.383561 0.618386
vt 0.364344 0.557288
vt 0.215131 0.993763
vt 0.209248 0.971775
vt 0.217784 0.972811
vt 0.372881 0.681883
vt 0.392097 0.618386
vt 0.226605 0.993763
vt 0.232488 0.971775
vt 0.235142 0.992727
vt 0.080893 0.221240
vt 0.038875 0.177608
vt 0.084488 0.199606
vt 0.173491 0.192690
vt 0.158810 0.176690
vt 0.001971 0.111617
vt 0.024064 0.193834
vt 0.080893 0.001992
vt 0.038875 0.045625
vt 0.024064 0.029397
vt 0.173491 0.030542
vt 0.084488 0.023628
vt 0.021142 0.111617
vt 0.621957 0.103016
vt 0.685030 0.028078
vt 0.585954 0.103016
vt 0.522882 0.028078
vt 0.585954 0.001992
vt 0.621957 0.116273
vt 0.540462 0.125309
vt 0.751398 0.919064
vt 0.750008 0.964555
vt 0.741097 0.964555
vt 0.726489 0.964555
vt 0.725099 0.919064
vt 0.735026 0.962157
vt 0.187671 0.129618
vt 0.168500 0.129618
vt 0.187672 0.093615
vt 0.158810 0.046544
vt 0.090222 0.562909
vt 0.063849 0.657907
vt 0.071051 0.556883
vt 0.031405 0.562910
vt 0.057778 0.657907
vt 0.046614 0.659702
vt 0.073323 0.670457
vt 0.064412 0.671163
vt 0.048304 0.670457
vt 0.670225 0.506111
vt 0.689704 0.486554
vt 0.692293 0.515704
vt 0.660670 0.483955
vt 0.687115 0.451649
vt 0.724470 0.451649
vt 0.724470 0.489154
vt 0.724470 0.520438
vt 0.660670 0.419343
vt 0.655954 0.451649
vt 0.670225 0.397187
vt 0.689704 0.416744
vt 0.692293 0.387595
vt 0.724470 0.414145
vt 0.759236 0.416744
vt 0.761825 0.451649
vt 0.756647 0.387595
vt 0.778715 0.397187
vt 0.788269 0.419343
vt 0.792985 0.451649
vt 0.756647 0.515704
vt 0.759236 0.486554
vt 0.788269 0.483955
vt 0.778715 0.506111
vt 0.530622 0.670258
vt 0.546893 0.650701
vt 0.549055 0.679850
vt 0.522641 0.648102
vt 0.544730 0.615796
vt 0.575933 0.615796
vt 0.575933 0.653300
vt 0.948351 0.153077
vt 0.921473 0.176562
vt 0.921473 0.157792
vt 0.522641 0.583490
vt 0.518702 0.615796
vt 0.530622 0.561334
vt 0.546893 0.580891
vt 0.903470 0.331597
vt 0.930347 0.355083
vt 0.901307 0.349165
vt 0.604973 0.580891
vt 0.607136 0.615796
vt 0.957225 0.331597
vt 0.959388 0.349165
vt 0.621244 0.561334
vt 0.629225 0.583490
vt 0.633164 0.615796
vt 0.894595 0.153077
vt 0.604973 0.650701
vt 0.629225 0.648102
vt 0.621244 0.670258
vt 0.602811 0.679850
vt 0.814869 0.496800
vt 0.834348 0.477243
vt 0.836937 0.506393
vt 0.805314 0.474644
vt 0.831758 0.442338
vt 0.869114 0.442338
vt 0.869114 0.479843
vt 0.869114 0.511127
vt 0.805314 0.410033
vt 0.800598 0.442338
vt 0.814869 0.387877
vt 0.834348 0.407433
vt 0.836937 0.378284
vt 0.869114 0.404834
vt 0.903880 0.407433
vt 0.906469 0.442338
vt 0.901291 0.378284
vt 0.923359 0.387877
vt 0.932913 0.410033
vt 0.937629 0.442338
vt 0.901291 0.506393
vt 0.903880 0.477243
vt 0.932913 0.474644
vt 0.923359 0.496800
vt 0.410088 0.673404
vt 0.426359 0.653847
vt 0.428522 0.682997
vt 0.402107 0.651248
vt 0.424197 0.618942
vt 0.894595 0.025478
vt 0.921473 0.001992
vt 0.921473 0.020762
vt 0.402107 0.586636
vt 0.398168 0.618942
vt 0.410088 0.564480
vt 0.426359 0.584037
vt 0.957225 0.203998
vt 0.930347 0.180512
vt 0.959388 0.186430
vt 0.903470 0.203998
vt 0.901307 0.186430
vt 0.484440 0.584037
vt 0.500711 0.564480
vt 0.508692 0.586636
vt 0.486602 0.618942
vt 0.512631 0.618942
vt 0.948351 0.025478
vt 0.508692 0.651248
vt 0.484440 0.653847
vt 0.500711 0.673404
vt 0.482277 0.682997
vt 0.885036 0.213552
vt 0.901307 0.233031
vt 0.877055 0.235620
vt 0.930347 0.230442
vt 0.930347 0.267797
vt 0.899144 0.267797
vt 0.873116 0.267797
vt 0.930347 0.199282
vt 0.975659 0.213552
vt 0.959388 0.233031
vt 0.983639 0.235620
vt 0.961550 0.267797
vt 0.959388 0.302563
vt 0.930347 0.305153
vt 0.983639 0.299974
vt 0.975659 0.322042
vt 0.930347 0.336313
vt 0.877055 0.299974
vt 0.901307 0.302563
vt 0.885036 0.322042
vt 0.876162 0.035032
vt 0.892432 0.054511
vt 0.868181 0.057100
vt 0.921473 0.051922
vt 0.921473 0.089277
vt 0.890270 0.089277
vt 0.864242 0.089277
vt 0.966784 0.035032
vt 0.950513 0.054511
vt 0.974765 0.057100
vt 0.952676 0.089277
vt 0.950513 0.124043
vt 0.921473 0.126632
vt 0.974765 0.121454
vt 0.966784 0.143522
vt 0.868181 0.121454
vt 0.892432 0.124043
vt 0.876162 0.143522
vt 0.440789 0.636513
vt 0.455399 0.656447
vt 0.455399 0.643318
vt 0.440789 0.601371
vt 0.435130 0.618942
vt 0.455399 0.581438
vt 0.470010 0.601371
vt 0.455399 0.594566
vt 0.470010 0.636513
vt 0.475669 0.618942
vt 0.486153 0.933674
vt 0.468582 0.973026
vt 0.468582 0.931701
vt 0.447900 0.971053
vt 0.433289 0.931701
vt 0.447900 0.931701
vt 0.503724 0.973026
vt 0.486153 0.973026
vt 0.412607 0.971053
vt 0.427218 0.931701
vt 0.427218 0.973026
vt 0.397997 0.931701
vt 0.412607 0.931701
vt 0.374354 0.970073
vt 0.391925 0.930721
vt 0.391925 0.972045
vt 0.356783 0.930721
vt 0.374354 0.930721
vt 0.462511 0.931701
vt 0.462511 0.973026
vt 0.031093 0.978718
vt 0.044603 0.968664
vt 0.044603 0.978718
vt 0.268309 0.989961
vt 0.281819 0.979903
vt 0.281819 0.989961
vt 0.044603 0.988776
vt 0.261412 0.983593
vt 0.251359 0.990381
vt 0.258143 0.983593
vt 0.241309 0.983593
vt 0.244576 0.983593
vt 0.251359 0.976805
vt 0.222464 0.781120
vt 0.214308 0.777381
vt 0.216975 0.775622
vt 0.266822 0.695457
vt 0.258666 0.685619
vt 0.270714 0.691707
vt 0.214308 0.790957
vt 0.226357 0.784869
vt 0.220723 0.765313
vt 0.230342 0.770625
vt 0.265081 0.711263
vt 0.274700 0.705951
vt 0.287258 0.700588
vt 0.242900 0.775989
vt 0.227394 0.750721
vt 0.271751 0.725855
vt 0.281833 0.724252
vt 0.295480 0.721993
vt 0.237476 0.752325
vt 0.223413 0.685619
vt 0.242743 0.709831
vt 0.235817 0.711687
vt 0.267770 0.790957
vt 0.280174 0.764889
vt 0.287100 0.766745
vt 0.273250 0.763032
vt 0.228893 0.713544
vt 0.240850 0.732349
vt 0.285208 0.744227
vt 0.295755 0.746333
vt 0.230305 0.734454
vt 0.251123 0.754583
vt 0.274662 0.742122
vt 0.077885 0.552933
vt 0.318343 0.218867
vt 0.774815 0.001992
vt 0.149367 0.412653
vt 0.532474 0.200629
vt 0.366694 0.001992
vt 0.857035 0.199047
vt 0.206594 0.992727
vt 0.364344 0.679482
vt 0.223951 0.972811
vt 0.621957 0.001992
vt 0.585954 0.116273
vt 0.759934 0.921461
vt 0.716188 0.919064
vt 0.168500 0.093615
vt 0.075013 0.659702
vt 0.050576 0.556883
vt 0.057215 0.671164
vt 0.724470 0.382860
vt 0.950513 0.170645
vt 0.549055 0.551741
vt 0.575933 0.578291
vt 0.602811 0.551741
vt 0.892432 0.170645
vt 0.869114 0.373549
vt 0.892432 0.007910
vt 0.428522 0.554888
vt 0.482277 0.554888
vt 0.950513 0.007910
vt 0.987579 0.267797
vt 0.978704 0.089277
vt 0.433289 0.973026
vt 0.503724 0.931701
vt 0.397997 0.973026
vt 0.356783 0.972045
vt 0.031093 0.962297
vt 0.268309 0.973536
vt 0.031093 0.995143
vt 0.251359 0.993648
vt 0.251359 0.973535
vt 0.214308 0.784168
vt 0.258666 0.692408
vt 0.261333 0.700954
vt 0.251397 0.730243
s 1
usemtl lambert1
f 997/1337/1046 999/1338/1047 1000/1339/1046
f 999/1338/1048 1002/1340/1049 1000/1339/1049
f 1003/1341/1050 1002/1342/1051 1004/1343/1052
f 1005/1344/1053 1000/1345/1054 1003/1341/1054
f 1002/1346/1055 1006/1347/1055 1004/1348/1055
f 1007/1349/1056 997/1337/1056 1005/1350/1056
f 1008/1351/1057 999/1338/1058 998/1352/1057
f 1010/1353/1059 999/1338/1060 1009/1354/1061
f 1011/1355/1062 1010/1356/1063 1009/1357/1064
f 1013/1358/1065 1009/1357/1066 1008/1359/1067
f 1006/1347/1068 1010/1360/1068 1012/1361/1068
f 1007/1349/1069 1008/1351/1069 998/1352/1069
f 1003/1341/1070 1033/1362/1071 1034/1363/1072
f 1005/1344/1073 1034/1363/1074 1035/1364/1075
f 1004/1348/1076 1032/1365/1077 1033/1366/1078
f 1007/1367/1079 1035/1368/1080 1028/1369/1081
f 1011/1355/1082 1031/1370/1083 1012/1371/1082
f 1013/1358/1084 1030/1372/1085 1011/1355/1086
f 1012/1361/1087 1032/1365/1088 1006/1347/1089
f 1007/1367/1090 1029/1373/1091 1013/1374/1090
f 1021/1375/1092 1019/1376/1093 1022/1377/1094
f 1022/1377/1095 1018/1378/1096 1023/1379/1097
f 1023/1380/1098 1017/1381/1099 1024/1382/1100
f 1025/1383/1101 1017/1381/1102 1014/1384/1103
f 1026/1385/1104 1014/1386/1105 1015/1387/1106
f 1027/1388/1107 1015/1387/1108 1016/1389/1108
f 1029/1390/1109 1022/1377/1094 1030/1372/1085
f 1030/1372/1110 1023/1379/1097 1031/1370/1083
f 1031/1391/1111 1024/1382/1100 1032/1365/1088
f 1033/1366/1078 1024/1382/1112 1025/1383/1101
f 1034/1363/1072 1025/1392/1113 1026/1385/1104
f 1035/1364/1075 1026/1385/1114 1027/1388/1107
f 1028/1369/1115 1037/1393/1116 1029/1373/1091
f 1021/1394/1117 1037/1393/1116 1038/1395/1118
f 1028/1369/1081 1039/1396/1119 1036/1397/1120
f 1027/1398/1121 1039/1396/1119 1035/1368/1080
f 1037/1399/1122 1041/1400/1123 1042/1401/1122
f 1037/1402/1124 1043/1403/1125 1038/1404/1124
f 1039/1405/1126 1041/1400/1123 1036/1406/1123
f 1039/1407/1127 1045/1408/1128 1044/1409/1129
f 1015/1410/1130 1046/1411/1130 1047/1412/1130
f 1016/1413/1131 1047/1412/1132 1048/1414/1133
f 1017/1415/1134 1046/1411/1134 1014/1416/1134
f 1019/1417/1135 1050/1418/1135 1018/1419/1136
f 1020/1420/1137 1051/1421/1138 1019/1417/1138
f 1017/1415/1139 1050/1418/1139 1049/1422/1139
f 1056/1423/1140 1020/1424/1141 1021/1394/1117
f 1055/1425/1142 1016/1426/1143 1054/1427/1144
f 1056/1423/1140 1038/1395/1118 1058/1428/1145
f 1055/1425/1142 1040/1429/1146 1027/1398/1121
f 1038/1430/1147 1060/1431/1147 1058/1432/1147
f 1040/1433/1148 1059/1434/1148 1045/1435/1148
f 1054/1436/1149 1048/1414/1133 1062/1437/1149
f 1053/1438/1150 1052/1439/1151 1020/1420/1137
f 1062/1440/1152 1055/1441/1152 1054/1442/1152
f 1061/1443/1153 1056/1444/1153 1064/1445/1153
f 1055/1441/1152 1059/1446/1152 1057/1447/1152
f 1056/1444/1153 1060/1448/1153 1064/1445/1153
f 1065/1449/1154 1138/1450/1155 1117/1451/1156
f 1114/1452/1157 1115/1453/1158 1138/1450/1155
f 1138/1450/1155 1085/1454/1159 1116/1455/1160
f 1117/1451/1156 1116/1455/1160 1082/1456/1161
f 1118/1457/1162 1115/1453/1158 1079/1458/1163
f 1066/1459/1164 1139/1460/1165 1118/1457/1162
f 1119/1461/1166 1120/1462/1167 1139/1460/1165
f 1139/1460/1165 1085/1454/1159 1115/1453/1158
f 1085/1454/1159 1140/1463/1168 1123/1464/1169
f 1120/1462/1167 1121/1465/1170 1140/1463/1168
f 1140/1463/1168 1068/1466/1171 1122/1467/1172
f 1123/1464/1169 1122/1467/1172 1081/1468/1173
f 1116/1455/1160 1125/1469/1174 1082/1456/1161
f 1085/1454/1159 1141/1470/1175 1116/1455/1160
f 1123/1464/1169 1124/1471/1176 1141/1470/1175
f 1141/1470/1175 1067/1472/1177 1125/1469/1174
f 1067/1473/1177 1142/1474/1178 1128/1475/1179
f 1124/1476/1176 1126/1477/1180 1142/1474/1178
f 1142/1474/1178 1086/1478/1181 1127/1479/1182
f 1128/1480/1179 1127/1481/1182 1073/1482/1183
f 1122/1483/1172 1126/1477/1180 1081/1484/1173
f 1068/1485/1171 1143/1486/1184 1122/1483/1172
f 1129/1487/1185 1130/1488/1186 1143/1489/1184
f 1143/1486/1184 1086/1478/1181 1126/1477/1180
f 1086/1478/1181 1144/1490/1187 1133/1491/1188
f 1130/1488/1186 1131/1492/1189 1144/1493/1187
f 1144/1490/1187 1070/1494/1190 1132/1495/1191
f 1133/1491/1188 1132/1495/1191 1084/1496/1192
f 1127/1481/1182 1135/1497/1193 1073/1482/1183
f 1086/1478/1181 1145/1498/1194 1127/1479/1182
f 1133/1491/1188 1134/1499/1195 1145/1498/1194
f 1145/1498/1194 1069/1500/1196 1135/1501/1193
f 1069/1502/1196 1146/1503/1197 1090/1504/1198
f 1134/1505/1195 1136/1506/1199 1146/1503/1197
f 1146/1503/1197 1087/1507/1200 1137/1508/1201
f 1090/1504/1198 1137/1508/1201 1076/1509/1202
f 1132/1510/1191 1136/1506/1199 1084/1511/1192
f 1070/1512/1190 1147/1513/1203 1132/1510/1191
f 1091/1514/1204 1092/1515/1205 1147/1513/1203
f 1147/1513/1203 1087/1507/1200 1136/1506/1199
f 1087/1507/1200 1148/1516/1206 1095/1517/1207
f 1092/1515/1205 1093/1518/1208 1148/1516/1206
f 1148/1516/1206 1072/1519/1209 1094/1520/1210
f 1095/1517/1207 1094/1520/1210 1075/1521/1211
f 1137/1508/1201 1097/1522/1212 1076/1509/1202
f 1087/1507/1200 1149/1523/1213 1137/1508/1201
f 1095/1517/1207 1096/1524/1214 1149/1523/1213
f 1149/1523/1213 1071/1525/1215 1097/1522/1212
f 1071/1526/1215 1150/1527/1216 1100/1528/1217
f 1096/1529/1214 1098/1530/1218 1150/1527/1216
f 1100/1531/1217 1099/1532/1219 1078/1533/1220
f 1094/1534/1210 1098/1530/1218 1075/1535/1211
f 1072/1536/1209 1151/1537/1221 1094/1534/1210
f 1101/1538/1222 1102/1539/1223 1151/1540/1221
f 1102/1539/1223 1103/1541/1224 1152/1542/1225
f 1152/1543/1225 1066/1544/1164 1118/1545/1162
f 1104/1546/1226 1118/1545/1162 1079/1547/1163
f 1099/1532/1219 1105/1548/1227 1078/1533/1220
f 1104/1546/1226 1114/1549/1157 1153/1550/1228
f 1153/1550/1228 1065/1551/1154 1105/1552/1227
f 1066/1553/1164 1154/1554/1229 1119/1555/1166
f 1103/1541/1224 1106/1556/1230 1154/1554/1229
f 1154/1554/1229 1088/1557/1152 1107/1558/1231
f 1119/1555/1166 1107/1558/1231 1080/1559/1232
f 1101/1538/1222 1106/1556/1230 1077/1560/1233
f 1072/1561/1209 1155/1562/1234 1101/1538/1222
f 1093/1563/1208 1108/1564/1235 1155/1562/1234
f 1155/1562/1234 1088/1557/1152 1106/1556/1230
f 1088/1557/1152 1156/1565/1236 1109/1566/1237
f 1108/1564/1235 1091/1567/1204 1156/1565/1236
f 1156/1565/1236 1070/1568/1190 1131/1492/1189
f 1109/1566/1237 1131/1492/1189 1083/1569/1238
f 1107/1558/1231 1121/1570/1170 1080/1559/1232
f 1088/1557/1152 1157/1571/1239 1107/1558/1231
f 1109/1566/1237 1129/1487/1185 1157/1571/1239
f 1157/1571/1239 1068/1572/1171 1121/1570/1170
f 1071/1573/1215 1158/1574/1240 1097/1575/1212
f 1100/1531/1217 1110/1576/1241 1158/1574/1240
f 1158/1574/1240 1089/1577/1153 1111/1578/1242
f 1097/1575/1212 1111/1578/1242 1076/1579/1202
f 1105/1548/1227 1110/1576/1241 1078/1533/1220
f 1065/1580/1154 1159/1581/1243 1105/1548/1227
f 1117/1582/1156 1112/1583/1244 1159/1581/1243
f 1159/1581/1243 1089/1577/1153 1110/1576/1241
f 1089/1577/1153 1160/1584/1245 1113/1585/1246
f 1112/1583/1244 1125/1586/1174 1160/1584/1245
f 1160/1584/1245 1067/1587/1177 1128/1480/1179
f 1113/1585/1246 1128/1480/1179 1073/1482/1183
f 1111/1578/1242 1090/1588/1198 1076/1579/1202
f 1089/1577/1153 1161/1589/1247 1111/1578/1242
f 1113/1585/1246 1135/1497/1193 1161/1589/1247
f 1161/1589/1247 1069/1590/1196 1090/1588/1198
f 1098/1530/1218 1163/1591/1248 1150/1527/1216
f 1099/1592/1219 1163/1591/1248 1164/1593/1249
f 1098/1530/1218 1165/1594/1250 1162/1595/1251
f 1102/1596/1223 1165/1594/1250 1151/1537/1221
f 1102/1596/1223 1167/1597/1252 1166/1598/1253
f 1104/1546/1226 1167/1597/1252 1152/1543/1225
f 1104/1546/1226 1169/1599/1254 1168/1600/1255
f 1099/1592/1219 1169/1599/1254 1153/1550/1228
f 1162/1601/1200 1171/1602/1256 1163/1603/1257
f 1164/1604/1153 1171/1605/1256 1172/1606/1153
f 1162/1601/1200 1173/1607/1258 1170/1608/1200
f 1166/1609/1152 1173/1610/1258 1165/1611/1259
f 1166/1609/1152 1175/1612/1260 1174/1613/1152
f 1168/1614/1159 1175/1615/1260 1167/1616/1261
f 1168/1614/1159 1177/1617/1262 1176/1618/1159
f 1164/1604/1153 1177/1619/1262 1169/1620/1263
f 1178/1621/1264 1183/1622/1264 1182/1623/1265
f 1183/1622/1266 1180/1621/1266 1184/1623/1266
f 1180/1624/1267 1185/1625/1268 1184/1626/1269
f 1185/1627/1270 1178/1621/1270 1182/1623/1271
f 1182/1628/1181 1187/1629/1181 1186/1630/1181
f 1187/1629/1181 1184/1631/1181 1188/1632/1181
f 1184/1631/1181 1189/1633/1181 1188/1632/1181
f 1189/1633/1181 1182/1628/1181 1186/1630/1181
f 1190/1634/1272 1187/1635/1272 1191/1636/1272
f 1187/1635/1273 1192/1634/1274 1191/1636/1273
f 1192/1637/1275 1189/1638/1276 1193/1639/1275
f 1189/1640/1277 1190/1634/1277 1193/1641/1277
f 1190/1634/1278 1195/1642/1278 1194/1643/1278
f 1195/1644/1279 1192/1637/1279 1196/1645/1279
f 1196/1645/1280 1193/1639/1280 1197/1646/1281
f 1193/1641/1282 1194/1643/1282 1197/1647/1282
f 1210/1648/1283 1194/1643/1284 1195/1642/1284
f 1210/1649/1285 1196/1645/1286 1209/1650/1287
f 1209/1650/1288 1197/1646/1289 1208/1651/1290
f 1207/1652/1291 1197/1647/1292 1194/1643/1293
f 1198/1653/1294 1200/1654/1295 1199/1655/1296
f 1198/1656/1297 1201/1657/1298 1200/1658/1299
f 1198/1656/1300 1202/1659/1301 1201/1657/1302
f 1198/1653/1303 1199/1655/1304 1202/1660/1305
f 1200/1654/1295 1203/1661/1306 1199/1655/1296
f 1200/1658/1299 1205/1662/1307 1204/1663/1308
f 1202/1659/1301 1205/1662/1309 1201/1657/1302
f 1202/1660/1305 1203/1661/1310 1206/1664/1311
f 1203/1661/1306 1208/1665/1312 1207/1652/1291
f 1205/1662/1307 1208/1651/1290 1204/1663/1308
f 1206/1666/1313 1209/1650/1287 1205/1662/1309
f 1206/1664/1311 1207/1652/1314 1210/1648/1283
f 997/1337/1046 998/1352/1046 999/1338/1047
f 999/1338/1048 1001/1667/1048 1002/1340/1049
f 1003/1341/1050 1000/1345/1052 1002/1342/1051
f 1005/1344/1053 997/1668/1054 1000/1345/1054
f 1002/1346/1055 1001/1669/1055 1006/1347/1055
f 1007/1349/1056 998/1352/1056 997/1337/1056
f 1008/1351/1057 1009/1354/1057 999/1338/1058
f 1010/1353/1059 1001/1667/1059 999/1338/1060
f 1011/1355/1062 1012/1371/1064 1010/1356/1063
f 1013/1358/1065 1011/1355/1066 1009/1357/1066
f 1006/1347/1068 1001/1669/1068 1010/1360/1068
f 1007/1349/1069 1013/1670/1069 1008/1351/1069
f 1003/1341/1070 1004/1343/1070 1033/1362/1071
f 1005/1344/1073 1003/1341/1073 1034/1363/1074
f 1004/1348/1076 1006/1347/1076 1032/1365/1077
f 1007/1367/1079 1005/1671/1079 1035/1368/1080
f 1011/1355/1082 1030/1372/1110 1031/1370/1083
f 1013/1358/1084 1029/1390/1109 1030/1372/1085
f 1012/1361/1087 1031/1391/1111 1032/1365/1088
f 1007/1367/1090 1028/1369/1115 1029/1373/1091
f 1021/1375/1092 1020/1672/1093 1019/1376/1093
f 1022/1377/1095 1019/1376/1096 1018/1378/1096
f 1023/1380/1098 1018/1673/1315 1017/1381/1099
f 1025/1383/1101 1024/1382/1112 1017/1381/1102
f 1026/1385/1104 1025/1392/1113 1014/1386/1105
f 1027/1388/1107 1026/1385/1114 1015/1387/1108
f 1029/1390/1109 1021/1375/1092 1022/1377/1094
f 1030/1372/1110 1022/1377/1095 1023/1379/1097
f 1031/1391/1111 1023/1380/1098 1024/1382/1100
f 1033/1366/1078 1032/1365/1077 1024/1382/1112
f 1034/1363/1072 1033/1362/1071 1025/1392/1113
f 1035/1364/1075 1034/1363/1074 1026/1385/1114
f 1028/1369/1115 1036/1397/1316 1037/1393/1116
f 1021/1394/1117 1029/1373/1091 1037/1393/1116
f 1028/1369/1081 1035/1368/1080 1039/1396/1119
f 1027/1398/1121 1040/1429/1146 1039/1396/1119
f 1037/1399/1122 1036/1406/1123 1041/1400/1123
f 1037/1402/1124 1042/1674/1317 1043/1403/1125
f 1039/1405/1126 1044/1675/1126 1041/1400/1123
f 1039/1407/1127 1040/1676/1318 1045/1408/1128
f 1015/1410/1130 1014/1416/1130 1046/1411/1130
f 1016/1413/1131 1015/1410/1132 1047/1412/1132
f 1017/1415/1134 1049/1422/1134 1046/1411/1134
f 1019/1417/1135 1051/1421/1135 1050/1418/1135
f 1020/1420/1137 1052/1439/1151 1051/1421/1138
f 1017/1415/1139 1018/1419/1139 1050/1418/1139
f 1056/1423/1140 1053/1677/1319 1020/1424/1141
f 1055/1425/1142 1027/1398/1121 1016/1426/1143
f 1056/1423/1140 1021/1394/1117 1038/1395/1118
f 1055/1425/1142 1057/1678/1320 1040/1429/1146
f 1038/1430/1147 1043/1679/1321 1060/1431/1147
f 1040/1433/1148 1057/1680/1148 1059/1434/1148
f 1054/1436/1149 1016/1413/1131 1048/1414/1133
f 1053/1438/1150 1061/1681/1150 1052/1439/1151
f 1062/1440/1152 1063/1682/1152 1055/1441/1152
f 1061/1443/1153 1053/1683/1153 1056/1444/1153
f 1055/1441/1152 1063/1682/1152 1059/1446/1152
f 1056/1444/1153 1058/1684/1153 1060/1448/1153
f 1065/1449/1154 1114/1452/1157 1138/1450/1155
f 1114/1452/1157 1079/1458/1163 1115/1453/1158
f 1138/1450/1155 1115/1453/1158 1085/1454/1159
f 1117/1451/1156 1138/1450/1155 1116/1455/1160
f 1118/1457/1162 1139/1460/1165 1115/1453/1158
f 1066/1459/1164 1119/1461/1166 1139/1460/1165
f 1119/1461/1166 1080/1685/1232 1120/1462/1167
f 1139/1460/1165 1120/1462/1167 1085/1454/1159
f 1085/1454/1159 1120/1462/1167 1140/1463/1168
f 1120/1462/1167 1080/1685/1232 1121/1465/1170
f 1140/1463/1168 1121/1465/1170 1068/1466/1171
f 1123/1464/1169 1140/1463/1168 1122/1467/1172
f 1116/1455/1160 1141/1470/1175 1125/1469/1174
f 1085/1454/1159 1123/1464/1169 1141/1470/1175
f 1123/1464/1169 1081/1468/1173 1124/1471/1176
f 1141/1470/1175 1124/1471/1176 1067/1472/1177
f 1067/1473/1177 1124/1476/1176 1142/1474/1178
f 1124/1476/1176 1081/1484/1173 1126/1477/1180
f 1142/1474/1178 1126/1477/1180 1086/1478/1181
f 1128/1480/1179 1142/1686/1178 1127/1481/1182
f 1122/1483/1172 1143/1486/1184 1126/1477/1180
f 1068/1485/1171 1129/1687/1185 1143/1486/1184
f 1129/1487/1185 1083/1569/1238 1130/1488/1186
f 1143/1486/1184 1130/1688/1186 1086/1478/1181
f 1086/1478/1181 1130/1688/1186 1144/1490/1187
f 1130/1488/1186 1083/1569/1238 1131/1492/1189
f 1144/1490/1187 1131/1689/1189 1070/1494/1190
f 1133/1491/1188 1144/1490/1187 1132/1495/1191
f 1127/1481/1182 1145/1690/1194 1135/1497/1193
f 1086/1478/1181 1133/1491/1188 1145/1498/1194
f 1133/1491/1188 1084/1496/1192 1134/1499/1195
f 1145/1498/1194 1134/1499/1195 1069/1500/1196
f 1069/1502/1196 1134/1505/1195 1146/1503/1197
f 1134/1505/1195 1084/1511/1192 1136/1506/1199
f 1146/1503/1197 1136/1506/1199 1087/1507/1200
f 1090/1504/1198 1146/1503/1197 1137/1508/1201
f 1132/1510/1191 1147/1513/1203 1136/1506/1199
f 1070/1512/1190 1091/1514/1204 1147/1513/1203
f 1091/1514/1204 1074/1691/1322 1092/1515/1205
f 1147/1513/1203 1092/1515/1205 1087/1507/1200
f 1087/1507/1200 1092/1515/1205 1148/1516/1206
f 1092/1515/1205 1074/1691/1322 1093/1518/1208
f 1148/1516/1206 1093/1518/1208 1072/1519/1209
f 1095/1517/1207 1148/1516/1206 1094/1520/1210
f 1137/1508/1201 1149/1523/1213 1097/1522/1212
f 1087/1507/1200 1095/1517/1207 1149/1523/1213
f 1095/1517/1207 1075/1521/1211 1096/1524/1214
f 1149/1523/1213 1096/1524/1214 1071/1525/1215
f 1071/1526/1215 1096/1529/1214 1150/1527/1216
f 1096/1529/1214 1075/1535/1211 1098/1530/1218
f 1100/1531/1217 1150/1692/1216 1099/1532/1219
f 1094/1534/1210 1151/1537/1221 1098/1530/1218
f 1072/1536/1209 1101/1693/1222 1151/1537/1221
f 1101/1538/1222 1077/1560/1233 1102/1539/1223
f 1102/1539/1223 1077/1560/1233 1103/1541/1224
f 1152/1543/1225 1103/1694/1224 1066/1544/1164
f 1104/1546/1226 1152/1543/1225 1118/1545/1162
f 1099/1532/1219 1153/1695/1228 1105/1548/1227
f 1104/1546/1226 1079/1547/1163 1114/1549/1157
f 1153/1550/1228 1114/1549/1157 1065/1551/1154
f 1066/1553/1164 1103/1541/1224 1154/1554/1229
f 1103/1541/1224 1077/1560/1233 1106/1556/1230
f 1154/1554/1229 1106/1556/1230 1088/1557/1152
f 1119/1555/1166 1154/1554/1229 1107/1558/1231
f 1101/1538/1222 1155/1562/1234 1106/1556/1230
f 1072/1561/1209 1093/1563/1208 1155/1562/1234
f 1093/1563/1208 1074/1696/1322 1108/1564/1235
f 1155/1562/1234 1108/1564/1235 1088/1557/1152
f 1088/1557/1152 1108/1564/1235 1156/1565/1236
f 1108/1564/1235 1074/1696/1322 1091/1567/1204
f 1156/1565/1236 1091/1567/1204 1070/1568/1190
f 1109/1566/1237 1156/1565/1236 1131/1492/1189
f 1107/1558/1231 1157/1571/1239 1121/1570/1170
f 1088/1557/1152 1109/1566/1237 1157/1571/1239
f 1109/1566/1237 1083/1569/1238 1129/1487/1185
f 1157/1571/1239 1129/1487/1185 1068/1572/1171
f 1071/1573/1215 1100/1531/1217 1158/1574/1240
f 1100/1531/1217 1078/1533/1220 1110/1576/1241
f 1158/1574/1240 1110/1576/1241 1089/1577/1153
f 1097/1575/1212 1158/1574/1240 1111/1578/1242
f 1105/1548/1227 1159/1581/1243 1110/1576/1241
f 1065/1580/1154 1117/1582/1156 1159/1581/1243
f 1117/1582/1156 1082/1697/1161 1112/1583/1244
f 1159/1581/1243 1112/1583/1244 1089/1577/1153
f 1089/1577/1153 1112/1583/1244 1160/1584/1245
f 1112/1583/1244 1082/1697/1161 1125/1586/1174
f 1160/1584/1245 1125/1586/1174 1067/1587/1177
f 1113/1585/1246 1160/1584/1245 1128/1480/1179
f 1111/1578/1242 1161/1589/1247 1090/1588/1198
f 1089/1577/1153 1113/1585/1246 1161/1589/1247
f 1113/1585/1246 1073/1482/1183 1135/1497/1193
f 1161/1589/1247 1135/1497/1193 1069/1590/1196
f 1098/1530/1218 1162/1595/1251 1163/1591/1248
f 1099/1592/1219 1150/1527/1216 1163/1591/1248
f 1098/1530/1218 1151/1537/1221 1165/1594/1250
f 1102/1596/1223 1166/1598/1253 1165/1594/1250
f 1102/1596/1223 1152/1543/1225 1167/1597/1252
f 1104/1546/1226 1168/1600/1255 1167/1597/1252
f 1104/1546/1226 1153/1550/1228 1169/1599/1254
f 1099/1592/1219 1164/1593/1249 1169/1599/1254
f 1162/1601/1200 1170/1608/1200 1171/1602/1256
f 1164/1604/1153 1163/1698/1257 1171/1605/1256
f 1162/1601/1200 1165/1699/1259 1173/1607/1258
f 1166/1609/1152 1174/1613/1152 1173/1610/1258
f 1166/1609/1152 1167/1700/1261 1175/1612/1260
f 1168/1614/1159 1176/1618/1159 1175/1615/1260
f 1168/1614/1159 1169/1701/1263 1177/1617/1262
f 1164/1604/1153 1172/1606/1153 1177/1619/1262
f 1178/1621/1264 1179/1702/1264 1183/1622/1264
f 1183/1622/1266 1179/1702/1266 1180/1621/1266
f 1180/1624/1267 1181/1703/1323 1185/1625/1268
f 1185/1627/1270 1181/1704/1270 1178/1621/1270
f 1182/1628/1181 1183/1705/1181 1187/1629/1181
f 1187/1629/1181 1183/1705/1181 1184/1631/1181
f 1184/1631/1181 1185/1706/1181 1189/1633/1181
f 1189/1633/1181 1185/1706/1181 1182/1628/1181
f 1190/1634/1272 1186/1707/1272 1187/1635/1272
f 1187/1635/1273 1188/1707/1274 1192/1634/1274
f 1192/1637/1275 1188/1708/1324 1189/1638/1276
f 1189/1640/1277 1186/1707/1277 1190/1634/1277
f 1190/1634/1278 1191/1636/1278 1195/1642/1278
f 1195/1644/1279 1191/1709/1325 1192/1637/1279
f 1196/1645/1280 1192/1637/1280 1193/1639/1280
f 1193/1641/1282 1190/1634/1282 1194/1643/1282
f 1210/1648/1283 1207/1652/1314 1194/1643/1284
f 1210/1649/1285 1195/1644/1326 1196/1645/1286
f 1209/1650/1288 1196/1645/1327 1197/1646/1289
f 1207/1652/1291 1208/1665/1312 1197/1647/1292
f 1200/1654/1295 1204/1710/1328 1203/1661/1306
f 1200/1658/1299 1201/1657/1298 1205/1662/1307
f 1202/1659/1301 1206/1666/1313 1205/1662/1309
f 1202/1660/1305 1199/1655/1304 1203/1661/1310
f 1203/1661/1306 1204/1710/1328 1208/1665/1312
f 1205/1662/1307 1209/1650/1288 1208/1651/1290
f 1206/1666/1313 1210/1649/1285 1209/1650/1287
f 1206/1664/1311 1203/1661/1310 1207/1652/1314
o polySurface50
v -0.172804 -0.314047 -0.085612
v -0.172804 -0.314047 0.085606
v -0.216617 -0.180845 -0.085612
v -0.216617 -0.180845 0.085606
v -0.141369 -0.166793 -0.085612
v -0.141369 -0.166793 0.085606
v -0.097555 -0.299995 -0.085612
v -0.097555 -0.299995 0.085606
v -0.180985 -0.289174 -0.053640
v -0.180985 -0.289174 0.053634
v -0.208436 -0.205716 0.053634
v -0.208436 -0.205716 -0.053640
v -0.133186 -0.191666 -0.053640
v -0.133186 -0.191666 0.053634
v -0.105736 -0.275124 0.053634
v -0.105736 -0.275124 -0.053640
v -0.132386 -0.280671 -0.127982
v -0.132386 -0.280671 0.127976
v -0.132386 -0.177658 -0.127982
v -0.132386 -0.177658 0.127976
v 0.216464 -0.177658 -0.127982
v 0.216464 -0.177658 0.127976
v 0.216464 -0.280671 -0.127982
v 0.216464 -0.280671 0.127976
v 0.274606 -0.177658 -0.000003
v 0.274606 -0.280671 -0.000003
v 0.042039 -0.280671 0.170635
v 0.042039 -0.177658 0.170635
v 0.042039 -0.280671 -0.170641
v 0.042039 -0.177658 -0.170641
v -0.158209 -0.290590 -0.000003
v -0.190529 -0.177658 -0.000003
v 0.046079 -0.281911 -0.000003
v -0.113180 -0.553251 -0.127982
v -0.113180 -0.553251 0.127976
v -0.113180 -0.268499 -0.127982
v -0.113180 -0.268499 0.127976
v -0.137361 -0.664366 -0.000003
v -0.167626 -0.268499 -0.000003
v -0.128536 -0.424448 -0.127982
v -0.167850 -0.452859 -0.000003
v -0.128536 -0.424448 0.127976
v -0.166664 -0.293255 0.105922
v -0.186183 -0.212404 0.105922
v -0.169288 -0.289256 -0.005217
v -0.198927 -0.191936 -0.005217
v -0.117731 -0.340750 0.179506
v -0.117731 -0.251396 0.179506
v -0.140136 -0.289256 -0.005217
v -0.137515 -0.293255 0.105922
v -0.157031 -0.212404 0.105922
v -0.169778 -0.191936 -0.005217
v -0.088582 -0.340750 0.179506
v -0.088582 -0.251396 0.179506
v -0.180167 -0.191936 -0.058258
v -0.151018 -0.191936 -0.058258
v -0.121376 -0.289256 -0.058258
v -0.150528 -0.289256 -0.058258
v 0.205381 -0.268499 -0.127982
v 0.205381 -0.268499 0.127976
v 0.205381 -0.664530 -0.139159
v 0.205381 -0.664530 0.139153
v 0.259829 -0.268499 -0.000003
v 0.286075 -0.712158 -0.000003
v 0.044046 -0.268499 -0.167398
v 0.205381 -0.352632 -0.143439
v 0.044046 -0.268499 0.167392
v 0.205381 -0.352632 0.143433
v 0.044046 -0.320006 0.167392
v 0.280351 -0.378213 -0.000003
v 0.044046 -0.320006 -0.167398
v 0.205381 -0.517542 -0.141295
v 0.283212 -0.536223 -0.000003
v 0.205381 -0.517542 0.141290
v -0.002734 -0.558805 0.183022
v 0.116887 -0.558805 0.183022
v -0.047125 -0.256497 0.127176
v 0.161278 -0.256497 0.127176
v -0.047125 -0.277936 -0.021873
v 0.161278 -0.277936 -0.021873
v -0.002734 -0.569187 0.097487
v 0.116887 -0.569187 0.097487
v -0.002734 -0.795647 0.114664
v 0.116887 -0.795647 0.114664
v 0.116887 -0.800160 0.200199
v -0.002734 -0.800160 0.200199
v 0.185321 0.043059 -0.225646
v 0.034441 0.072563 -0.279982
v 0.064813 0.229587 -0.279982
v 0.201333 0.177972 -0.218358
v 0.077490 0.335056 -0.178633
v 0.194489 0.304653 -0.161944
v -0.092782 0.229587 -0.253818
v -0.075660 0.323936 -0.161944
v -0.012649 -0.521757 0.093472
v -0.001390 -0.670616 0.104781
v 0.007569 -0.521757 0.179039
v 0.017713 -0.658324 0.185617
v -0.040202 -0.521757 0.136319
v 0.011411 -0.699950 0.147696
v 0.018514 -0.599957 0.202966
v -0.038578 -0.599330 0.143368
v -0.010644 -0.618724 0.079556
v -0.087450 -0.521757 0.138965
v -0.086458 -0.594771 0.146251
v -0.053755 -0.621808 0.074003
v -0.052496 -0.521757 0.085187
v -0.027375 -0.521757 0.191510
v -0.020593 -0.600465 0.214349
v -0.020573 -0.666485 0.194464
v -0.030617 -0.709499 0.151268
v -0.042265 -0.680446 0.102659
v -0.118358 -0.247523 -0.123593
v 0.165614 -0.259497 -0.117327
v -0.041431 -0.380255 -0.078081
v 0.150946 -0.380255 -0.078081
v 0.055356 -0.383336 -0.101413
v -0.060298 -0.383336 -0.000003
v 0.173598 -0.383336 -0.000003
v 0.045452 -0.251646 -0.156428
v 0.223643 -0.259497 -0.000003
v -0.176945 -0.247524 -0.000003
v -0.090652 -0.371362 -0.102682
v 0.169812 -0.371362 -0.111408
v 0.055356 -0.387343 -0.000003
v 0.055356 -0.371362 -0.148540
v 0.219004 -0.371362 -0.000003
v -0.140302 -0.371362 -0.000003
v -0.118358 -0.247523 0.123593
v 0.165614 -0.259497 0.117321
v -0.041431 -0.380255 0.078076
v 0.150946 -0.380255 0.078076
v 0.055356 -0.383336 0.101407
v 0.045452 -0.251646 0.156422
v -0.090652 -0.371362 0.102677
v 0.169812 -0.371362 0.111403
v 0.055356 -0.371362 0.148534
v -0.116949 -0.865291 0.082205
v -0.116949 -0.865291 0.216930
v -0.085435 -1.004903 0.242249
v -0.085435 -1.004903 0.056887
v -0.348735 -0.987329 0.133712
v -0.348735 -0.987329 0.165424
v -0.348735 -1.004903 0.133712
v -0.348735 -1.004903 0.165424
v -0.116949 -0.865291 -0.082208
v -0.116949 -0.865291 -0.216927
v -0.085435 -1.004903 -0.242249
v -0.085435 -1.004903 -0.056887
v -0.348735 -0.987329 -0.133720
v -0.348735 -0.987329 -0.165415
v -0.348735 -1.004903 -0.133720
v -0.348735 -1.004903 -0.165415
v -0.002734 -0.558805 -0.183016
v 0.116887 -0.558805 -0.183016
v -0.047125 -0.256497 -0.127170
v 0.161278 -0.256497 -0.127170
v -0.047125 -0.277936 0.021879
v 0.161278 -0.277936 0.021879
v -0.002734 -0.569187 -0.097487
v 0.116887 -0.569187 -0.097487
v -0.002734 -0.795647 -0.114658
v 0.116887 -0.795647 -0.114658
v 0.116887 -0.800160 -0.200199
v -0.002734 -0.800160 -0.200199
v -0.012649 -0.521757 -0.093472
v -0.001390 -0.670616 -0.104781
v 0.007569 -0.521757 -0.179039
v 0.017713 -0.658324 -0.185623
v -0.040202 -0.521757 -0.136319
v 0.011411 -0.699950 -0.147699
v 0.018514 -0.599957 -0.202969
v -0.038578 -0.599330 -0.143365
v -0.010644 -0.618724 -0.079559
v -0.087450 -0.521757 -0.138962
v -0.086458 -0.594771 -0.146257
v -0.053755 -0.621808 -0.074003
v -0.052496 -0.521757 -0.085187
v -0.027375 -0.521757 -0.191516
v -0.020593 -0.600465 -0.214349
v -0.020573 -0.666485 -0.194464
v -0.030617 -0.709499 -0.151271
v -0.042265 -0.680446 -0.102665
v -0.173381 -0.169098 -0.140817
v -0.173381 -0.169098 0.140817
v 0.209521 -0.169098 -0.136121
v 0.209521 -0.169098 0.136127
v -0.264654 -0.169098 -0.000000
v -0.176542 0.323936 -0.000000
v 0.255576 0.319784 -0.000000
v 0.283694 -0.169098 -0.000000
v -0.325279 0.135219 -0.000000
v -0.167156 0.094126 -0.237019
v 0.185321 0.043059 -0.225646
v 0.273064 0.012787 -0.000000
v 0.185321 0.043059 0.225646
v -0.167156 0.094126 0.237025
v -0.092782 0.229587 -0.253818
v -0.075660 0.323936 -0.161944
v 0.201333 0.177972 -0.218358
v 0.194489 0.304653 -0.161944
v -0.092782 0.229587 0.253824
v -0.075660 0.323936 0.161944
v 0.194489 0.304653 0.161944
v 0.201333 0.177972 0.218358
v 0.005601 -0.169098 0.180967
v 0.005601 -0.169098 -0.180961
v 0.034441 0.072563 -0.279982
v 0.064813 0.229587 -0.279982
v 0.077490 0.335056 -0.178633
v 0.052171 0.348497 -0.000000
v 0.077490 0.335056 0.178639
v 0.064813 0.229587 0.279982
v 0.034441 0.072563 0.279982
v 0.279492 0.166926 -0.000000
v 0.231500 -0.205076 -0.153178
v 0.318057 -0.205076 -0.000000
v 0.009519 -0.233349 -0.000000
v 0.009315 -0.205076 -0.203650
v 0.231500 -0.205076 0.153178
v 0.009315 -0.205076 0.203650
v -0.267677 -0.205076 -0.000000
v -0.187927 -0.205076 0.158473
v -0.187927 -0.205076 -0.158468
v -0.039173 -0.859889 -0.091955
v -0.039173 -0.859889 -0.207181
v -0.051181 -0.782203 -0.066638
v -0.051181 -0.782203 -0.232504
v 0.174896 -0.782203 -0.066638
v 0.174896 -0.782203 -0.232504
v 0.162890 -0.859889 -0.091955
v 0.162890 -0.859889 -0.207181
v 0.200096 -1.004903 -0.069627
v 0.200096 -1.004903 -0.229509
v -0.039173 -1.004903 -0.228839
v -0.039173 -1.004903 -0.070296
v -0.208570 -0.921918 -0.107885
v -0.208570 -0.921918 -0.191251
v -0.231919 -1.001255 -0.107885
v -0.231919 -1.001255 -0.191251
v -0.039173 -0.859889 0.091952
v -0.039173 -0.859889 0.207184
v -0.051181 -0.782203 0.066629
v -0.051181 -0.782203 0.232507
v 0.174896 -0.782203 0.066629
v 0.174896 -0.782203 0.232507
v 0.162890 -0.859889 0.091952
v 0.162890 -0.859889 0.207184
v 0.200096 -1.004903 0.069624
v 0.200096 -1.004903 0.229512
v -0.039173 -1.004903 0.228836
v -0.039173 -1.004903 0.070299
v -0.231919 -0.933163 0.107887
v -0.231919 -0.933163 0.191248
v -0.231919 -0.999842 0.107887
v -0.231919 -0.999842 0.191248
vn -0.1836 0.9830 -0.0000
vn 0.1836 -0.9830 -0.0000
vn -0.0000 -0.0000 1.0000
vn -0.0000 -0.0000 -1.0000
vn -0.9499 -0.3124 -0.0000
vn -0.9499 -0.3125 -0.0000
vn 0.9499 0.3125 -0.0000
vn 0.9499 0.3124 -0.0000
vn 0.1835 -0.9830 -0.0000
vn -0.1835 0.9830 -0.0000
vn -0.9391 -0.1405 -0.3135
vn -0.9391 -0.1405 -0.3136
vn -0.9391 -0.1405 0.3135
vn -0.9391 -0.1406 0.3135
vn 0.9104 -0.0000 -0.4136
vn 0.9104 -0.0000 0.4136
vn -0.2376 -0.0000 0.9714
vn 0.2376 -0.0000 0.9714
vn 0.2376 -0.0000 -0.9714
vn -0.2376 -0.0000 -0.9714
vn 0.0423 -0.9967 -0.0687
vn 0.0423 -0.9967 0.0687
vn 0.0054 -1.0000 -0.0025
vn 0.0054 -1.0000 0.0025
vn 0.0018 -1.0000 -0.0073
vn -0.0018 -1.0000 -0.0072
vn 0.0018 -1.0000 0.0073
vn -0.0018 -1.0000 0.0072
vn -0.9452 -0.0311 -0.3251
vn -0.9396 0.0430 -0.3394
vn -0.9452 -0.0311 0.3251
vn -0.9396 0.0430 0.3394
vn -0.9458 -0.0529 0.3205
vn -0.9443 -0.1270 -0.3037
vn -0.9458 -0.0529 -0.3205
vn -0.9443 -0.1270 0.3037
vn -0.9443 -0.1272 0.3036
vn 0.9633 0.2658 -0.0373
vn 0.8042 0.0922 -0.5872
vn -0.9633 -0.2658 0.0373
vn -0.9633 -0.2658 0.0374
vn -0.8041 -0.0922 0.5872
vn -0.8042 -0.0922 0.5872
vn -0.0000 -0.9994 -0.0360
vn -0.0000 0.9835 0.1811
vn -0.0000 -0.8402 -0.5423
vn -0.0000 0.8836 0.4682
vn -0.0000 1.0000 -0.0000
vn 0.9062 0.2760 0.3205
vn -0.0000 -1.0000 -0.0000
vn -0.9062 -0.2760 -0.3205
vn 0.8998 0.1285 -0.4170
vn 0.8998 0.1285 -0.4169
vn 0.8998 0.1285 0.4170
vn 0.8998 0.1285 0.4169
vn 0.2023 0.1109 -0.9730
vn 0.2023 0.1109 0.9730
vn 0.8758 0.0046 0.4826
vn 0.8710 0.0044 0.4913
vn 0.8710 0.0045 0.4913
vn 0.8758 0.0046 -0.4826
vn 0.8710 0.0044 -0.4913
vn 0.8767 0.0046 -0.4810
vn 0.8814 0.0047 -0.4723
vn 0.8814 0.0047 0.4723
vn 0.8767 0.0046 0.4810
vn -0.0000 0.1817 0.9834
vn -0.0000 -0.3792 -0.9253
vn 0.9896 -0.1423 0.0191
vn 0.9896 -0.1423 0.0195
vn 0.9896 -0.1423 0.0193
vn -0.9896 -0.1423 0.0191
vn -0.9896 -0.1423 0.0195
vn -0.0000 -0.0756 -0.9971
vn 1.0000 -0.0000 -0.0000
vn -0.0000 0.0710 0.9975
vn -1.0000 -0.0000 -0.0000
vn 0.3655 -0.0348 -0.9302
vn 0.3655 -0.0349 -0.9302
vn 0.4000 0.5083 -0.7627
vn 0.4000 0.5082 -0.7627
vn -0.1221 0.6993 -0.7044
vn -0.1222 0.6993 -0.7043
vn -0.8799 0.0120 -0.4750
vn -0.8799 0.0121 -0.4750
vn -0.6852 0.1079 0.7203
vn -0.6852 0.1079 0.7204
vn -0.7466 -0.2804 0.6033
vn -0.9082 -0.3847 -0.1646
vn 0.8872 0.0003 0.4615
vn 0.6955 -0.0857 -0.7134
vn 0.6956 -0.0858 -0.7133
vn 0.7466 0.2804 -0.6033
vn 0.7466 0.2804 -0.6032
vn 0.9082 0.3847 0.1646
vn 0.1587 0.1254 -0.9793
vn 0.2903 0.3033 0.9076
vn 0.2719 -0.2776 0.9214
vn 0.2734 -0.4765 0.8356
vn 0.2718 -0.2776 0.9214
vn 0.2723 -0.5101 0.8159
vn 0.2570 -0.6941 0.6724
vn 0.1788 -0.8071 -0.5627
vn 0.1674 -0.6235 -0.7637
vn 0.1666 -0.6148 -0.7709
vn 0.1454 -0.4114 -0.8998
vn 0.1453 -0.4115 -0.8998
vn -0.0383 -0.9983 -0.0431
vn -0.0380 -0.9983 -0.0435
vn -0.0381 -0.9983 -0.0434
vn 0.0379 -0.9983 -0.0443
vn 0.0380 -0.9983 -0.0441
vn 0.0379 -0.9983 -0.0442
vn 0.3076 -0.0379 -0.9508
vn 0.3077 -0.0381 -0.9507
vn 0.3076 -0.0379 -0.9507
vn -0.2452 -0.1511 -0.9576
vn -0.2453 -0.1511 -0.9576
vn 0.9054 -0.0131 -0.4244
vn 0.9054 -0.0130 -0.4244
vn 0.0811 -0.9692 -0.2324
vn -0.0776 -0.9703 -0.2291
vn -0.0776 -0.9703 -0.2290
vn 0.2539 -0.9607 -0.1119
vn 0.2540 -0.9607 -0.1120
vn -0.8707 -0.2613 -0.4166
vn -0.8707 -0.2612 -0.4167
vn -0.8707 -0.2614 -0.4165
vn -0.1456 -0.9867 -0.0720
vn -0.0383 -0.9983 0.0431
vn -0.0381 -0.9983 0.0434
vn 0.0379 -0.9983 0.0442
vn 0.0380 -0.9983 0.0440
vn -0.2453 -0.1511 0.9576
vn -0.2452 -0.1511 0.9576
vn 0.3077 -0.0381 0.9507
vn 0.3076 -0.0379 0.9508
vn 0.3077 -0.0380 0.9507
vn 0.9054 -0.0130 0.4244
vn 0.9054 -0.0131 0.4244
vn -0.8707 -0.2612 0.4167
vn -0.8707 -0.2613 0.4166
vn -0.8707 -0.2614 0.4165
vn 0.0811 -0.9692 0.2324
vn -0.0776 -0.9703 0.2291
vn -0.0776 -0.9703 0.2290
vn 0.2540 -0.9607 0.1120
vn 0.2536 -0.9608 0.1116
vn 0.2539 -0.9607 0.1119
vn -0.1456 -0.9867 0.0720
vn -0.1457 -0.9867 0.0720
vn -0.4659 0.8848 -0.0000
vn -0.2726 0.0995 -0.9570
vn -0.2726 0.0995 0.9570
vn 0.9755 0.2202 -0.0000
vn -0.0000 0.1817 -0.9834
vn -0.0000 -0.3792 0.9253
vn 0.9896 -0.1423 -0.0195
vn 0.9896 -0.1423 -0.0192
vn 0.9896 -0.1423 -0.0193
vn -0.9896 -0.1423 -0.0192
vn -0.9896 -0.1423 -0.0195
vn -0.9896 -0.1423 -0.0193
vn -0.0000 -0.0756 0.9971
vn -0.0000 0.0710 -0.9975
vn -0.8799 0.0120 0.4750
vn -0.8799 0.0120 0.4749
vn -0.6851 0.1079 -0.7204
vn -0.6852 0.1079 -0.7203
vn -0.6852 0.1079 -0.7204
vn -0.7466 -0.2804 -0.6033
vn -0.9082 -0.3847 0.1647
vn -0.9082 -0.3847 0.1646
vn 0.8871 0.0003 -0.4615
vn 0.6955 -0.0857 0.7134
vn 0.6956 -0.0857 0.7133
vn 0.7467 0.2804 0.6032
vn 0.9082 0.3847 -0.1646
vn 0.9082 0.3847 -0.1647
vn 0.1587 0.1254 0.9793
vn 0.1588 0.1254 0.9793
vn 0.1587 0.1253 0.9793
vn 0.2903 0.3033 -0.9076
vn 0.2733 -0.4765 -0.8356
vn 0.2718 -0.2775 -0.9215
vn 0.2718 -0.2776 -0.9215
vn 0.2570 -0.6941 -0.6724
vn 0.2722 -0.5101 -0.8159
vn 0.1788 -0.8071 0.5626
vn 0.1673 -0.6236 0.7637
vn 0.1665 -0.6148 0.7709
vn 0.1454 -0.4114 0.8998
vn -0.8308 -0.1694 -0.5301
vn -0.8311 -0.1699 -0.5295
vn -0.8309 -0.1695 -0.5300
vn 0.1856 0.9774 -0.1015
vn 0.9123 -0.0124 -0.4093
vn 0.9123 -0.0123 -0.4094
vn 0.0618 -0.9937 -0.0938
vn 0.0619 -0.9937 -0.0937
vn 0.2203 -0.3761 0.9000
vn 0.2203 -0.3762 0.9000
vn 0.2203 -0.3762 -0.9000
vn -0.8309 -0.1695 0.5300
vn -0.8312 -0.1699 0.5295
vn 0.1856 0.9774 0.1015
vn 0.9123 -0.0124 0.4093
vn 0.9123 -0.0123 0.4094
vn 0.9123 -0.0123 0.4093
vn 0.0618 -0.9937 0.0938
vn 0.0619 -0.9937 0.0938
vn -0.7526 0.3436 -0.5617
vn 0.9247 0.1704 0.3404
vn 0.9247 0.1705 0.3404
vn 0.3655 -0.0348 0.9302
vn 0.3655 -0.0349 0.9302
vn -0.7526 0.3436 0.5617
vn 0.9247 0.1705 -0.3404
vn 0.9247 0.1704 -0.3404
vn 0.4000 0.5082 0.7627
vn 0.4000 0.5083 0.7627
vn -0.7055 0.5560 0.4395
vn -0.7055 0.5560 -0.4395
vn -0.0681 -0.9934 0.0924
vn -0.0680 -0.9934 0.0925
vn -0.0682 -0.9934 -0.0923
vn -0.0680 -0.9934 -0.0925
vn -0.2190 -0.3386 -0.9151
vn -0.1884 0.0110 -0.9820
vn -0.1883 0.0110 -0.9820
vn -0.0960 0.9926 -0.0747
vn -0.0960 0.9926 -0.0748
vn -0.0961 0.9926 0.0747
vn -0.0960 0.9926 0.0748
vn -0.1222 0.6993 0.7043
vn -0.1221 0.6993 0.7043
vn -0.1883 0.0110 0.9820
vn -0.1883 0.0111 0.9821
vn -0.2190 -0.3386 0.9151
vn 0.9329 -0.0635 0.3545
vn 0.9329 -0.0635 -0.3545
vn 0.6827 0.6245 -0.3793
vn 0.1858 0.5251 -0.8305
vn 0.6828 0.6245 0.3793
vn 0.6827 0.6245 0.3793
vn 0.1858 0.5250 0.8306
vn -0.1913 0.5017 0.8436
vn -0.1913 0.5018 0.8436
vn -0.8236 0.3166 0.4706
vn -0.8236 0.3165 0.4706
vn -0.8236 0.3166 -0.4706
vn -0.8236 0.3165 -0.4707
vn -0.8236 0.3165 -0.4706
vn -0.1913 0.5018 -0.8436
vn -0.1913 0.5017 -0.8436
vn -0.9883 -0.1528 -0.0000
vn 0.9883 -0.1527 -0.0000
vn -0.0000 -0.3099 -0.9508
vn -0.0000 -0.3099 0.9508
vn 0.9686 0.2485 -0.0000
vn -0.0016 0.1498 -0.9887
vn -0.0014 0.1496 -0.9888
vn -0.0015 0.1497 -0.9887
vn -0.9593 0.2823 -0.0000
vn -0.0014 0.1496 0.9888
vn -0.0016 0.1498 0.9887
vn -0.0015 0.1497 0.9887
vn -0.3438 0.9390 -0.0000
vn -0.1629 0.1116 0.9803
vn -0.1628 0.1116 0.9803
vn -0.0189 -0.9998 -0.0000
vn -0.1629 0.1116 -0.9803
vn -0.0014 0.1495 0.9888
vn -0.0014 0.1495 -0.9888
vn -0.3553 0.9347 -0.0000
vn -0.1543 0.1006 -0.9829
vn -0.1543 0.1005 -0.9829
vn -0.0262 -0.9997 -0.0000
vn -0.1543 0.1006 0.9829
vn -0.1543 0.1005 0.9829
vn -0.9391 -0.1406 -0.3135
vn -0.9391 -0.1405 0.3136
vn -0.9443 -0.1272 -0.3036
vn 0.8710 0.0045 -0.4913
vn -0.9896 -0.1423 0.0193
vn -0.7466 -0.2804 0.6032
vn 0.1788 -0.8071 -0.5626
vn 0.3077 -0.0380 -0.9507
vn 0.0811 -0.9692 -0.2323
vn 0.0811 -0.9692 0.2323
vn 0.2540 -0.9607 0.1119
vn 0.0619 -0.9937 -0.0938
vn 0.4001 0.5082 0.7627
vn -0.1883 0.0110 0.9821
vn 0.6828 0.6244 0.3793
vn -0.8236 0.3165 0.4707
vn -0.0015 0.1498 -0.9887
vn -0.0015 0.1498 0.9887
vt 0.781313 0.859447
vt 0.798687 0.913328
vt 0.781313 0.913328
vt 0.806384 0.853042
vt 0.823759 0.906923
vt 0.806384 0.906923
vt 0.710117 0.937786
vt 0.682626 0.974299
vt 0.692742 0.933480
vt 0.649064 0.937786
vt 0.676555 0.974299
vt 0.659181 0.978605
vt 0.831456 0.854028
vt 0.839078 0.897847
vt 0.831456 0.907909
vt 0.872275 0.854028
vt 0.839078 0.864089
vt 0.864653 0.897847
vt 0.864653 0.864089
vt 0.872275 0.907909
vt 0.879670 0.854028
vt 0.887293 0.897847
vt 0.879670 0.907909
vt 0.920489 0.854028
vt 0.887293 0.864089
vt 0.920489 0.907909
vt 0.912868 0.864089
vt 0.912868 0.897847
vt 0.089988 0.958347
vt 0.072613 0.924589
vt 0.089988 0.924589
vt 0.058645 0.962297
vt 0.069682 0.992178
vt 0.052307 0.987872
vt 0.089503 0.995671
vt 0.100539 0.965790
vt 0.106878 0.991365
vt 0.066542 0.924589
vt 0.049168 0.958347
vt 0.049168 0.924589
vt 0.752858 0.855497
vt 0.784426 0.815223
vt 0.784426 0.855497
vt 0.752858 0.774948
vt 0.749818 0.815223
vt 0.712179 0.816284
vt 0.743747 0.856558
vt 0.712179 0.856558
vt 0.712179 0.776010
vt 0.743747 0.816284
vt 0.674539 0.856557
vt 0.706107 0.816283
vt 0.706107 0.856557
vt 0.674539 0.776010
vt 0.674539 0.816283
vt 0.636900 0.868048
vt 0.668468 0.827774
vt 0.668468 0.868048
vt 0.636900 0.787500
vt 0.636900 0.827774
vt 0.208171 0.736039
vt 0.202209 0.776313
vt 0.161002 0.736039
vt 0.202209 0.695765
vt 0.121661 0.776313
vt 0.108236 0.736039
vt 0.121661 0.695765
vt 0.161935 0.789738
vt 0.161935 0.682340
vt 0.149232 0.630600
vt 0.189507 0.678390
vt 0.149232 0.678390
vt 0.229781 0.630600
vt 0.189507 0.621894
vt 0.149232 0.591129
vt 0.229781 0.591129
vt 0.189507 0.557079
vt 0.571027 0.848778
vt 0.547476 0.813803
vt 0.572253 0.813803
vt 0.559425 0.790646
vt 0.505309 0.848778
vt 0.528860 0.813803
vt 0.535133 0.848778
vt 0.504084 0.813803
vt 0.516911 0.790646
vt 0.476727 0.848778
vt 0.482852 0.813803
vt 0.483458 0.848778
vt 0.436216 0.813803
vt 0.440004 0.848778
vt 0.433274 0.848778
vt 0.120866 0.995613
vt 0.120753 0.965790
vt 0.127597 0.995613
vt 0.476122 0.813803
vt 0.471554 0.790646
vt 0.141967 0.965790
vt 0.135236 0.993172
vt 0.135236 0.965790
vt 0.452022 0.790647
vt 0.442947 0.813803
vt 0.437605 0.865470
vt 0.541204 0.865470
vt 0.541204 0.848778
vt 0.479126 0.865469
vt 0.472395 0.865469
vt 0.535133 0.865469
vt 0.505309 0.865469
vt 0.942440 0.515077
vt 0.897301 0.540859
vt 0.902166 0.515077
vt 0.987579 0.540859
vt 0.942440 0.548698
vt 0.153695 0.961840
vt 0.137911 0.924589
vt 0.153695 0.924589
vt 0.121842 0.924589
vt 0.106058 0.961840
vt 0.096059 0.924589
vt 0.942440 0.597120
vt 0.986231 0.636439
vt 0.942440 0.651034
vt 0.898648 0.636439
vt 0.897976 0.591395
vt 0.986904 0.591395
vt 0.650690 0.286270
vt 0.612820 0.378910
vt 0.623070 0.286270
vt 0.364738 0.550938
vt 0.402608 0.461685
vt 0.412857 0.550938
vt 0.574426 0.308130
vt 0.583769 0.212308
vt 0.601344 0.304948
vt 0.498470 0.293597
vt 0.507813 0.389420
vt 0.460908 0.382850
vt 0.374988 0.461685
vt 0.402608 0.392288
vt 0.579832 0.377527
vt 0.650690 0.212308
vt 0.525388 0.296779
vt 0.503876 0.224200
vt 0.530793 0.222817
vt 0.300579 0.307898
vt 0.262044 0.340200
vt 0.265741 0.298857
vt 0.293566 0.356017
vt 0.263624 0.379021
vt 0.329954 0.356017
vt 0.290639 0.388338
vt 0.483973 0.926952
vt 0.503189 0.904577
vt 0.500896 0.926952
vt 0.546396 0.926952
vt 0.532754 0.904577
vt 0.547962 0.902832
vt 0.518362 0.882601
vt 0.524619 0.902832
vt 0.489471 0.878322
vt 0.480453 0.896292
vt 0.708822 0.884280
vt 0.693120 0.860508
vt 0.706604 0.860508
vt 0.720047 0.860508
vt 0.722117 0.902358
vt 0.710184 0.915114
vt 0.696679 0.906125
vt 0.688740 0.890223
vt 0.568475 0.897237
vt 0.578138 0.926952
vt 0.568938 0.926952
vt 0.010042 0.995459
vt 0.012880 0.979368
vt 0.019242 0.992852
vt 0.556991 0.902988
vt 0.554464 0.926952
vt 0.015842 0.962000
vt 0.023911 0.965924
vt 0.556807 0.885102
vt 0.547967 0.882601
vt 0.555352 0.872346
vt 0.563382 0.872346
vt 0.575776 0.878322
vt 0.566338 0.881335
vt 0.578429 0.896292
vt 0.839517 0.734895
vt 0.817169 0.710324
vt 0.843873 0.710324
vt 0.795098 0.734895
vt 0.817169 0.742238
vt 0.266641 0.860474
vt 0.232361 0.835016
vt 0.269047 0.832729
vt 0.232361 0.801304
vt 0.392922 0.827568
vt 0.427203 0.862626
vt 0.392922 0.864489
vt 0.790742 0.745383
vt 0.817169 0.757068
vt 0.850882 0.742637
vt 0.779384 0.710324
vt 0.630828 0.826395
vt 0.592879 0.858707
vt 0.592879 0.826395
vt 0.862346 0.710324
vt 0.839517 0.685754
vt 0.817169 0.678411
vt 0.795098 0.685754
vt 0.188339 0.855046
vt 0.225026 0.823621
vt 0.226289 0.861443
vt 0.188339 0.821334
vt 0.222620 0.795876
vt 0.427203 0.792509
vt 0.392922 0.790647
vt 0.592879 0.794082
vt 0.790742 0.675266
vt 0.817169 0.663581
vt 0.850882 0.678012
vt 0.574471 0.936287
vt 0.584450 0.930902
vt 0.584450 0.936287
vt 0.600659 0.973686
vt 0.139485 0.854482
vt 0.144870 0.793687
vt 0.182268 0.847205
vt 0.075081 0.795100
vt 0.109237 0.855895
vt 0.099258 0.855895
vt 0.026226 0.795100
vt 0.031612 0.855895
vt 0.026226 0.855895
vt 0.422950 0.926771
vt 0.380167 0.876406
vt 0.422950 0.868439
vt 0.526006 0.930902
vt 0.535980 0.936287
vt 0.526006 0.936287
vt 0.552191 0.973686
vt 0.509795 0.973686
vt 0.007357 0.920639
vt 0.001971 0.859844
vt 0.044755 0.867121
vt 0.086460 0.920639
vt 0.052307 0.859844
vt 0.110640 0.859844
vt 0.117879 0.920639
vt 0.123265 0.859844
vt 0.160663 0.913362
vt 0.473094 0.927751
vt 0.430310 0.877388
vt 0.473094 0.869419
vt 0.856795 0.276959
vt 0.818926 0.369600
vt 0.829176 0.276959
vt 0.319059 0.461685
vt 0.356928 0.550938
vt 0.308809 0.550938
vt 0.765950 0.202997
vt 0.775291 0.298819
vt 0.748375 0.295638
vt 0.699333 0.283088
vt 0.689992 0.378910
vt 0.672418 0.286270
vt 0.319059 0.392288
vt 0.346679 0.461685
vt 0.769887 0.368217
vt 0.829176 0.202997
vt 0.693930 0.213690
vt 0.606025 0.904577
vt 0.625243 0.926952
vt 0.608321 0.926952
vt 0.647264 0.929530
vt 0.660906 0.907156
vt 0.661135 0.929530
vt 0.590854 0.882601
vt 0.604447 0.869419
vt 0.619743 0.878322
vt 0.628763 0.896292
vt 0.769484 0.860508
vt 0.753783 0.884280
vt 0.756001 0.860508
vt 0.742557 0.860508
vt 0.735026 0.884472
vt 0.740485 0.902358
vt 0.765926 0.906125
vt 0.773863 0.890223
vt 0.677480 0.899815
vt 0.667817 0.929530
vt 0.667526 0.898870
vt 0.032066 0.940680
vt 0.029228 0.924589
vt 0.038428 0.927196
vt 0.636669 0.905566
vt 0.639196 0.929530
vt 0.035028 0.958050
vt 0.021157 0.941511
vt 0.636853 0.887680
vt 0.645698 0.905410
vt 0.638308 0.874924
vt 0.645693 0.885179
vt 0.682572 0.874924
vt 0.670179 0.880901
vt 0.672868 0.871997
vt 0.679617 0.883913
vt 0.124816 0.236215
vt 0.169131 0.329472
vt 0.094542 0.316879
vt 0.087640 0.785898
vt 0.054780 0.734935
vt 0.101745 0.734935
vt 0.231318 0.486365
vt 0.188481 0.542103
vt 0.160308 0.477089
vt 0.778938 0.544374
vt 0.827143 0.595628
vt 0.763055 0.595675
vt 0.402678 0.233842
vt 0.444175 0.298857
vt 0.409337 0.307898
vt 0.307238 0.233842
vt 0.260154 0.233842
vt 0.213445 0.236215
vt 0.169131 0.236215
vt 0.087640 0.683973
vt 0.274156 0.542103
vt 0.231318 0.542103
vt 0.875347 0.544374
vt 0.891230 0.595675
vt 0.089255 0.358390
vt 0.231318 0.439130
vt 0.282280 0.396925
vt 0.300034 0.435745
vt 0.447872 0.340200
vt 0.416350 0.356017
vt 0.243721 0.316879
vt 0.249008 0.358390
vt 0.180355 0.396925
vt 0.162602 0.435745
vt 0.446292 0.379021
vt 0.419277 0.388338
vt 0.220093 0.387303
vt 0.169131 0.387303
vt 0.118168 0.387303
vt 0.877013 0.641217
vt 0.827143 0.659631
vt 0.777274 0.641217
vt 0.347127 0.314506
vt 0.025264 0.785898
vt 0.001971 0.734935
vt 0.025264 0.683973
vt 0.060626 0.678719
vt 0.379962 0.356017
vt 0.383916 0.384930
vt 0.362790 0.314506
vt 0.361352 0.233842
vt 0.302327 0.477089
vt 0.231318 0.553129
vt 0.183113 0.553129
vt 0.306380 0.222817
vt 0.449763 0.233842
vt 0.403536 0.222817
vt 0.454837 0.222817
vt 0.357994 0.222817
vt 0.169131 0.225190
vt 0.219001 0.225190
vt 0.351923 0.222817
vt 0.348564 0.233842
vt 0.871039 0.911858
vt 0.847233 0.956087
vt 0.847233 0.919825
vt 0.929308 0.964058
vt 0.877110 0.911858
vt 0.929308 0.911858
vt 0.328579 0.794906
vt 0.284351 0.818713
vt 0.276382 0.794906
vt 0.561414 0.742193
vt 0.511311 0.686947
vt 0.561625 0.686947
vt 0.613607 0.728304
vt 0.637413 0.777732
vt 0.613607 0.774960
vt 0.712628 0.678128
vt 0.688822 0.727556
vt 0.688822 0.680900
vt 0.327638 0.863152
vt 0.320612 0.818713
vt 0.569168 0.728304
vt 0.148737 0.997475
vt 0.173049 0.971240
vt 0.173049 0.997475
vt 0.644383 0.727556
vt 0.206383 0.928712
vt 0.237631 0.967825
vt 0.201370 0.967825
vt 0.669813 0.766669
vt 0.523350 0.786697
vt 0.511521 0.742193
vt 0.594599 0.689191
vt 0.927885 0.861996
vt 0.951691 0.906228
vt 0.927885 0.898259
vt 0.935379 0.910178
vt 0.987579 0.962379
vt 0.935379 0.962379
vt 0.386851 0.790647
vt 0.342619 0.814453
vt 0.334650 0.790647
vt 0.353339 0.685619
vt 0.303236 0.740865
vt 0.303023 0.685619
vt 0.405320 0.742193
vt 0.429126 0.692765
vt 0.429126 0.744965
vt 0.480535 0.731451
vt 0.504341 0.780878
vt 0.480535 0.778106
vt 0.378882 0.814453
vt 0.335593 0.858892
vt 0.405320 0.695537
vt 0.360881 0.742193
vt 0.360881 0.686947
vt 0.200027 0.998008
vt 0.179594 0.971775
vt 0.200027 0.971775
vt 0.436096 0.731451
vt 0.606730 0.977984
vt 0.637978 0.933480
vt 0.642993 0.977984
vt 0.458080 0.686947
vt 0.353127 0.740865
vt 0.315065 0.785369
vt 0.382865 0.786697
vt 0.362432 0.786697
vt 0.798687 0.859447
vt 0.823759 0.853042
vt 0.700000 0.978605
vt 0.666439 0.933480
vt 0.072613 0.958347
vt 0.076020 0.966603
vt 0.083165 0.970095
vt 0.066542 0.958347
vt 0.784426 0.774948
vt 0.743747 0.776010
vt 0.706107 0.776010
vt 0.668468 0.787500
vt 0.229781 0.678390
vt 0.586807 0.790646
vt 0.489529 0.790646
vt 0.114022 0.965790
vt 0.464823 0.790646
vt 0.141967 0.993172
vt 0.458752 0.790647
vt 0.444336 0.865470
vt 0.571027 0.865470
vt 0.982714 0.515077
vt 0.127913 0.961840
vt 0.121842 0.961840
vt 0.660939 0.378910
vt 0.536864 0.218877
vt 0.374988 0.392288
vt 0.606749 0.378910
vt 0.623070 0.212308
vt 0.326001 0.384930
vt 0.532525 0.926952
vt 0.504768 0.869419
vt 0.727577 0.884472
vt 0.001971 0.978535
vt 0.545648 0.869419
vt 0.573086 0.869419
vt 0.789868 0.710324
vt 0.232361 0.861444
vt 0.270311 0.794906
vt 0.427203 0.827568
vt 0.630829 0.865288
vt 0.188339 0.794906
vt 0.630829 0.787500
vt 0.574471 0.930902
vt 0.558262 0.973686
vt 0.139485 0.793687
vt 0.133413 0.795100
vt 0.069010 0.802376
vt 0.380167 0.918803
vt 0.535980 0.930902
vt 0.001971 0.920639
vt 0.076486 0.920639
vt 0.117879 0.859844
vt 0.430310 0.919783
vt 0.867045 0.369600
vt 0.812855 0.209566
vt 0.736897 0.372341
vt 0.346679 0.392288
vt 0.742968 0.369600
vt 0.856795 0.202997
vt 0.667010 0.212308
vt 0.584597 0.902832
vt 0.752419 0.915114
vt 0.677017 0.929530
vt 0.043096 0.954123
vt 0.648013 0.871997
vt 0.060626 0.791150
vt 0.827143 0.524388
vt 0.231318 0.392288
vt 0.255079 0.222817
vt 0.279522 0.553129
vt 0.119262 0.225190
vt 0.871039 0.964055
vt 0.877110 0.964058
vt 0.637413 0.725532
vt 0.712628 0.730328
vt 0.277324 0.863152
vt 0.569168 0.783550
vt 0.148737 0.971240
vt 0.644383 0.672310
vt 0.232618 0.928712
vt 0.645501 0.772060
vt 0.549585 0.786697
vt 0.570286 0.683800
vt 0.951691 0.854028
vt 0.987579 0.910178
vt 0.504341 0.728678
vt 0.385908 0.858892
vt 0.179594 0.998008
vt 0.436096 0.786697
vt 0.611745 0.933480
vt 0.437647 0.686947
vt 0.341298 0.785369
s 1
usemtl lambert1
f 1214/1711/1329 1215/1712/1329 1213/1713/1329
f 1218/1714/1330 1211/1715/1330 1217/1716/1330
f 1218/1717/1331 1214/1718/1331 1212/1719/1331
f 1217/1720/1332 1213/1721/1332 1215/1722/1332
f 1212/1723/1333 1219/1724/1333 1211/1725/1333
f 1214/1726/1333 1220/1727/1333 1212/1723/1333
f 1214/1726/1334 1222/1728/1334 1221/1729/1334
f 1213/1730/1333 1219/1724/1333 1222/1728/1333
f 1216/1731/1335 1223/1732/1335 1215/1733/1335
f 1218/1734/1335 1224/1735/1335 1216/1731/1335
f 1217/1736/1335 1225/1737/1335 1218/1734/1335
f 1217/1736/1335 1223/1732/1335 1226/1738/1336
f 1222/1739/1337 1224/1740/1337 1221/1741/1337
f 1219/1742/1331 1223/1743/1331 1222/1744/1331
f 1224/1745/1332 1220/1746/1332 1221/1747/1332
f 1225/1748/1338 1219/1749/1338 1220/1750/1338
f 1227/1751/1339 1242/1752/1339 1229/1753/1340
f 1228/1754/1341 1242/1752/1341 1241/1755/1342
f 1235/1756/1343 1233/1757/1343 1231/1758/1343
f 1232/1759/1344 1236/1760/1344 1235/1756/1344
f 1228/1761/1345 1238/1762/1345 1230/1763/1345
f 1234/1764/1346 1238/1762/1346 1237/1765/1346
f 1233/1766/1347 1240/1767/1347 1231/1768/1347
f 1227/1769/1348 1240/1767/1348 1239/1770/1348
f 1241/1771/1349 1227/1772/1349 1243/1773/1349
f 1228/1774/1350 1241/1771/1350 1243/1773/1350
f 1233/1775/1351 1236/1776/1351 1243/1773/1351
f 1236/1776/1352 1234/1777/1352 1243/1773/1352
f 1239/1778/1353 1233/1775/1353 1243/1773/1353
f 1227/1772/1354 1239/1778/1354 1243/1773/1354
f 1234/1777/1355 1237/1779/1355 1243/1773/1355
f 1237/1779/1356 1228/1774/1356 1243/1773/1356
f 1250/1780/1357 1249/1781/1358 1246/1782/1358
f 1252/1783/1359 1249/1781/1360 1251/1784/1361
f 1244/1785/1362 1251/1784/1363 1250/1780/1357
f 1245/1786/1364 1251/1784/1361 1248/1787/1365
f 1259/1788/1366 1261/1789/1366 1260/1790/1366
f 1264/1791/1367 1260/1790/1367 1261/1789/1367
f 1255/1792/1368 1254/1793/1368 1256/1794/1369
f 1253/1795/1370 1258/1796/1371 1254/1793/1371
f 1259/1797/1372 1253/1798/1372 1255/1799/1372
f 1254/1800/1373 1262/1801/1373 1256/1802/1373
f 1266/1803/1332 1268/1804/1332 1265/1805/1332
f 1260/1806/1374 1257/1807/1374 1253/1798/1374
f 1263/1808/1331 1258/1809/1331 1257/1810/1331
f 1258/1811/1375 1261/1812/1375 1254/1800/1375
f 1262/1801/1376 1265/1813/1376 1256/1802/1376
f 1259/1788/1377 1266/1814/1377 1262/1815/1377
f 1259/1797/1378 1268/1816/1378 1267/1817/1378
f 1255/1792/1379 1265/1818/1379 1268/1819/1379
f 1273/1820/1380 1276/1821/1381 1269/1822/1381
f 1273/1820/1382 1278/1823/1383 1280/1824/1383
f 1269/1825/1384 1281/1826/1384 1275/1827/1384
f 1270/1828/1385 1279/1829/1385 1278/1830/1385
f 1283/1831/1386 1272/1832/1387 1274/1833/1388
f 1283/1831/1389 1271/1834/1390 1282/1835/1391
f 1280/1824/1392 1282/1835/1391 1276/1821/1392
f 1280/1824/1393 1284/1836/1394 1283/1831/1386
f 1286/1837/1395 1287/1838/1395 1285/1839/1395
f 1290/1840/1396 1291/1841/1396 1289/1842/1396
f 1292/1843/1397 1288/1844/1398 1286/1845/1399
f 1291/1846/1400 1287/1847/1401 1289/1848/1401
f 1292/1849/1402 1293/1850/1402 1291/1841/1402
f 1286/1845/1403 1294/1851/1403 1292/1843/1403
f 1285/1839/1404 1295/1852/1404 1286/1837/1404
f 1285/1853/1405 1293/1854/1405 1296/1855/1405
f 1298/1856/1406 1300/1857/1407 1297/1858/1406
f 1299/1859/1408 1302/1860/1408 1300/1857/1409
f 1303/1861/1410 1301/1862/1410 1299/1859/1411
f 1317/1863/1412 1315/1864/1413 1314/1865/1412
f 1318/1866/1414 1315/1867/1415 1319/1868/1414
f 1315/1864/1416 1320/1869/1416 1319/1870/1416
f 1322/1871/1417 1315/1864/1417 1316/1872/1417
f 1312/1873/1418 1305/1874/1418 1309/1875/1418
f 1307/1876/1419 1312/1873/1420 1309/1875/1419
f 1312/1873/1421 1308/1877/1422 1310/1878/1422
f 1312/1873/1423 1306/1879/1423 1313/1880/1423
f 1313/1881/1424 1317/1882/1424 1305/1883/1424
f 1317/1884/1376 1309/1885/1376 1305/1886/1376
f 1318/1866/1425 1311/1887/1425 1307/1888/1425
f 1309/1885/1376 1318/1889/1376 1307/1890/1376
f 1319/1868/1426 1308/1891/1427 1311/1887/1428
f 1320/1892/1429 1310/1893/1430 1308/1891/1427
f 1310/1894/1431 1322/1895/1432 1306/1896/1433
f 1306/1896/1433 1316/1897/1434 1313/1881/1435
f 1325/1898/1436 1335/1899/1437 1328/1900/1438
f 1326/1901/1439 1335/1899/1440 1327/1902/1441
f 1324/1903/1442 1336/1904/1443 1330/1905/1444
f 1333/1906/1445 1330/1905/1446 1336/1904/1446
f 1331/1907/1447 1334/1908/1448 1324/1909/1448
f 1334/1910/1449 1327/1902/1449 1336/1911/1449
f 1336/1911/1450 1325/1898/1450 1333/1912/1451
f 1337/1913/1452 1326/1901/1453 1334/1910/1452
f 1332/1914/1454 1333/1915/1455 1338/1916/1456
f 1338/1917/1457 1325/1898/1457 1328/1900/1457
f 1341/1918/1458 1335/1899/1459 1343/1919/1459
f 1335/1899/1460 1342/1920/1461 1343/1919/1460
f 1345/1921/1462 1344/1922/1462 1339/1923/1463
f 1347/1924/1464 1340/1925/1465 1344/1922/1466
f 1346/1926/1467 1331/1907/1468 1340/1927/1467
f 1345/1928/1469 1332/1914/1470 1338/1916/1471
f 1343/1919/1472 1346/1929/1472 1347/1930/1472
f 1341/1918/1473 1347/1930/1473 1345/1931/1474
f 1342/1920/1475 1337/1913/1476 1346/1929/1477
f 1338/1917/1478 1341/1918/1479 1345/1931/1478
f 1352/1932/1405 1355/1933/1405 1353/1934/1405
f 1349/1935/1480 1352/1932/1480 1353/1934/1480
f 1351/1936/1481 1352/1937/1481 1348/1938/1481
f 1351/1939/1378 1355/1940/1378 1354/1941/1378
f 1350/1942/1482 1353/1943/1482 1355/1944/1482
f 1351/1945/1483 1349/1946/1483 1350/1947/1483
f 1363/1948/1405 1360/1949/1405 1361/1950/1405
f 1361/1950/1480 1356/1951/1480 1357/1952/1480
f 1360/1953/1482 1359/1954/1482 1356/1955/1482
f 1362/1956/1378 1358/1957/1378 1359/1958/1378
f 1358/1959/1481 1361/1960/1481 1357/1961/1481
f 1358/1962/1483 1356/1963/1483 1359/1964/1483
f 1364/1965/1484 1367/1966/1484 1365/1967/1484
f 1370/1968/1485 1369/1969/1485 1368/1970/1485
f 1367/1971/1486 1371/1972/1487 1365/1973/1488
f 1370/1974/1489 1366/1975/1490 1364/1976/1491
f 1372/1977/1492 1371/1978/1492 1370/1968/1492
f 1373/1979/1403 1365/1973/1403 1371/1972/1403
f 1374/1980/1493 1364/1965/1493 1365/1967/1493
f 1364/1976/1405 1372/1981/1405 1370/1974/1405
f 1386/1982/1494 1388/1983/1495 1385/1984/1494
f 1389/1985/1496 1386/1986/1497 1385/1987/1498
f 1386/1982/1499 1391/1988/1499 1392/1989/1499
f 1386/1982/1500 1393/1990/1501 1387/1991/1500
f 1376/1992/1502 1383/1993/1502 1380/1994/1502
f 1378/1995/1503 1383/1993/1504 1382/1996/1504
f 1383/1993/1505 1379/1997/1505 1382/1996/1505
f 1377/1998/1506 1383/1993/1506 1384/1999/1507
f 1384/2000/1508 1388/2001/1509 1387/2002/1510
f 1380/2003/1376 1388/2004/1376 1376/2005/1376
f 1382/2006/1511 1389/1985/1511 1378/2007/1511
f 1380/2003/1376 1389/2008/1376 1385/2009/1376
f 1379/2010/1512 1390/2011/1513 1382/2006/1514
f 1381/2012/1515 1391/2013/1516 1379/2010/1512
f 1381/2014/1517 1393/2015/1518 1392/2016/1517
f 1377/2017/1519 1387/2002/1520 1393/2015/1518
f 1394/2018/1521 1402/2019/1522 1403/2020/1523
f 1411/2021/1524 1421/2022/1524 1400/2023/1524
f 1405/2024/1525 1396/2025/1526 1404/2026/1525
f 1426/2027/1527 1428/2028/1528 1429/2029/1527
f 1416/2030/1529 1406/2031/1530 1424/2032/1530
f 1417/2033/1531 1404/1858/1531 1396/2034/1531
f 1395/2035/1532 1402/2019/1533 1398/2036/1532
f 1421/2022/1534 1414/2037/1534 1400/2023/1534
f 1405/2024/1535 1397/2038/1536 1401/2039/1537
f 1428/2028/1538 1430/2040/1539 1431/2041/1539
f 1403/2020/1540 1402/2019/1540 1408/2042/1540
f 1425/2043/1541 1414/2044/1542 1415/2045/1541
f 1424/2032/1543 1415/2046/1544 1423/2047/1543
f 1402/2019/1545 1407/2048/1545 1412/2049/1545
f 1411/2050/1546 1425/2043/1547 1410/2051/1547
f 1423/2047/1548 1414/2052/1548 1422/2053/1549
f 1402/2019/1550 1413/2054/1550 1399/2055/1550
f 1402/2019/1551 1409/2056/1551 1408/2042/1551
f 1428/2028/1552 1433/2057/1553 1432/2058/1553
f 1428/2028/1554 1434/2059/1555 1429/2029/1555
f 1417/2033/1556 1403/2060/1556 1418/1856/1556
f 1418/1856/1557 1408/1861/1558 1419/1859/1558
f 1421/2022/1559 1409/2061/1560 1399/2062/1560
f 1421/2022/1561 1413/2063/1562 1422/2064/1562
f 1412/2065/1563 1422/2053/1564 1413/2066/1563
f 1424/2032/1565 1412/2065/1566 1407/2067/1565
f 1416/2030/1567 1407/2067/1567 1395/2068/1567
f 1406/2069/1568 1425/2043/1568 1415/2045/1568
f 1425/2043/1569 1404/2026/1569 1410/2051/1569
f 1396/2025/1570 1427/2070/1570 1426/2071/1570
f 1396/2034/1571 1429/2072/1571 1417/2033/1571
f 1397/2038/1572 1427/2070/1573 1401/2039/1572
f 1397/2073/1574 1431/2074/1574 1430/2075/1574
f 1416/2030/1575 1433/2076/1576 1431/2074/1575
f 1395/2035/1577 1432/2077/1578 1433/2078/1577
f 1394/2018/1579 1432/2077/1580 1398/2036/1581
f 1417/2033/1582 1434/2079/1583 1394/2080/1583
f 1437/2081/1584 1436/2082/1584 1435/2083/1584
f 1439/2084/1376 1438/2085/1376 1437/2086/1376
f 1439/2087/1585 1442/2088/1585 1440/2089/1585
f 1446/2090/1378 1444/2091/1378 1443/2092/1378
f 1436/2093/1586 1440/2094/1586 1442/2095/1586
f 1439/2096/1587 1435/2097/1587 1441/2098/1587
f 1443/2099/1588 1442/2088/1588 1441/2100/1588
f 1442/2095/1589 1445/2101/1590 1436/2093/1591
f 1450/2102/1592 1447/2103/1592 1448/2104/1592
f 1446/2105/1593 1441/2098/1594 1435/2097/1595
f 1448/2106/1596 1435/2107/1596 1436/2108/1596
f 1447/2109/1597 1446/2105/1597 1435/2097/1598
f 1446/2090/1599 1450/2110/1599 1445/2111/1599
f 1445/2101/1600 1448/2112/1600 1436/2093/1600
f 1452/2113/1584 1453/2114/1584 1451/2115/1584
f 1454/2116/1376 1455/2117/1376 1453/2118/1376
f 1456/2119/1585 1457/2120/1585 1455/2121/1585
f 1460/2122/1378 1462/2123/1378 1459/2124/1378
f 1452/2125/1587 1456/2126/1587 1454/2127/1587
f 1451/2128/1586 1455/2129/1586 1457/2130/1586
f 1458/2131/1588 1459/2132/1588 1457/2120/1588
f 1458/2133/1594 1461/2134/1601 1460/2135/1595
f 1463/2136/1405 1466/2137/1405 1464/2138/1405
f 1457/2130/1589 1462/2139/1602 1451/2128/1591
f 1451/2140/1603 1464/2141/1603 1452/2142/1603
f 1462/2139/1604 1463/2143/1605 1451/2128/1605
f 1461/2144/1606 1465/2145/1606 1462/2123/1606
f 1461/2134/1607 1464/2146/1608 1466/2147/1608
f 1214/1711/1329 1216/2148/1329 1215/1712/1329
f 1218/1714/1330 1212/2149/1330 1211/1715/1330
f 1218/1717/1331 1216/2150/1331 1214/1718/1331
f 1217/1720/1332 1211/2151/1332 1213/1721/1332
f 1212/1723/1333 1220/1727/1333 1219/1724/1333
f 1214/1726/1333 1221/1729/1333 1220/1727/1333
f 1214/1726/1334 1213/1730/1334 1222/1728/1334
f 1213/1730/1333 1211/1725/1333 1219/1724/1333
f 1216/1731/1335 1224/1735/1335 1223/1732/1335
f 1218/1734/1335 1225/1737/1336 1224/1735/1335
f 1217/1736/1335 1226/1738/1335 1225/1737/1335
f 1217/1736/1335 1215/1733/1335 1223/1732/1335
f 1222/1739/1337 1223/2152/1337 1224/1740/1337
f 1219/1742/1331 1226/2153/1331 1223/1743/1331
f 1224/1745/1332 1225/2154/1332 1220/1746/1332
f 1225/1748/1338 1226/2155/1338 1219/1749/1338
f 1227/1751/1339 1241/1755/1609 1242/1752/1339
f 1228/1754/1341 1230/2156/1610 1242/1752/1341
f 1235/1756/1343 1236/1760/1343 1233/1757/1343
f 1232/1759/1344 1234/2157/1344 1236/1760/1344
f 1228/1761/1345 1237/1765/1345 1238/1762/1345
f 1234/1764/1346 1232/2158/1346 1238/1762/1346
f 1233/1766/1347 1239/1770/1347 1240/1767/1347
f 1227/1769/1348 1229/2159/1348 1240/1767/1348
f 1250/1780/1357 1251/1784/1363 1249/1781/1358
f 1252/1783/1359 1247/2160/1360 1249/1781/1360
f 1244/1785/1362 1248/1787/1611 1251/1784/1363
f 1245/1786/1364 1252/1783/1359 1251/1784/1361
f 1259/1788/1366 1262/1815/1366 1261/1789/1366
f 1264/1791/1367 1263/2161/1367 1260/1790/1367
f 1255/1792/1368 1253/1795/1368 1254/1793/1368
f 1253/1795/1370 1257/2162/1371 1258/1796/1371
f 1259/1797/1372 1260/1806/1372 1253/1798/1372
f 1254/1800/1373 1261/1812/1373 1262/1801/1373
f 1266/1803/1332 1267/2163/1332 1268/1804/1332
f 1260/1806/1374 1263/2164/1374 1257/1807/1374
f 1263/1808/1331 1264/2165/1331 1258/1809/1331
f 1258/1811/1375 1264/2166/1375 1261/1812/1375
f 1262/1801/1376 1266/2167/1376 1265/1813/1376
f 1259/1788/1377 1267/2168/1377 1266/1814/1377
f 1259/1797/1378 1255/1799/1378 1268/1816/1378
f 1255/1792/1379 1256/1794/1379 1265/1818/1379
f 1273/1820/1380 1280/1824/1381 1276/1821/1381
f 1273/1820/1382 1270/2169/1383 1278/1823/1383
f 1269/1825/1384 1276/2170/1384 1281/1826/1384
f 1270/1828/1385 1277/2171/1385 1279/1829/1385
f 1283/1831/1386 1284/1836/1394 1272/1832/1387
f 1283/1831/1389 1274/1833/1612 1271/1834/1390
f 1280/1824/1392 1283/1831/1389 1282/1835/1391
f 1280/1824/1393 1278/1823/1393 1284/1836/1394
f 1286/1837/1395 1288/2172/1395 1287/1838/1395
f 1290/1840/1396 1292/1849/1396 1291/1841/1396
f 1292/1843/1397 1290/2173/1398 1288/1844/1398
f 1291/1846/1400 1285/1853/1613 1287/1847/1401
f 1292/1849/1402 1294/2174/1402 1293/1850/1402
f 1286/1845/1403 1295/2175/1403 1294/1851/1403
f 1285/1839/1404 1296/2176/1404 1295/1852/1404
f 1285/1853/1405 1291/1846/1405 1293/1854/1405
f 1298/1856/1406 1299/1859/1406 1300/1857/1407
f 1299/1859/1408 1301/1862/1408 1302/1860/1408
f 1303/1861/1410 1304/2177/1411 1301/1862/1410
f 1317/1863/1412 1316/1872/1413 1315/1864/1413
f 1318/1866/1414 1314/2178/1415 1315/1867/1415
f 1315/1864/1416 1321/2179/1614 1320/1869/1416
f 1322/1871/1417 1321/2179/1417 1315/1864/1417
f 1312/1873/1418 1313/1880/1418 1305/1874/1418
f 1307/1876/1419 1311/2180/1419 1312/1873/1420
f 1312/1873/1421 1311/2180/1421 1308/1877/1422
f 1312/1873/1423 1310/1878/1423 1306/1879/1423
f 1313/1881/1424 1316/1897/1424 1317/1882/1424
f 1317/1884/1376 1314/2181/1376 1309/1885/1376
f 1318/1866/1425 1319/1868/1425 1311/1887/1425
f 1309/1885/1376 1314/2181/1376 1318/1889/1376
f 1319/1868/1426 1320/1892/1429 1308/1891/1427
f 1320/1892/1429 1321/2182/1430 1310/1893/1430
f 1310/1894/1431 1321/2183/1615 1322/1895/1432
f 1306/1896/1433 1322/1895/1432 1316/1897/1434
f 1325/1898/1436 1327/1902/1438 1335/1899/1437
f 1326/1901/1439 1329/2184/1441 1335/1899/1440
f 1324/1903/1442 1334/2185/1616 1336/1904/1443
f 1333/1906/1445 1323/2186/1445 1330/1905/1446
f 1331/1907/1447 1337/2187/1448 1334/1908/1448
f 1334/1910/1449 1326/1901/1617 1327/1902/1449
f 1336/1911/1450 1327/1902/1451 1325/1898/1450
f 1337/1913/1452 1329/2184/1452 1326/1901/1453
f 1332/1914/1454 1323/2188/1456 1333/1915/1455
f 1338/1917/1457 1333/1912/1457 1325/1898/1457
f 1341/1918/1458 1328/1900/1459 1335/1899/1459
f 1335/1899/1460 1329/2184/1460 1342/1920/1461
f 1345/1921/1462 1347/1924/1463 1344/1922/1462
f 1347/1924/1464 1346/2189/1466 1340/1925/1465
f 1346/1926/1467 1337/2187/1467 1331/1907/1468
f 1345/1928/1469 1339/2190/1471 1332/1914/1470
f 1343/1919/1472 1342/1920/1618 1346/1929/1472
f 1341/1918/1473 1343/1919/1474 1347/1930/1473
f 1342/1920/1475 1329/2184/1619 1337/1913/1476
f 1338/1917/1478 1328/1900/1478 1341/1918/1479
f 1352/1932/1405 1354/2191/1405 1355/1933/1405
f 1349/1935/1480 1348/2192/1480 1352/1932/1480
f 1351/1936/1481 1354/2193/1481 1352/1937/1481
f 1351/1939/1378 1350/2194/1378 1355/1940/1378
f 1350/1942/1482 1349/2195/1482 1353/1943/1482
f 1351/1945/1483 1348/2196/1483 1349/1946/1483
f 1363/1948/1405 1362/2197/1405 1360/1949/1405
f 1361/1950/1480 1360/1949/1480 1356/1951/1480
f 1360/1953/1482 1362/2198/1482 1359/1954/1482
f 1362/1956/1378 1363/2199/1378 1358/1957/1378
f 1358/1959/1481 1363/2200/1481 1361/1960/1481
f 1358/1962/1483 1357/2201/1483 1356/1963/1483
f 1364/1965/1484 1366/2202/1484 1367/1966/1484
f 1370/1968/1485 1371/1978/1485 1369/1969/1485
f 1367/1971/1486 1369/2203/1486 1371/1972/1487
f 1370/1974/1489 1368/2204/1490 1366/1975/1490
f 1372/1977/1492 1373/2205/1492 1371/1978/1492
f 1373/1979/1403 1374/2206/1403 1365/1973/1403
f 1374/1980/1493 1375/2207/1493 1364/1965/1493
f 1364/1976/1405 1375/2208/1405 1372/1981/1405
f 1386/1982/1494 1387/1991/1494 1388/1983/1495
f 1389/1985/1496 1390/2011/1497 1386/1986/1497
f 1386/1982/1499 1390/2209/1499 1391/1988/1499
f 1386/1982/1500 1392/1989/1501 1393/1990/1501
f 1376/1992/1502 1384/1999/1502 1383/1993/1502
f 1378/1995/1503 1380/1994/1504 1383/1993/1504
f 1383/1993/1505 1381/2210/1505 1379/1997/1505
f 1377/1998/1506 1381/2210/1506 1383/1993/1506
f 1384/2000/1508 1376/2211/1509 1388/2001/1509
f 1380/2003/1376 1385/2009/1376 1388/2004/1376
f 1382/2006/1511 1390/2011/1511 1389/1985/1511
f 1380/2003/1376 1378/2212/1376 1389/2008/1376
f 1379/2010/1512 1391/2013/1516 1390/2011/1513
f 1381/2012/1515 1392/2213/1515 1391/2013/1516
f 1381/2014/1517 1377/2017/1519 1393/2015/1518
f 1377/2017/1519 1384/2000/1520 1387/2002/1520
f 1394/2018/1521 1398/2036/1523 1402/2019/1522
f 1411/2021/1524 1420/2214/1524 1421/2022/1524
f 1405/2024/1525 1401/2039/1526 1396/2025/1526
f 1426/2027/1527 1427/2215/1620 1428/2028/1528
f 1416/2030/1529 1397/2073/1529 1406/2031/1530
f 1417/2033/1531 1418/1856/1531 1404/1858/1531
f 1395/2035/1532 1407/2048/1532 1402/2019/1533
f 1421/2022/1534 1422/2064/1534 1414/2037/1534
f 1405/2024/1535 1406/2069/1535 1397/2038/1536
f 1428/2028/1538 1427/2215/1539 1430/2040/1539
f 1425/2043/1541 1400/2216/1541 1414/2044/1542
f 1424/2032/1543 1406/2031/1543 1415/2046/1544
f 1411/2050/1546 1400/2216/1547 1425/2043/1547
f 1423/2047/1548 1415/2046/1621 1414/2052/1548
f 1402/2019/1550 1412/2049/1550 1413/2054/1550
f 1402/2019/1551 1399/2055/1551 1409/2056/1551
f 1428/2028/1552 1431/2041/1553 1433/2057/1553
f 1428/2028/1554 1432/2058/1555 1434/2059/1555
f 1417/2033/1556 1394/2080/1556 1403/2060/1556
f 1418/1856/1557 1403/2060/1558 1408/1861/1558
f 1421/2022/1559 1420/2214/1560 1409/2061/1560
f 1421/2022/1561 1399/2062/1562 1413/2063/1562
f 1412/2065/1563 1423/2047/1563 1422/2053/1564
f 1424/2032/1565 1423/2047/1622 1412/2065/1566
f 1416/2030/1567 1424/2032/1567 1407/2067/1567
f 1406/2069/1568 1405/2024/1568 1425/2043/1568
f 1425/2043/1569 1405/2024/1569 1404/2026/1569
f 1396/2025/1570 1401/2039/1570 1427/2070/1570
f 1396/2034/1571 1426/2217/1571 1429/2072/1571
f 1397/2038/1572 1430/2218/1623 1427/2070/1573
f 1397/2073/1574 1416/2030/1574 1431/2074/1574
f 1416/2030/1575 1395/2068/1575 1433/2076/1576
f 1395/2035/1577 1398/2036/1624 1432/2077/1578
f 1394/2018/1579 1434/2219/1581 1432/2077/1580
f 1417/2033/1582 1429/2072/1583 1434/2079/1583
f 1437/2081/1584 1438/2220/1584 1436/2082/1584
f 1439/2084/1376 1440/2221/1376 1438/2085/1376
f 1439/2087/1585 1441/2100/1585 1442/2088/1585
f 1446/2090/1378 1445/2111/1378 1444/2091/1378
f 1436/2093/1586 1438/2222/1586 1440/2094/1586
f 1439/2096/1587 1437/2223/1587 1435/2097/1587
f 1443/2099/1588 1444/2224/1588 1442/2088/1588
f 1442/2095/1589 1444/2225/1625 1445/2101/1590
f 1450/2102/1592 1449/2226/1592 1447/2103/1592
f 1446/2105/1593 1443/2227/1626 1441/2098/1594
f 1448/2106/1596 1447/2228/1596 1435/2107/1596
f 1447/2109/1597 1449/2229/1597 1446/2105/1597
f 1446/2090/1599 1449/2230/1599 1450/2110/1599
f 1445/2101/1600 1450/2231/1600 1448/2112/1600
f 1452/2113/1584 1454/2232/1584 1453/2114/1584
f 1454/2116/1376 1456/2233/1376 1455/2117/1376
f 1456/2119/1585 1458/2131/1585 1457/2120/1585
f 1460/2122/1378 1461/2144/1378 1462/2123/1378
f 1452/2125/1587 1458/2133/1587 1456/2126/1587
f 1451/2128/1586 1453/2234/1586 1455/2129/1586
f 1458/2131/1588 1460/2235/1588 1459/2132/1588
f 1458/2133/1594 1452/2125/1595 1461/2134/1601
f 1463/2136/1405 1465/2236/1405 1466/2137/1405
f 1457/2130/1589 1459/2237/1591 1462/2139/1602
f 1451/2140/1603 1463/2238/1603 1464/2141/1603
f 1462/2139/1604 1465/2239/1605 1463/2143/1605
f 1461/2144/1606 1466/2240/1606 1465/2145/1606
f 1461/2134/1607 1452/2125/1608 1464/2146/1608
