# Blender 4.1.1
# www.blender.org
mtllib enemy.mtl
o MN158
v -0.274752 0.373868 0.391777
v -0.238948 0.378513 0.409216
v -0.263746 0.386252 0.389916
v -0.254279 0.350365 0.424100
v -0.278471 0.357487 0.400717
v -0.204742 0.361636 0.440625
v -0.218029 0.329147 0.454782
v -0.152766 0.321230 0.493145
v -0.185336 0.294930 0.491630
v -0.144291 0.287993 0.508225
v -0.157803 0.267973 0.517383
v -0.221421 0.245900 0.509492
v -0.221313 0.282329 0.485317
v -0.268387 0.261342 0.473105
v -0.262105 0.227872 0.496010
v -0.310074 0.223446 0.469172
v -0.306650 0.235992 0.462714
v -0.301365 0.212245 0.481656
v 0.279710 0.373870 0.388248
v 0.268681 0.386254 0.386527
v 0.244131 0.378515 0.406141
v 0.259651 0.350367 0.420829
v 0.283543 0.357490 0.397139
v 0.210328 0.361638 0.437983
v 0.223795 0.329149 0.451970
v 0.159025 0.321231 0.491161
v 0.191573 0.294932 0.489231
v 0.150743 0.287994 0.506347
v 0.164371 0.267974 0.515332
v 0.227883 0.245902 0.506632
v 0.227467 0.282331 0.482460
v 0.274382 0.261344 0.469650
v 0.268392 0.227874 0.492633
v 0.316016 0.223448 0.465187
v 0.312510 0.235994 0.458773
v 0.307467 0.212248 0.477781
v -0.014635 0.228914 -1.304792
v -0.026390 0.314201 -1.321094
v -0.015968 0.309292 -1.338517
v -0.023496 0.234470 -1.290559
v -0.014655 0.143774 -1.262258
v -0.015750 0.319116 -1.303799
v -0.023929 0.151086 -1.248253
v -0.014675 0.061226 -1.210131
v -0.014457 0.240035 -1.276423
v -0.001798 0.240039 -1.276493
v -0.000854 0.319115 -1.303893
v -0.014480 0.158426 -1.234305
v 0.007099 0.236783 -1.284855
v 0.009612 0.316236 -1.314132
v -0.001238 0.158441 -1.234344
v 0.008071 0.154157 -1.242565
v 0.002520 0.230546 -1.300737
v 0.004220 0.310729 -1.333562
v -0.015968 0.309292 -1.338517
v -0.014635 0.228914 -1.304792
v 0.003288 0.145939 -1.258223
v -0.014655 0.143774 -1.262258
v 0.004222 0.064014 -1.206066
v -0.014675 0.061226 -1.210131
v 0.009253 0.074393 -1.190807
v 0.005220 -0.012568 -1.144736
v -0.014644 -0.016221 -1.149313
v -0.014502 -0.084035 -1.070573
v -0.000558 0.079761 -1.182890
v 0.010498 0.000089 -1.130115
v 0.006329 -0.079732 -1.066905
v -0.014315 -0.140680 -0.984267
v 0.007494 -0.135462 -0.981068
v -0.014079 -0.181986 -0.889668
v 0.011845 -0.064479 -1.053934
v 0.008713 -0.176774 -0.887510
v -0.013828 -0.215660 -0.792365
v 0.013252 -0.117602 -0.970056
v 0.000180 0.006487 -1.122972
v 0.001017 -0.056698 -1.047414
v 0.014710 -0.157250 -0.879180
v -0.014506 0.079694 -1.182961
v 0.009956 -0.210051 -0.790964
v -0.013554 -0.240706 -0.691434
v -0.024451 0.070410 -1.196598
v -0.024934 -0.005416 -1.137459
v -0.014644 -0.016221 -1.149313
v -0.014502 -0.084035 -1.070573
v -0.014484 0.006151 -1.123729
v -0.025299 -0.070688 -1.059105
v -0.014315 -0.140680 -0.984267
v -0.014356 -0.056935 -1.047583
v -0.025633 -0.125018 -0.974464
v -0.014079 -0.181986 -0.889668
v -0.014188 -0.108850 -0.964664
v -0.025926 -0.164679 -0.882135
v -0.013828 -0.215660 -0.792365
v 0.001906 -0.108551 -0.964542
v -0.013980 -0.147203 -0.874847
v -0.026207 -0.196649 -0.787129
v 0.002841 -0.147112 -0.874891
v 0.016193 -0.188691 -0.785262
v -0.013756 -0.177569 -0.782203
v 0.003796 -0.177541 -0.782298
v 0.017701 -0.211638 -0.687874
v -0.013513 -0.199584 -0.686237
v -0.026469 -0.220155 -0.688661
v -0.013554 -0.240706 -0.691434
v 0.004774 -0.199583 -0.686353
v -0.013234 -0.212100 -0.587413
v -0.026696 -0.233895 -0.587162
v -0.013261 -0.255684 -0.587227
v 0.005754 -0.212100 -0.587533
v -0.026835 -0.236597 -0.483719
v -0.012929 -0.259361 -0.480717
v -0.012912 -0.213866 -0.486937
v -0.026989 -0.228240 -0.379752
v -0.012589 -0.251578 -0.373709
v -0.012605 -0.204942 -0.386017
v 0.006710 -0.213865 -0.487062
v 0.019202 -0.224862 -0.587529
v 0.007689 -0.204942 -0.386146
v 0.011224 -0.234687 -0.690789
v -0.013261 -0.255684 -0.587227
v 0.020637 -0.227164 -0.485342
v 0.012512 -0.249307 -0.587365
v 0.013765 -0.252700 -0.481766
v -0.012929 -0.259361 -0.480717
v 0.022104 -0.218574 -0.382646
v 0.015020 -0.244748 -0.375656
v -0.012589 -0.251578 -0.373709
v 0.008690 -0.185611 -0.286174
v 0.023633 -0.199304 -0.281015
v 0.016313 -0.225604 -0.270762
v -0.016766 -0.229713 -0.268996
v -0.014965 -0.196634 -0.160877
v 0.022690 -0.195268 -0.161652
v 0.030040 -0.169264 -0.170900
v 0.015042 -0.155765 -0.175354
v -0.006051 -0.155802 -0.175105
v -0.012334 -0.185611 -0.286040
v -0.027217 -0.209021 -0.276890
v -0.020964 -0.178941 -0.166911
v -0.016766 -0.229713 -0.268996
v -0.014965 -0.196634 -0.160877
v -0.337988 -0.284540 0.508935
v -0.401513 -0.277923 0.445119
v -0.331366 -0.278518 0.504191
v -0.519501 -0.265387 0.372562
v -0.539357 -0.240154 0.332422
v -0.479878 -0.291212 0.434543
v -0.338896 -0.296233 0.530620
v -0.538020 -0.243791 0.375924
v -0.557699 -0.097660 0.367982
v -0.516823 -0.266435 0.453277
v -0.442270 -0.309711 0.495167
v -0.329390 -0.305114 0.559162
v -0.542901 -0.132301 0.423236
v -0.508586 -0.013348 0.444081
v -0.395954 -0.324616 0.569497
v -0.321967 -0.313607 0.590605
v -0.472799 -0.058058 0.503561
v -0.447645 -0.000368 0.492150
v -0.515341 -0.179666 0.495735
v -0.366520 -0.041954 0.571786
v -0.331386 -0.002341 0.566633
v -0.477286 -0.285269 0.524712
v -0.308975 -0.059017 0.575741
v -0.276460 -0.024673 0.584206
v -0.368601 -0.092181 0.598233
v -0.448720 -0.110700 0.559923
v -0.270216 -0.097249 0.580640
v -0.253145 -0.058469 0.586932
v -0.258277 -0.150695 0.573963
v -0.313347 -0.114520 0.596260
v -0.271298 -0.152019 0.573173
v -0.271420 -0.236096 0.562059
v -0.283916 -0.158968 0.589196
v -0.291561 -0.231223 0.553601
v -0.331366 -0.278518 0.504191
v -0.337988 -0.284540 0.508935
v -0.300973 -0.244215 0.565246
v -0.338896 -0.296233 0.530620
v -0.329390 -0.305114 0.559162
v -0.299073 -0.259953 0.585739
v -0.321967 -0.313607 0.590605
v -0.289621 -0.200766 0.605962
v -0.296977 -0.278285 0.609416
v -0.315727 -0.315826 0.625126
v -0.293318 -0.239056 0.625698
v -0.306560 -0.162298 0.625437
v -0.302589 -0.210230 0.649921
v -0.357784 -0.156625 0.636183
v -0.344166 -0.207115 0.663926
v -0.420683 -0.176593 0.624270
v -0.472694 -0.230293 0.561416
v -0.392923 -0.231814 0.658363
v -0.417961 -0.310032 0.595785
v -0.411001 -0.274508 0.631945
v -0.350578 -0.274712 0.683922
v -0.344506 -0.327248 0.629074
v -0.315727 -0.315826 0.625126
v -0.360019 -0.317393 0.644191
v -0.320676 -0.313716 0.657658
v -0.310471 -0.309745 0.654837
v -0.359749 -0.295183 0.672219
v -0.326573 -0.309738 0.666223
v -0.330798 -0.301087 0.677480
v -0.311528 -0.304531 0.667538
v -0.307505 -0.303473 0.666076
v -0.315080 -0.303898 0.671297
v -0.308175 -0.300265 0.671771
v -0.315989 -0.301140 0.675011
v -0.325630 -0.289008 0.685177
v -0.313397 -0.296989 0.677683
v -0.321259 -0.258256 0.684841
v -0.313246 -0.279590 0.686560
v -0.309020 -0.294287 0.678153
v -0.299775 -0.277915 0.677042
v -0.297241 -0.253900 0.673285
v -0.303611 -0.294657 0.674810
v -0.291882 -0.268121 0.646611
v -0.293965 -0.288278 0.661707
v -0.296908 -0.293035 0.632425
v -0.310471 -0.309745 0.654837
v -0.299894 -0.301595 0.654392
v -0.307505 -0.303473 0.666076
v -0.301638 -0.297422 0.670783
v -0.303676 -0.300576 0.667610
v 0.337755 -0.278516 0.499932
v 0.407145 -0.277920 0.439972
v 0.344437 -0.284538 0.504591
v 0.524199 -0.265383 0.365919
v 0.543543 -0.240150 0.325529
v 0.485369 -0.291208 0.428399
v 0.345621 -0.296230 0.526263
v 0.542760 -0.243787 0.369044
v 0.562335 -0.097656 0.360853
v 0.522549 -0.266431 0.446662
v 0.448535 -0.309707 0.489497
v 0.336480 -0.305111 0.554923
v 0.548242 -0.132297 0.416291
v 0.514194 -0.013345 0.437571
v 0.403170 -0.324613 0.564411
v 0.329458 -0.313605 0.586459
v 0.479167 -0.058055 0.497501
v 0.453869 -0.000365 0.486412
v 0.521607 -0.179662 0.489134
v 0.373766 -0.041951 0.567074
v 0.338568 -0.002339 0.562369
v 0.483925 -0.285266 0.518593
v 0.316276 -0.059014 0.571761
v 0.283870 -0.024671 0.580640
v 0.376183 -0.092179 0.593493
v 0.455808 -0.110697 0.554166
v 0.479801 -0.230289 0.555353
v 0.425510 -0.310029 0.590416
v 0.352485 -0.327246 0.624637
v 0.323658 -0.315824 0.621056
v 0.428594 -0.176589 0.618865
v 0.329021 -0.313713 0.653523
v 0.318781 -0.309742 0.650832
v 0.368189 -0.317390 0.639556
v 0.419010 -0.274505 0.626662
v 0.401270 -0.231811 0.653308
v 0.368275 -0.295180 0.667585
v 0.359253 -0.274709 0.679404
v 0.352588 -0.207112 0.659491
v 0.335026 -0.309736 0.662011
v 0.339394 -0.301084 0.673215
v 0.323598 -0.303895 0.667232
v 0.324555 -0.301138 0.670934
v 0.334324 -0.289005 0.680977
v 0.319999 -0.304528 0.663519
v 0.315958 -0.303471 0.662108
v 0.316700 -0.300263 0.667794
v 0.321997 -0.296987 0.673639
v 0.329949 -0.258253 0.680696
v 0.321959 -0.279587 0.682517
v 0.317626 -0.294285 0.674164
v 0.308368 -0.277913 0.673171
v 0.312174 -0.294655 0.670890
v 0.310151 -0.297420 0.666889
v 0.312149 -0.300574 0.663690
v 0.315958 -0.303471 0.662108
v 0.302362 -0.288276 0.657912
v 0.308198 -0.301593 0.650522
v 0.318781 -0.309742 0.650832
v 0.304933 -0.293032 0.628595
v 0.323658 -0.315824 0.621056
v 0.300088 -0.268119 0.642843
v 0.304709 -0.278283 0.605586
v 0.329458 -0.313605 0.586459
v 0.305786 -0.253898 0.669447
v 0.301257 -0.239054 0.621914
v 0.306503 -0.259951 0.581885
v 0.336480 -0.305111 0.554923
v 0.310835 -0.210227 0.646016
v 0.297309 -0.200764 0.602226
v 0.308142 -0.244213 0.561368
v 0.345621 -0.296230 0.526263
v 0.344437 -0.284538 0.504591
v 0.314494 -0.162295 0.621484
v 0.291391 -0.158966 0.585534
v 0.298582 -0.231221 0.549845
v 0.337755 -0.278516 0.499932
v 0.278551 -0.236094 0.558558
v 0.278570 -0.152017 0.569673
v 0.265559 -0.150694 0.570628
v 0.277583 -0.097247 0.577153
v 0.260592 -0.058467 0.583662
v 0.320909 -0.114518 0.592223
v 0.365851 -0.156622 0.631577
v 0.000601 0.606069 0.214734
v 0.000422 0.627859 0.066964
v -0.028643 0.630059 0.071959
v -0.062867 0.601509 0.214403
v 0.002038 0.538366 0.320861
v -0.142901 0.598629 0.216862
v -0.076201 0.533862 0.320200
v -0.084522 0.465292 0.392603
v 0.002625 0.463415 0.412940
v 0.003075 0.384643 0.483595
v -0.140605 0.633553 0.186965
v -0.047839 0.640526 0.074304
v -0.093540 0.382810 0.457976
v -0.143682 0.703868 0.121840
v -0.067099 0.699223 0.054353
v -0.093713 0.754231 0.035337
v -0.171669 0.467169 0.372266
v -0.154517 0.529358 0.307583
v -0.299021 0.510621 0.253713
v -0.274164 0.581550 0.208273
v -0.264462 0.624150 0.184056
v -0.418944 0.483213 0.130847
v -0.246398 0.699364 0.136952
v -0.377190 0.560611 0.099820
v -0.356270 0.612432 0.085073
v -0.231102 0.756321 0.085030
v -0.399502 0.553462 -0.022137
v -0.153462 0.755930 0.080771
v -0.327422 0.690874 0.067044
v -0.157753 0.775869 0.062202
v -0.107559 0.773743 0.024621
v -0.383154 0.599724 -0.023161
v -0.294761 0.754336 0.043162
v -0.347356 0.683755 -0.025756
v -0.222422 0.777392 0.065134
v -0.275452 0.777075 0.030339
v -0.312445 0.748970 -0.027567
v -0.214467 0.790818 0.044275
v -0.256014 0.791206 0.017054
v -0.292430 0.774474 -0.028344
v -0.163806 0.789055 0.042271
v -0.124281 0.787049 0.012955
v -0.146915 0.799205 -0.002639
v -0.172253 0.800910 0.015802
v -0.189046 0.811466 -0.030919
v -0.204396 0.802756 0.016700
v -0.230761 0.803814 -0.000524
v -0.241245 0.804221 -0.029483
v -0.270384 0.790057 -0.028808
v -0.254971 0.789863 -0.073704
v -0.272364 0.774108 -0.084645
v -0.231857 0.804216 -0.058979
v -0.287582 0.748297 -0.093167
v -0.224553 0.776804 -0.122449
v -0.315830 0.686024 -0.110478
v -0.232717 0.754280 -0.139018
v -0.244989 0.693897 -0.168136
v -0.346785 0.603247 -0.121567
v -0.264676 0.607920 -0.200650
v -0.363388 0.546907 -0.131251
v -0.441444 0.477400 -0.017194
v -0.399412 0.476613 -0.153377
v -0.503470 0.360729 -0.015137
v -0.275119 0.555330 -0.218640
v -0.478521 0.369173 0.169808
v -0.309108 0.474441 -0.264336
v -0.447633 0.364298 -0.196978
v -0.585949 0.209927 -0.020605
v -0.330919 0.457983 0.288234
v -0.190156 0.380977 0.432357
v -0.368182 0.383275 0.328718
v -0.551153 0.207950 0.208867
v -0.221822 0.211753 0.530987
v -0.435466 0.212894 0.394580
v -0.104846 0.286933 0.524503
v -0.052198 0.296893 0.525950
v 0.003354 0.287154 0.527378
v -0.016563 0.257844 0.552377
v 0.003520 0.255689 0.553514
v 0.003525 0.245203 0.554294
v -0.019959 0.248455 0.552071
v 0.003406 0.229748 0.535582
v -0.044365 0.262436 0.547992
v -0.043723 0.252278 0.547151
v -0.021281 0.232510 0.534184
v -0.025083 0.206472 0.528828
v 0.003383 0.201792 0.531880
v -0.045436 0.237418 0.528959
v -0.029347 0.200104 0.549235
v 0.003533 0.195478 0.555447
v -0.050398 0.218835 0.523446
v -0.031692 0.199315 0.577276
v 0.003689 0.194350 0.580052
v 0.003748 0.187865 0.589208
v -0.036720 0.194120 0.584086
v 0.003853 0.152415 0.605774
v -0.064542 0.215313 0.563731
v -0.054814 0.162952 0.592336
v 0.004097 0.037929 0.643960
v -0.072875 0.215648 0.568612
v -0.058826 0.213249 0.540405
v -0.075510 0.231621 0.553912
v -0.066957 0.224866 0.532290
v -0.084395 0.231214 0.559188
v -0.076078 0.246690 0.544693
v -0.069312 0.235993 0.525393
v -0.060326 0.241317 0.525227
v -0.071143 0.253858 0.542767
v -0.060175 0.258711 0.544002
v -0.081790 0.254815 0.546394
v -0.058876 0.269060 0.544477
v -0.076136 0.262871 0.543469
v -0.124931 0.214624 0.558423
v -0.118443 0.039424 0.626888
v -0.260430 0.040919 0.580215
v -0.117331 -0.062645 0.636251
v 0.004173 -0.066821 0.655935
v -0.253145 -0.058469 0.586932
v -0.276460 -0.024673 0.584206
v -0.331386 -0.002341 0.566633
v -0.233508 -0.155272 0.590448
v -0.258277 -0.150695 0.573963
v -0.271420 -0.236096 0.562059
v -0.488675 0.039509 0.441697
v -0.447645 -0.000368 0.492150
v -0.508586 -0.013348 0.444081
v -0.594759 0.046620 0.241058
v -0.609880 -0.059387 0.250230
v -0.557699 -0.097660 0.367982
v -0.638435 0.055073 -0.031810
v -0.649883 -0.044497 -0.031389
v -0.603758 -0.217258 0.234976
v -0.539357 -0.240154 0.332422
v -0.634858 -0.198444 -0.027755
v -0.521318 0.209155 -0.245039
v -0.572026 0.061462 -0.283352
v -0.342758 0.369980 -0.334678
v -0.388474 0.216217 -0.415116
v -0.575086 -0.042916 -0.296347
v -0.422233 0.052126 -0.467480
v -0.223874 0.212098 -0.516105
v -0.240679 0.047110 -0.575175
v -0.428512 -0.048930 -0.475437
v -0.562863 -0.198148 -0.292297
v -0.422555 -0.201362 -0.464585
v -0.237650 -0.066178 -0.588173
v -0.003936 0.040859 -0.618107
v -0.004084 -0.072576 -0.641321
v -0.003530 0.205192 -0.554218
v -0.235168 -0.208481 -0.579073
v -0.004054 -0.217357 -0.636713
v -0.192859 0.374989 -0.409406
v -0.002839 0.366141 -0.445473
v -0.168904 0.480972 -0.322907
v -0.002192 0.474509 -0.343736
v -0.148535 0.573800 -0.227522
v -0.001432 0.571052 -0.224373
v -0.038410 0.610396 -0.144045
v -0.000908 0.595083 -0.142008
v -0.149904 0.620663 -0.209381
v -0.054710 0.639639 -0.132528
v -0.019450 0.622384 -0.032757
v -0.000205 0.616687 -0.031582
v 0.000422 0.627859 0.066964
v -0.028643 0.630059 0.071959
v -0.031672 0.636067 -0.033549
v -0.047839 0.640526 0.074304
v -0.067099 0.699223 0.054353
v -0.071924 0.694896 -0.118208
v -0.049438 0.693007 -0.033528
v -0.093713 0.754231 0.035337
v -0.149410 0.697809 -0.173344
v -0.096192 0.752232 -0.100443
v -0.075912 0.748823 -0.033053
v -0.107559 0.773743 0.024621
v -0.158329 0.753860 -0.139942
v -0.109647 0.772813 -0.089409
v -0.091448 0.770190 -0.032744
v -0.124281 0.787049 0.012955
v -0.161652 0.775303 -0.123197
v -0.125928 0.786672 -0.076818
v -0.111049 0.784720 -0.032174
v -0.137738 0.798305 -0.031516
v -0.146915 0.799205 -0.002639
v -0.147973 0.799412 -0.060167
v -0.174050 0.801681 -0.077770
v -0.166787 0.789162 -0.103711
v -0.206170 0.803476 -0.077417
v -0.216510 0.790887 -0.103135
v 0.000422 0.627859 0.066964
v 0.000601 0.606069 0.214734
v 0.029549 0.630059 0.071589
v 0.065418 0.601510 0.213726
v 0.002038 0.538366 0.320861
v 0.145641 0.598630 0.215025
v 0.080264 0.533862 0.319204
v 0.089506 0.465293 0.391496
v 0.002625 0.463415 0.412940
v 0.003075 0.384643 0.483595
v 0.142965 0.633554 0.185160
v 0.048772 0.640527 0.073689
v 0.099356 0.382811 0.456748
v 0.145213 0.703869 0.120001
v 0.067776 0.699224 0.053494
v 0.094146 0.754232 0.034141
v 0.176387 0.467170 0.370051
v 0.158413 0.529359 0.305591
v 0.302219 0.510623 0.249886
v 0.276785 0.581552 0.204766
v 0.266775 0.624152 0.180674
v 0.420568 0.483216 0.125503
v 0.248112 0.699366 0.133804
v 0.378422 0.560614 0.095010
v 0.357316 0.612435 0.080531
v 0.334554 0.457986 0.283998
v 0.441183 0.477403 -0.022812
v 0.195637 0.380979 0.429901
v 0.480637 0.369176 0.163703
v 0.372330 0.383278 0.324004
v 0.503230 0.360733 -0.021545
v 0.553762 0.207954 0.201835
v 0.399180 0.553465 -0.027221
v 0.585634 0.209931 -0.028062
v 0.382820 0.599727 -0.028036
v 0.445083 0.364302 -0.202661
v 0.328240 0.690876 0.062871
v 0.397420 0.476616 -0.158449
v 0.295277 0.754338 0.039406
v 0.361680 0.546910 -0.135866
v 0.232156 0.756323 0.082081
v 0.345202 0.603249 -0.125972
v 0.154469 0.755931 0.078811
v 0.314389 0.686026 -0.114489
v 0.158523 0.775870 0.060189
v 0.107854 0.773744 0.023249
v 0.223223 0.777394 0.062298
v 0.275807 0.777077 0.026830
v 0.215003 0.790820 0.041541
v 0.164322 0.789056 0.040182
v 0.124427 0.787051 0.011372
v 0.146859 0.799206 -0.004509
v 0.172430 0.800911 0.013608
v 0.188627 0.811467 -0.033323
v 0.204582 0.802758 0.014097
v 0.230726 0.803816 -0.003461
v 0.256200 0.791208 0.013794
v 0.240841 0.804223 -0.032552
v 0.292036 0.774476 -0.032064
v 0.269985 0.790059 -0.032247
v 0.312059 0.748972 -0.031542
v 0.271255 0.774110 -0.088105
v 0.254003 0.789865 -0.076944
v 0.346991 0.683757 -0.030176
v 0.286363 0.748299 -0.096820
v 0.242820 0.693898 -0.171241
v 0.230919 0.754282 -0.141969
v 0.222966 0.776806 -0.125297
v 0.262092 0.607922 -0.204003
v 0.147182 0.697810 -0.175231
v 0.272306 0.555332 -0.222124
v 0.147218 0.620664 -0.211272
v 0.305711 0.474443 -0.268249
v 0.145618 0.573801 -0.229395
v 0.164772 0.480973 -0.325031
v 0.338464 0.369982 -0.339014
v 0.187625 0.374990 -0.411827
v -0.002839 0.366141 -0.445473
v -0.002192 0.474509 -0.343736
v -0.003530 0.205192 -0.554218
v -0.001432 0.571052 -0.224373
v 0.217281 0.212100 -0.518913
v -0.003936 0.040859 -0.618107
v 0.036565 0.610396 -0.144522
v -0.000908 0.595083 -0.142008
v 0.053010 0.639639 -0.133214
v 0.019023 0.622385 -0.033001
v -0.000205 0.616687 -0.031582
v 0.000422 0.627859 0.066964
v 0.029549 0.630059 0.071589
v 0.031234 0.636067 -0.033949
v 0.048772 0.640527 0.073689
v 0.067776 0.699224 0.053494
v 0.070405 0.694897 -0.119114
v 0.048998 0.693007 -0.034154
v 0.094146 0.754232 0.034141
v 0.094896 0.752232 -0.101660
v 0.075476 0.748824 -0.034017
v 0.107854 0.773744 0.023249
v 0.156526 0.753862 -0.141946
v 0.108490 0.772814 -0.090797
v 0.091014 0.770191 -0.033905
v 0.124427 0.787051 0.011372
v 0.160062 0.775304 -0.125245
v 0.124930 0.786673 -0.078415
v 0.110621 0.784721 -0.033585
v 0.137316 0.798306 -0.033266
v 0.146859 0.799206 -0.004509
v 0.147185 0.799414 -0.062045
v 0.165444 0.789163 -0.105826
v 0.215170 0.790889 -0.105883
v 0.173036 0.801682 -0.079979
v 0.205158 0.803477 -0.080036
v 0.231078 0.804218 -0.061925
v -0.114599 -0.159862 0.633960
v 0.004122 -0.164452 0.647749
v -0.112925 -0.251096 0.626869
v 0.004079 -0.245145 0.640983
v -0.230118 -0.257046 0.583033
v -0.105527 -0.358980 0.571535
v 0.003644 -0.357044 0.572628
v -0.305582 -0.302240 0.514097
v -0.331366 -0.278518 0.504191
v -0.222503 -0.360822 0.539190
v -0.410290 -0.352411 0.409825
v -0.401513 -0.277923 0.445119
v -0.100467 -0.429764 0.519848
v 0.003318 -0.430253 0.521327
v -0.211166 -0.429373 0.485368
v -0.083855 -0.479641 0.424199
v 0.002717 -0.482030 0.426952
v -0.375712 -0.422934 0.370634
v -0.180812 -0.477467 0.385433
v -0.060835 -0.503298 0.297655
v 0.001922 -0.506142 0.301941
v -0.305441 -0.466351 0.294153
v -0.034467 -0.518203 0.152072
v 0.000962 -0.518671 0.151146
v 0.000005 -0.528172 0.000747
v -0.137623 -0.499867 0.272240
v -0.075583 -0.517278 0.139845
v -0.125217 -0.516220 0.107184
v -0.226876 -0.492147 0.209685
v -0.159243 -0.515449 0.057667
v -0.478173 -0.408298 0.194298
v -0.391444 -0.456062 0.155196
v -0.291664 -0.487212 0.111926
v -0.558935 -0.335512 0.215257
v -0.505579 -0.400047 -0.006933
v -0.586231 -0.324565 -0.014571
v -0.419083 -0.448234 -0.003923
v -0.532303 -0.325081 -0.257540
v -0.466898 -0.399293 -0.219402
v -0.390871 -0.329355 -0.410770
v -0.365517 -0.402433 -0.372156
v -0.219253 -0.329497 -0.541043
v -0.003770 -0.337116 -0.592167
v -0.204239 -0.404719 -0.481885
v -0.003348 -0.409783 -0.525932
v -0.002745 -0.470783 -0.431246
v -0.174521 -0.467048 -0.397372
v -0.001964 -0.506814 -0.308521
v -0.309890 -0.458877 -0.300687
v -0.134359 -0.504412 -0.285044
v -0.078106 -0.524533 -0.143238
v -0.000986 -0.525483 -0.154829
v -0.233633 -0.498063 -0.216958
v -0.390737 -0.448941 -0.168742
v -0.128462 -0.521909 -0.109419
v -0.295672 -0.490041 -0.117427
v -0.161225 -0.518421 -0.059630
v -0.315711 -0.486359 -0.002547
v -0.171991 -0.515989 -0.000988
v 0.036400 -0.518203 0.151621
v 0.001922 -0.506142 0.301941
v 0.000962 -0.518671 0.151146
v 0.000005 -0.528172 0.000747
v 0.064619 -0.503298 0.296856
v 0.002717 -0.482030 0.426952
v 0.077357 -0.517278 0.138872
v 0.089248 -0.479640 0.423097
v 0.003318 -0.430253 0.521327
v 0.141078 -0.499866 0.270466
v 0.107075 -0.429764 0.518527
v 0.003644 -0.357044 0.572628
v 0.185704 -0.477465 0.383100
v 0.217327 -0.429371 0.482641
v 0.112793 -0.358979 0.570146
v 0.004079 -0.245145 0.640983
v 0.380399 -0.422931 0.365821
v 0.120894 -0.251095 0.625381
v 0.004122 -0.164452 0.647749
v 0.229348 -0.360821 0.536314
v 0.122657 -0.159861 0.632450
v 0.004173 -0.066821 0.655935
v 0.237519 -0.257045 0.580056
v 0.125418 -0.062644 0.634705
v 0.004097 0.037929 0.643960
v 0.241003 -0.155270 0.587428
v 0.312100 -0.302238 0.510165
v 0.278551 -0.236094 0.558558
v 0.265559 -0.150694 0.570628
v 0.337755 -0.278516 0.499932
v 0.260592 -0.058467 0.583662
v 0.415472 -0.352408 0.404569
v 0.407145 -0.277920 0.439972
v 0.543543 -0.240150 0.325529
v 0.126410 0.039425 0.625329
v 0.561629 -0.335508 0.208124
v 0.062345 0.162953 0.591590
v 0.003853 0.152415 0.605774
v 0.606697 -0.217254 0.227271
v 0.562335 -0.097656 0.360853
v 0.480607 -0.408294 0.188195
v 0.613013 -0.059382 0.242446
v 0.514194 -0.013345 0.437571
v 0.309161 -0.466348 0.290241
v 0.393388 -0.456059 0.150201
v 0.229527 -0.492146 0.206780
v 0.126572 -0.516219 0.105581
v 0.159964 -0.515447 0.055635
v 0.293065 -0.487210 0.108205
v 0.171964 -0.515988 -0.003177
v 0.505449 -0.400043 -0.013368
v 0.418999 -0.448231 -0.009258
v 0.315653 -0.486357 -0.006566
v 0.160453 -0.518420 -0.061677
v 0.294153 -0.490038 -0.121181
v 0.127059 -0.521908 -0.111046
v 0.076276 -0.524532 -0.144220
v -0.000986 -0.525483 -0.154829
v -0.001964 -0.506814 -0.308521
v 0.230852 -0.498061 -0.219915
v 0.388557 -0.448938 -0.173703
v 0.130719 -0.504411 -0.286731
v 0.306036 -0.458875 -0.304608
v 0.169448 -0.467047 -0.399562
v -0.002745 -0.470783 -0.431246
v 0.464066 -0.399289 -0.225328
v 0.198087 -0.404718 -0.484446
v -0.003348 -0.409783 -0.525932
v -0.003770 -0.337116 -0.592167
v 0.360749 -0.402430 -0.376779
v 0.212346 -0.329496 -0.543791
v -0.004054 -0.217357 -0.636713
v 0.528980 -0.325077 -0.264295
v 0.227775 -0.208479 -0.582020
v -0.004084 -0.072576 -0.641321
v 0.385609 -0.329352 -0.415713
v 0.230140 -0.066176 -0.591151
v 0.416604 -0.201359 -0.469927
v 0.233333 0.047112 -0.578192
v 0.422422 -0.048927 -0.480853
v 0.559094 -0.198144 -0.299438
v 0.571263 -0.042912 -0.303643
v 0.416243 0.052129 -0.472817
v 0.383153 0.216220 -0.420027
v 0.568369 0.061466 -0.290611
v 0.518151 0.209159 -0.251655
v 0.637975 0.055078 -0.039934
v 0.649427 -0.044492 -0.039659
v 0.597776 0.046624 0.233468
v 0.634451 -0.198439 -0.035835
v 0.494254 0.039512 0.435441
v 0.453869 -0.000365 0.486412
v 0.338568 -0.002339 0.562369
v 0.585997 -0.324561 -0.022032
v 0.267791 0.040921 0.576852
v 0.283870 -0.024671 0.580640
v 0.440448 0.212898 0.389005
v 0.228558 0.211755 0.528121
v 0.132024 0.214625 0.556788
v 0.111508 0.286934 0.523125
v 0.080102 0.215648 0.567638
v 0.058883 0.296893 0.525243
v 0.003354 0.287154 0.527378
v 0.088733 0.254816 0.545308
v 0.023588 0.257844 0.552121
v 0.003520 0.255689 0.553514
v 0.003525 0.245203 0.554294
v 0.083042 0.262872 0.542456
v 0.026979 0.248455 0.551772
v 0.003406 0.229748 0.535582
v 0.051331 0.262436 0.547383
v 0.050679 0.252278 0.546550
v 0.065796 0.269060 0.543683
v 0.067089 0.258712 0.543192
v 0.078040 0.253858 0.541818
v 0.028074 0.232510 0.533870
v 0.052160 0.237419 0.528337
v 0.031807 0.206472 0.528466
v 0.003383 0.201792 0.531880
v 0.057051 0.218835 0.522762
v 0.067001 0.241318 0.524416
v 0.075989 0.235994 0.524468
v 0.036331 0.200104 0.548817
v 0.003533 0.195478 0.555447
v 0.073722 0.224866 0.531395
v 0.083000 0.246690 0.543681
v 0.065695 0.213249 0.539612
v 0.091501 0.231214 0.558069
v 0.082550 0.231622 0.552906
v 0.071707 0.215314 0.562864
v 0.044147 0.194120 0.583572
v 0.003748 0.187865 0.589208
v 0.039032 0.199316 0.576826
v 0.003689 0.194350 0.580052
v -0.101422 0.267972 -1.355930
v -0.047535 0.227961 -1.341040
v -0.065751 0.238599 -1.320953
v -0.014830 0.233183 -1.292305
v -0.069836 0.249476 -1.390714
v -0.112310 0.313695 -1.387789
v -0.020346 0.222122 -1.349949
v -0.075784 0.292182 -1.427971
v -0.022713 0.239335 -1.406138
v -0.063729 0.344953 -1.442771
v -0.095408 0.363758 -1.407936
v -0.055127 0.404717 -1.410998
v -0.021298 0.280394 -1.445789
v -0.036820 0.393763 -1.431139
v -0.002251 0.425285 -1.396245
v -0.016463 0.334648 -1.458227
v -0.009492 0.387754 -1.440083
v 0.019544 0.388282 -1.435441
v 0.042520 0.395205 -1.418456
v 0.033747 0.335552 -1.450193
v 0.036581 0.281429 -1.436513
v 0.053286 0.406693 -1.393663
v 0.048950 0.419684 -1.367693
v 0.092125 0.367152 -1.377911
v 0.084651 0.389494 -1.332950
v 0.073485 0.347428 -1.420812
v 0.103887 0.317578 -1.353110
v 0.095283 0.343142 -1.301232
v 0.082391 0.295014 -1.402611
v 0.085548 0.271309 -1.325885
v 0.078095 0.293264 -1.280989
v 0.037790 0.253122 -1.277692
v 0.066966 0.251912 -1.368740
v 0.027347 0.240225 -1.398099
v 0.008541 0.222636 -1.345304
v 0.031398 0.229362 -1.328343
v 0.042107 0.240516 -1.303599
v 0.084651 0.389494 -1.332950
v 0.048950 0.419684 -1.367693
v 0.030656 0.430698 -1.347509
v -0.002251 0.425285 -1.396245
v 0.053014 0.408466 -1.297993
v 0.095283 0.343142 -1.301232
v 0.003303 0.436761 -1.338534
v 0.058813 0.364854 -1.260893
v 0.005668 0.418923 -1.282447
v 0.046550 0.311894 -1.246091
v 0.078095 0.293264 -1.280989
v 0.037790 0.253122 -1.277692
v 0.004213 0.376824 -1.242958
v 0.019588 0.263800 -1.257569
v -0.014830 0.233183 -1.292305
v -0.000661 0.322156 -1.230584
v -0.007631 0.269675 -1.248632
v -0.036560 0.269159 -1.253289
v -0.059430 0.262391 -1.270286
v -0.050850 0.321255 -1.238653
v -0.053837 0.375772 -1.252276
v -0.070110 0.251200 -1.295056
v -0.065751 0.238599 -1.320953
v -0.109005 0.289916 -1.311064
v -0.101422 0.267972 -1.355930
v -0.090510 0.309434 -1.268126
v -0.121087 0.339241 -1.335952
v -0.112310 0.313695 -1.387789
v -0.095408 0.363758 -1.407936
v -0.099705 0.361987 -1.286335
v -0.103007 0.386085 -1.363008
v -0.055127 0.404717 -1.410998
v -0.084448 0.405961 -1.320015
v -0.044666 0.418004 -1.290511
v -0.025773 0.436228 -1.343187
v -0.048763 0.429244 -1.360213
v -0.059503 0.417704 -1.385039
v -0.184230 0.320517 0.500803
v -0.187747 0.337684 0.489740
v -0.237393 0.298969 0.490671
v -0.185220 0.304827 0.508157
v -0.197011 0.348767 0.478959
v -0.189672 0.286396 0.515994
v -0.210464 0.355171 0.469293
v -0.198797 0.269411 0.520051
v -0.225778 0.356688 0.459991
v -0.212040 0.257149 0.520411
v -0.242125 0.352656 0.453886
v -0.227624 0.249741 0.516922
v -0.258208 0.345193 0.451005
v -0.244242 0.245821 0.511164
v -0.271445 0.332722 0.451477
v -0.259847 0.248172 0.502886
v -0.281831 0.313157 0.455329
v -0.273366 0.253760 0.492987
v -0.286778 0.292100 0.462058
v -0.282327 0.264265 0.481709
v -0.287587 0.276942 0.471322
v -0.235427 0.300482 0.484161
v -0.141303 0.332595 0.499397
v -0.150252 0.358026 0.480383
v -0.141802 0.306808 0.513572
v -0.165736 0.377239 0.464634
v -0.151145 0.275992 0.526399
v -0.188839 0.387928 0.450473
v -0.167529 0.247116 0.535215
v -0.215504 0.391804 0.431576
v -0.192477 0.225717 0.537674
v -0.244426 0.386938 0.419105
v -0.219513 0.211741 0.534612
v -0.271960 0.372227 0.412974
v -0.248087 0.206201 0.521817
v -0.296374 0.346734 0.413062
v -0.275449 0.211157 0.504303
v -0.312325 0.318267 0.418490
v -0.298233 0.220212 0.485351
v -0.321365 0.285664 0.430922
v -0.313621 0.237514 0.464972
v -0.322304 0.259437 0.446226
v 0.241565 0.300483 0.481125
v 0.156348 0.358027 0.478431
v 0.147642 0.332596 0.497558
v 0.148322 0.306809 0.511725
v 0.171631 0.377240 0.462487
v 0.157828 0.275994 0.524432
v 0.194552 0.387930 0.448032
v 0.174323 0.247117 0.533039
v 0.220974 0.391806 0.428797
v 0.199300 0.225719 0.535180
v 0.249734 0.386940 0.415959
v 0.226296 0.211742 0.531775
v 0.277188 0.372229 0.409478
v 0.254704 0.206203 0.518617
v 0.301602 0.346736 0.409256
v 0.281841 0.211158 0.500756
v 0.317621 0.318270 0.414481
v 0.304382 0.220214 0.481515
v 0.326819 0.285667 0.426796
v 0.319509 0.237516 0.460942
v 0.327952 0.259440 0.442087
v 0.243614 0.298971 0.487610
v 0.193960 0.337685 0.487311
v 0.190584 0.320518 0.498417
v 0.191668 0.304828 0.505759
v 0.203086 0.348768 0.476412
v 0.196219 0.286398 0.513538
v 0.216415 0.355173 0.466576
v 0.205395 0.269412 0.517479
v 0.231609 0.356689 0.457080
v 0.218642 0.257151 0.517669
v 0.247876 0.352658 0.450767
v 0.234180 0.249742 0.513982
v 0.263922 0.345195 0.447682
v 0.250724 0.245823 0.508013
v 0.277164 0.332724 0.447985
v 0.266222 0.248174 0.499538
v 0.287598 0.313159 0.451704
v 0.279613 0.253762 0.489467
v 0.292630 0.292102 0.458370
v 0.288430 0.264267 0.478076
v 0.293558 0.276944 0.467623
vn -0.4554 0.5297 0.7156
vn -0.3987 0.5758 0.7137
vn -0.4313 0.4965 0.7533
vn -0.4058 0.5571 0.7245
vn -0.5231 0.4967 0.6925
vn -0.3818 0.5173 0.7659
vn -0.3891 0.4902 0.7799
vn -0.3598 0.4072 0.8395
vn -0.3275 0.4671 0.8213
vn -0.2700 0.4452 0.8538
vn -0.2563 0.5179 0.8161
vn -0.3752 0.4946 0.7839
vn -0.3654 0.5155 0.7751
vn -0.4561 0.4607 0.7614
vn -0.4606 0.4444 0.7683
vn -0.4837 0.4710 0.7377
vn -0.5190 0.4989 0.6941
vn -0.4627 0.4747 0.7487
vn 0.4645 0.5297 0.7097
vn 0.4409 0.4965 0.7477
vn 0.4078 0.5758 0.7086
vn 0.4150 0.5572 0.7193
vn 0.5319 0.4967 0.6858
vn 0.3915 0.5173 0.7610
vn 0.3990 0.4902 0.7749
vn 0.3705 0.4072 0.8348
vn 0.3379 0.4671 0.8171
vn 0.2808 0.4451 0.8503
vn 0.2667 0.5179 0.8128
vn 0.3852 0.4946 0.7791
vn 0.3752 0.5155 0.7704
vn 0.4658 0.4607 0.7555
vn 0.4703 0.4444 0.7624
vn 0.4931 0.4710 0.7315
vn 0.5278 0.4989 0.6874
vn 0.4722 0.4748 0.7427
vn -0.3870 -0.3870 -0.8369
vn -0.9991 -0.0407 -0.0118
vn -0.3870 -0.3623 -0.8479
vn -0.9998 -0.0193 -0.0046
vn -0.3847 -0.4530 -0.8042
vn -0.5034 0.2757 0.8189
vn -0.9999 -0.0024 -0.0122
vn -0.3770 -0.5337 -0.7570
vn -0.5002 0.3381 0.7972
vn 0.3913 0.3623 0.8460
vn 0.3964 0.2966 0.8689
vn -0.4989 0.4368 0.7485
vn 0.9708 0.0868 0.2237
vn 0.9731 0.0522 0.2245
vn 0.3865 0.4674 0.7951
vn 0.9698 0.1310 0.2057
vn 0.6938 -0.3021 -0.6538
vn 0.6861 -0.2880 -0.6681
vn -0.3871 -0.3623 -0.8479
vn 0.6939 -0.3501 -0.6292
vn -0.3848 -0.4530 -0.8042
vn 0.6946 -0.4128 -0.5892
vn -0.3771 -0.5336 -0.7570
vn 0.9691 0.1546 0.1923
vn 0.6988 -0.4912 -0.5200
vn -0.3498 -0.6465 -0.6780
vn -0.3674 -0.7426 -0.5600
vn 0.3775 0.5503 0.7447
vn 0.9692 0.1800 0.1678
vn 0.6953 -0.5699 -0.4379
vn -0.3652 -0.8187 -0.4431
vn 0.6959 -0.6288 -0.3469
vn -0.3736 -0.8635 -0.3389
vn 0.9680 0.2095 0.1382
vn 0.6889 -0.6718 -0.2724
vn -0.3764 -0.8885 -0.2623
vn 0.9684 0.2261 0.1057
vn 0.3504 0.6612 0.6634
vn 0.3638 0.7562 0.5439
vn 0.9663 0.2450 0.0792
vn -0.5031 0.5087 0.6986
vn 0.6866 -0.6950 -0.2134
vn -0.3776 -0.9091 -0.1758
vn -0.9999 -0.0037 -0.0137
vn -0.9985 -0.0356 -0.0411
vn -0.3497 -0.6466 -0.6780
vn -0.3673 -0.7427 -0.5600
vn -0.5342 0.5944 0.6011
vn -0.9997 -0.0171 -0.0145
vn -0.3651 -0.8188 -0.4431
vn -0.5072 0.6977 0.5060
vn -0.9995 -0.0259 -0.0153
vn -0.5094 0.7630 0.3978
vn -0.9999 -0.0117 -0.0062
vn -0.3763 -0.8886 -0.2623
vn 0.3636 0.8274 0.4280
vn -0.4907 0.8149 0.3084
vn -0.9999 -0.0125 -0.0068
vn 0.3668 0.8714 0.3257
vn 0.9667 0.2498 0.0555
vn -0.4888 0.8402 0.2350
vn 0.3698 0.8960 0.2460
vn 0.9673 0.2517 0.0304
vn -0.4904 0.8577 0.1542
vn -0.9999 -0.0150 -0.0064
vn 0.3727 0.9142 0.1593
vn -0.4934 0.8674 0.0646
vn -0.9998 -0.0175 -0.0049
vn -0.3782 -0.9223 -0.0793
vn 0.3748 0.9249 0.0636
vn -0.9998 -0.0176 -0.0031
vn -0.3794 -0.9250 0.0205
vn -0.4966 0.8676 -0.0281
vn -0.9998 -0.0178 -0.0014
vn -0.3885 -0.9138 0.1187
vn -0.4996 0.8582 -0.1180
vn 0.3773 0.9254 -0.0353
vn 0.9677 0.2520 0.0038
vn 0.3798 0.9157 -0.1313
vn 0.6868 -0.7120 -0.1460
vn -0.3783 -0.9223 -0.0794
vn 0.9677 0.2511 -0.0231
vn 0.6886 -0.7217 -0.0705
vn 0.6921 -0.7218 0.0072
vn -0.3796 -0.9249 0.0205
vn 0.9678 0.2469 -0.0494
vn 0.6948 -0.7144 0.0832
vn -0.3886 -0.9137 0.1187
vn 0.3743 0.9010 -0.2194
vn 0.9662 0.2411 -0.0911
vn 0.6479 -0.7438 0.1641
vn -0.4804 -0.8487 0.2211
vn -0.5660 -0.7898 0.2362
vn 0.6214 -0.7635 0.1760
vn 0.9680 0.2224 -0.1164
vn 0.3834 0.8856 -0.2620
vn -0.4897 0.8483 -0.2016
vn -0.5035 0.8450 -0.1802
vn -0.9993 0.0365 0.0103
vn -0.9946 0.1026 0.0141
vn -0.4803 -0.8488 0.2212
vn -0.5660 -0.7898 0.2363
vn 0.5895 -0.7595 -0.2750
vn -0.4410 -0.7909 0.4242
vn 0.2368 -0.9417 0.2388
vn -0.2816 -0.8925 -0.3523
vn -0.8750 -0.4431 0.1952
vn -0.1354 -0.9529 -0.2715
vn 0.5992 -0.7091 -0.3717
vn -0.9197 -0.3850 0.0766
vn -0.9350 0.0255 0.3537
vn -0.8291 -0.5205 0.2041
vn -0.1457 -0.9746 -0.1701
vn 0.5960 -0.7107 -0.3737
vn -0.9366 0.0374 0.3483
vn -0.7903 0.2479 0.5604
vn -0.1196 -0.9909 -0.0623
vn 0.6007 -0.7507 -0.2749
vn -0.6860 0.3242 0.6513
vn -0.5373 0.4148 0.7343
vn -0.8880 0.0288 0.4589
vn -0.3116 0.4170 0.8538
vn -0.3387 0.3359 0.8789
vn -0.7446 -0.5852 0.3210
vn -0.0418 0.1762 0.9835
vn -0.1764 0.0352 0.9837
vn -0.1701 0.4854 0.8576
vn -0.6470 0.3786 0.6619
vn 0.0698 -0.0053 0.9975
vn -0.2497 -0.0307 0.9678
vn -0.3158 -0.0986 0.9437
vn 0.3101 0.3590 0.8803
vn 0.3988 -0.1861 0.8979
vn -0.4666 -0.2130 0.8584
vn 0.8274 -0.0186 0.5613
vn 0.2854 -0.5384 0.7929
vn 0.2369 -0.9418 0.2387
vn 0.5896 -0.7595 -0.2750
vn 0.9226 -0.3707 -0.1069
vn 0.5961 -0.7107 -0.3737
vn 0.9395 -0.2374 -0.2469
vn 0.6008 -0.7506 -0.2749
vn 0.9897 -0.0077 0.1430
vn 0.9349 -0.2722 -0.2277
vn 0.6195 -0.7808 -0.0810
vn 0.9989 0.0172 0.0442
vn 0.5875 0.4142 0.6952
vn 0.7121 0.3545 0.6060
vn -0.0403 0.4889 0.8714
vn -0.0019 0.4292 0.9032
vn -0.6016 0.2799 0.7482
vn -0.8316 -0.0877 0.5484
vn -0.5440 0.1151 0.8311
vn -0.6066 -0.6946 0.3867
vn -0.7184 -0.2990 0.6281
vn -0.3394 -0.0573 0.9389
vn 0.0489 -0.9886 0.1425
vn 0.6194 -0.7809 -0.0810
vn -0.3620 -0.8031 0.4733
vn 0.2297 -0.9122 0.3393
vn 0.5480 -0.8230 0.1495
vn -0.4778 -0.4934 0.7268
vn -0.0141 -0.8444 0.5356
vn -0.1148 -0.6613 0.7412
vn 0.3707 -0.8153 0.4447
vn 0.4447 -0.8129 0.3760
vn 0.2641 -0.7870 0.5576
vn 0.3749 -0.7235 0.5797
vn 0.2064 -0.6871 0.6966
vn -0.0272 -0.3314 0.9431
vn 0.2387 -0.5797 0.7791
vn 0.1296 0.2635 0.9559
vn 0.2994 -0.0636 0.9520
vn 0.3741 -0.4713 0.7987
vn 0.7651 -0.0457 0.6422
vn 0.7564 0.2295 0.6125
vn 0.5966 -0.4150 0.6869
vn 0.9990 -0.0146 0.0423
vn 0.9515 -0.2190 0.2159
vn 0.8933 -0.4215 -0.1564
vn 0.5482 -0.8229 0.1494
vn 0.7556 -0.6542 0.0323
vn 0.4448 -0.8129 0.3760
vn 0.7073 -0.5460 0.4489
vn 0.5944 -0.7329 0.3310
vn -0.2337 -0.9417 0.2418
vn 0.4464 -0.7909 0.4186
vn -0.5929 -0.7595 -0.2675
vn 0.2771 -0.8925 -0.3558
vn 0.8774 -0.4431 0.1840
vn 0.1319 -0.9529 -0.2732
vn -0.6038 -0.7092 -0.3640
vn 0.9206 -0.3850 0.0649
vn 0.9394 0.0255 0.3418
vn 0.8317 -0.5205 0.1935
vn 0.1435 -0.9746 -0.1719
vn -0.6007 -0.7107 -0.3662
vn 0.9410 0.0374 0.3364
vn 0.7973 0.2479 0.5503
vn 0.1188 -0.9909 -0.0638
vn -0.6042 -0.7507 -0.2672
vn 0.6943 0.3242 0.6425
vn 0.5466 0.4148 0.7274
vn 0.8938 0.0288 0.4476
vn 0.3224 0.4170 0.8498
vn 0.3499 0.3359 0.8745
vn 0.7486 -0.5853 0.3115
vn 0.0543 0.1762 0.9829
vn 0.1889 0.0352 0.9814
vn 0.1810 0.4854 0.8553
vn 0.6554 0.3786 0.6536
vn 0.8386 -0.0877 0.5377
vn 0.6115 -0.6946 0.3789
vn -0.0470 -0.9886 0.1431
vn -0.6203 -0.7809 -0.0731
vn 0.6111 0.2799 0.7404
vn -0.2254 -0.9122 0.3422
vn -0.5461 -0.8230 0.1564
vn 0.3680 -0.8031 0.4687
vn 0.7263 -0.2990 0.6189
vn 0.5545 0.1151 0.8242
vn 0.4871 -0.4934 0.7206
vn 0.3513 -0.0573 0.9345
vn 0.0134 0.4292 0.9031
vn 0.0209 -0.8444 0.5353
vn 0.1243 -0.6613 0.7397
vn -0.2570 -0.7870 0.5609
vn -0.1975 -0.6872 0.6991
vn 0.0392 -0.3314 0.9427
vn -0.3650 -0.8154 0.4494
vn -0.4399 -0.8129 0.3817
vn -0.3675 -0.7235 0.5844
vn -0.2287 -0.5797 0.7821
vn -0.1174 0.2635 0.9575
vn -0.2873 -0.0636 0.9557
vn -0.3639 -0.4713 0.8034
vn -0.7569 -0.0457 0.6519
vn -0.5878 -0.4150 0.6945
vn -0.7015 -0.5461 0.4578
vn -0.5902 -0.7329 0.3385
vn -0.4400 -0.8129 0.3817
vn -0.9487 -0.2190 0.2281
vn -0.7551 -0.6543 0.0419
vn -0.5462 -0.8229 0.1564
vn -0.8952 -0.4215 -0.1450
vn -0.6205 -0.7808 -0.0731
vn -0.9984 -0.0146 0.0550
vn -0.9377 -0.2723 -0.2158
vn -0.7486 0.2295 0.6221
vn -0.9982 0.0172 0.0569
vn -0.9426 -0.2374 -0.2350
vn -0.6008 -0.7106 -0.3661
vn -0.7044 0.3544 0.6150
vn -0.9878 -0.0077 0.1556
vn -0.9239 -0.3707 -0.0951
vn -0.6039 -0.7091 -0.3640
vn -0.5930 -0.7595 -0.2675
vn -0.5786 0.4142 0.7026
vn -0.8202 -0.0186 0.5718
vn -0.2753 -0.5384 0.7964
vn -0.2338 -0.9418 0.2417
vn 0.4775 -0.2130 0.8524
vn -0.3874 -0.1861 0.9029
vn 0.3277 -0.0986 0.9396
vn -0.0571 -0.0053 0.9984
vn 0.2620 -0.0307 0.9646
vn -0.2989 0.3590 0.8842
vn 0.0514 0.4889 0.8708
vn 0.0012 0.9323 0.3617
vn 0.0003 0.9993 0.0371
vn 0.2649 0.9555 0.1299
vn -0.0438 0.9294 0.3666
vn 0.0036 0.8010 0.5987
vn 0.0121 0.7892 0.6140
vn -0.0848 0.7804 0.6195
vn -0.1470 0.6890 0.7097
vn 0.0044 0.7176 0.6965
vn 0.0052 0.5749 0.8182
vn 0.3306 0.6088 0.7212
vn 0.6707 0.6718 0.3145
vn -0.2064 0.5876 0.7824
vn 0.3572 0.6160 0.7021
vn 0.7912 0.4494 0.4147
vn 0.7038 0.5847 0.4034
vn -0.2723 0.6596 0.7006
vn -0.2076 0.7474 0.6311
vn -0.4957 0.6349 0.5926
vn -0.4524 0.5882 0.6704
vn -0.4026 0.5415 0.7380
vn -0.7850 0.5380 0.3072
vn -0.2902 0.6117 0.7359
vn -0.7972 0.4976 0.3419
vn -0.8145 0.4251 0.3948
vn -0.1884 0.6943 0.6946
vn -0.9056 0.4154 -0.0861
vn 0.2732 0.6532 0.7062
vn -0.7769 0.4624 0.4273
vn 0.2454 0.7595 0.6024
vn 0.5764 0.7418 0.3428
vn -0.9319 0.3561 -0.0685
vn -0.6693 0.6303 0.3933
vn -0.8994 0.4303 -0.0770
vn -0.1522 0.7783 0.6092
vn -0.5256 0.7758 0.3490
vn -0.8397 0.5391 -0.0650
vn -0.1008 0.8858 0.4530
vn -0.3800 0.8838 0.2730
vn -0.7019 0.7113 -0.0378
vn 0.1936 0.8775 0.4388
vn 0.4288 0.8686 0.2482
vn 0.2956 0.9406 0.1670
vn 0.1551 0.9465 0.2831
vn 0.0562 0.9984 0.0049
vn -0.0375 0.9547 0.2953
vn -0.2108 0.9584 0.1926
vn -0.3143 0.9493 -0.0041
vn -0.5224 0.8524 -0.0230
vn -0.4499 0.8386 -0.3073
vn -0.6072 0.6776 -0.4148
vn -0.2657 0.9443 -0.1943
vn -0.7142 0.5059 -0.4837
vn -0.2304 0.7236 -0.6507
vn -0.7540 0.4184 -0.5063
vn -0.3157 0.5454 -0.7764
vn -0.3516 0.4377 -0.8276
vn -0.7959 0.3411 -0.5002
vn -0.4030 0.3739 -0.8353
vn -0.7729 0.4276 -0.4688
vn -0.8747 0.4785 -0.0774
vn -0.7597 0.5050 -0.4097
vn -0.8753 0.4777 -0.0755
vn -0.4427 0.5134 -0.7351
vn -0.8171 0.4922 0.3003
vn -0.5158 0.5791 -0.6313
vn -0.7749 0.4953 -0.3927
vn -0.9163 0.3960 -0.0602
vn -0.5366 0.6185 0.5740
vn -0.3279 0.5595 0.7612
vn -0.5887 0.5391 0.6023
vn -0.8675 0.3809 0.3199
vn -0.3762 0.4183 0.8267
vn -0.6495 0.4210 0.6331
vn -0.2023 0.5233 0.8278
vn -0.0730 0.5348 0.8418
vn 0.0054 0.5302 0.8479
vn -0.0537 0.3189 0.9463
vn 0.0060 0.3524 0.9358
vn 0.0057 -0.4228 0.9062
vn -0.1900 -0.3871 0.9023
vn 0.0056 -0.4746 0.8802
vn -0.1255 0.2161 0.9683
vn -0.2840 -0.4432 0.8502
vn -0.1934 -0.4828 0.8541
vn 0.0572 0.5476 0.8348
vn 0.0050 0.6123 0.7906
vn -0.3089 -0.4783 0.8221
vn 0.2515 0.9502 0.1839
vn 0.0009 0.9905 0.1377
vn 0.1317 0.4086 0.9031
vn 0.1642 0.9037 0.3955
vn 0.0022 0.9380 0.3466
vn 0.0050 0.6119 0.7909
vn -0.0476 0.5613 0.8262
vn 0.0059 0.3457 0.9383
vn 0.4647 0.8140 0.3486
vn -0.1664 0.3387 0.9261
vn 0.0062 0.2131 0.9770
vn 0.0626 0.5648 0.8229
vn 0.5295 0.8105 0.2504
vn 0.6520 0.5492 0.5227
vn 0.7479 0.5376 0.3894
vn 0.0559 0.5211 0.8517
vn 0.7444 0.0934 0.6611
vn 0.6627 -0.0373 0.7480
vn 0.0108 -0.5033 0.8640
vn 0.3104 -0.2937 0.9041
vn -0.1243 -0.3387 0.9327
vn 0.0868 0.3539 0.9313
vn -0.1324 0.3574 0.9245
vn -0.0645 0.3192 0.9455
vn -0.2279 0.4040 0.8859
vn -0.2243 0.2063 0.9524
vn -0.3551 0.2506 0.9006
vn -0.2479 0.0305 0.9683
vn 0.0063 0.0249 0.9997
vn -0.2498 -0.0307 0.9678
vn -0.1764 0.0353 0.9837
vn -0.4422 -0.0584 0.8950
vn -0.3159 -0.0986 0.9437
vn -0.6872 0.3612 0.6303
vn -0.9184 0.2440 0.3116
vn -0.9580 0.0511 0.2820
vn -0.9742 0.2196 -0.0527
vn -0.9982 0.0101 -0.0587
vn -0.9308 -0.2352 0.2799
vn -0.8749 -0.4431 0.1954
vn -0.9736 -0.2175 -0.0696
vn -0.8103 0.4318 -0.3961
vn -0.8682 0.2336 -0.4378
vn -0.5487 0.5505 -0.6291
vn -0.5937 0.4327 -0.6785
vn -0.8844 0.0022 -0.4667
vn -0.6294 0.2247 -0.7439
vn -0.3018 0.4502 -0.8404
vn -0.3386 0.2243 -0.9138
vn -0.6509 0.0106 -0.7591
vn -0.8617 -0.2104 -0.4617
vn -0.6371 -0.2529 -0.7281
vn -0.3598 0.0201 -0.9328
vn -0.0062 0.2636 -0.9646
vn -0.0065 0.0755 -0.9971
vn -0.0057 0.4586 -0.8886
vn -0.3933 -0.2018 -0.8970
vn -0.0063 -0.1886 -0.9820
vn -0.2453 0.5993 -0.7620
vn -0.0051 0.6104 -0.7920
vn -0.1777 0.6754 -0.7157
vn -0.0044 0.7168 -0.6973
vn 0.0306 0.6320 -0.7744
vn -0.0033 0.8572 -0.5150
vn 0.4319 0.8016 -0.4135
vn -0.0014 0.9734 -0.2293
vn 0.2367 0.3764 -0.8957
vn 0.7192 0.4678 -0.5137
vn 0.5250 0.8434 -0.1145
vn -0.0010 0.9884 -0.1519
vn 0.0003 0.9993 0.0370
vn 0.2649 0.9555 0.1298
vn 0.8501 0.5238 -0.0551
vn 0.6707 0.6718 0.3144
vn 0.7913 0.4494 0.4147
vn 0.7603 0.4087 -0.5049
vn 0.9299 0.3663 -0.0343
vn 0.7039 0.5847 0.4033
vn 0.2609 0.4494 -0.8544
vn 0.6819 0.5519 -0.4800
vn 0.8622 0.5060 -0.0221
vn 0.5765 0.7418 0.3427
vn 0.2341 0.5699 -0.7876
vn 0.5652 0.7255 -0.3928
vn 0.7238 0.6898 -0.0180
vn 0.4288 0.8686 0.2481
vn 0.2221 0.7168 -0.6609
vn 0.4249 0.8619 -0.2767
vn 0.5374 0.8432 -0.0139
vn 0.3691 0.9293 -0.0101
vn 0.2957 0.9406 0.1669
vn 0.3061 0.9357 -0.1755
vn 0.1549 0.9419 -0.2982
vn 0.1831 0.8609 -0.4748
vn -0.0617 0.9498 -0.3069
vn -0.1540 0.8634 -0.4805
vn 0.0002 0.9993 0.0371
vn -0.2630 0.9556 0.1330
vn 0.0479 0.9293 0.3662
vn -0.0041 0.7892 0.6141
vn 0.0928 0.7803 0.6185
vn 0.1560 0.6890 0.7078
vn 0.0045 0.7176 0.6965
vn 0.0054 0.5749 0.8182
vn -0.3214 0.6088 0.7253
vn -0.6666 0.6718 0.3230
vn 0.2164 0.5876 0.7797
vn -0.3482 0.6160 0.7066
vn -0.7858 0.4494 0.4248
vn -0.6987 0.5847 0.4123
vn 0.2812 0.6596 0.6971
vn 0.2156 0.7474 0.6284
vn 0.5032 0.6349 0.5863
vn 0.4609 0.5882 0.6646
vn 0.4119 0.5415 0.7328
vn 0.7888 0.5380 0.2972
vn 0.2996 0.6117 0.7322
vn 0.8015 0.4976 0.3317
vn 0.8194 0.4251 0.3844
vn 0.5439 0.6185 0.5671
vn 0.8736 0.4785 -0.0885
vn 0.3376 0.5595 0.7569
vn 0.8208 0.4922 0.2899
vn 0.5963 0.5391 0.5948
vn 0.8743 0.4777 -0.0867
vn 0.8715 0.3809 0.3088
vn 0.9044 0.4154 -0.0977
vn 0.9154 0.3960 -0.0718
vn 0.9310 0.3561 -0.0804
vn 0.7698 0.4953 -0.4025
vn 0.7823 0.4624 0.4174
vn 0.7544 0.5050 -0.4193
vn 0.6743 0.6303 0.3847
vn 0.7669 0.4276 -0.4786
vn 0.1972 0.6943 0.6921
vn 0.7895 0.3411 -0.5103
vn -0.2642 0.6531 0.7096
vn 0.7475 0.4184 -0.5159
vn -0.2378 0.7595 0.6055
vn -0.5720 0.7418 0.3501
vn 0.1600 0.7783 0.6072
vn 0.5300 0.7758 0.3423
vn 0.1065 0.8858 0.4517
vn -0.1880 0.8775 0.4412
vn -0.4256 0.8686 0.2537
vn -0.2935 0.9406 0.1707
vn -0.1515 0.9465 0.2850
vn -0.0561 0.9984 0.0056
vn 0.0413 0.9547 0.2948
vn 0.2132 0.9584 0.1899
vn 0.3834 0.8838 0.2682
vn 0.3142 0.9493 -0.0081
vn 0.7013 0.7113 -0.0468
vn 0.5221 0.8524 -0.0297
vn 0.8388 0.5391 -0.0757
vn 0.6019 0.6776 -0.4225
vn 0.4459 0.8386 -0.3130
vn 0.8984 0.4303 -0.0885
vn 0.7080 0.5059 -0.4927
vn 0.3410 0.4377 -0.8320
vn 0.3058 0.5455 -0.7804
vn 0.2221 0.7236 -0.6535
vn 0.3924 0.3739 -0.8404
vn -0.2718 0.4494 -0.8510
vn 0.4333 0.5134 -0.7407
vn -0.2481 0.3764 -0.8926
vn 0.5078 0.5791 -0.6379
vn -0.0405 0.6320 -0.7739
vn 0.1686 0.6754 -0.7179
vn 0.5407 0.5505 -0.6361
vn 0.2356 0.5993 -0.7651
vn -0.0050 0.6104 -0.7920
vn -0.0056 0.4586 -0.8886
vn 0.2911 0.4502 -0.8442
vn -0.0060 0.2636 -0.9646
vn -0.4372 0.8015 -0.4079
vn -0.0015 0.9734 -0.2293
vn -0.7257 0.4678 -0.5045
vn -0.5264 0.8434 -0.1078
vn -0.0011 0.9884 -0.1519
vn -0.2630 0.9556 0.1329
vn -0.8507 0.5238 -0.0443
vn -0.6667 0.6718 0.3228
vn -0.7859 0.4494 0.4247
vn -0.7666 0.4087 -0.4952
vn -0.9302 0.3663 -0.0224
vn -0.6987 0.5847 0.4122
vn -0.6880 0.5519 -0.4713
vn -0.8624 0.5060 -0.0112
vn -0.5721 0.7418 0.3499
vn -0.2441 0.5699 -0.7846
vn -0.5701 0.7255 -0.3855
vn -0.7240 0.6898 -0.0088
vn -0.4256 0.8686 0.2536
vn -0.2305 0.7168 -0.6581
vn -0.4284 0.8619 -0.2712
vn -0.5375 0.8432 -0.0070
vn -0.3692 0.9293 -0.0054
vn -0.3083 0.9357 -0.1716
vn -0.1892 0.8609 -0.4724
vn 0.1479 0.8633 -0.4824
vn -0.1587 0.9419 -0.2962
vn 0.0577 0.9498 -0.3076
vn 0.2632 0.9443 -0.1977
vn -0.2387 -0.0609 0.9692
vn 0.0063 -0.0827 0.9966
vn -0.2077 -0.2643 0.9418
vn 0.0061 -0.2825 0.9592
vn -0.4188 -0.2422 0.8752
vn -0.1235 -0.5368 0.8346
vn 0.0053 -0.5510 0.8345
vn -0.5413 -0.3552 0.7621
vn 0.2368 -0.9418 0.2388
vn -0.3678 -0.5128 0.7757
vn -0.6275 -0.4783 0.6143
vn -0.4410 -0.7910 0.4240
vn -0.1063 -0.7487 0.6543
vn 0.0042 -0.7478 0.6639
vn -0.2995 -0.7630 0.5729
vn -0.0788 -0.9425 0.3248
vn 0.0021 -0.9412 0.3379
vn -0.5051 -0.7631 0.4032
vn -0.1862 -0.9482 0.2575
vn -0.0663 -0.9884 0.1369
vn 0.0009 -0.9898 0.1424
vn -0.2826 -0.9447 0.1660
vn -0.0310 -0.9966 0.0758
vn 0.0005 -0.9973 0.0728
vn 0.0001 -0.9997 0.0248
vn -0.1226 -0.9853 0.1194
vn -0.0594 -0.9954 0.0747
vn -0.0984 -0.9929 0.0668
vn -0.1878 -0.9773 0.0979
vn -0.1289 -0.9905 0.0486
vn -0.5542 -0.8140 0.1742
vn -0.3688 -0.9258 0.0834
vn -0.2421 -0.9681 0.0643
vn -0.7763 -0.5747 0.2589
vn -0.5943 -0.8037 -0.0300
vn -0.8357 -0.5470 -0.0487
vn -0.4221 -0.9064 -0.0119
vn -0.7730 -0.5072 -0.3811
vn -0.5748 -0.7876 -0.2220
vn -0.5977 -0.4631 -0.6545
vn -0.5012 -0.7062 -0.5001
vn -0.3789 -0.4668 -0.7991
vn -0.0055 -0.5072 -0.8618
vn -0.2906 -0.7235 -0.6261
vn -0.0042 -0.7560 -0.6545
vn -0.0028 -0.9013 -0.4331
vn -0.1990 -0.8925 -0.4048
vn -0.0014 -0.9768 -0.2141
vn -0.3501 -0.8971 -0.2694
vn -0.1203 -0.9730 -0.1970
vn -0.0595 -0.9961 -0.0655
vn -0.0005 -0.9973 -0.0737
vn -0.2261 -0.9650 -0.1331
vn -0.4178 -0.9002 -0.1226
vn -0.1125 -0.9930 -0.0355
vn -0.2814 -0.9577 -0.0595
vn -0.1402 -0.9901 -0.0032
vn -0.2840 -0.9587 0.0175
vn -0.1428 -0.9894 0.0251
vn 0.0320 -0.9966 0.0754
vn 0.0002 -0.9997 0.0248
vn 0.0681 -0.9884 0.1360
vn 0.0022 -0.9412 0.3379
vn 0.0603 -0.9954 0.0739
vn 0.0829 -0.9425 0.3238
vn 0.0043 -0.7478 0.6639
vn 0.1241 -0.9853 0.1178
vn 0.1147 -0.7487 0.6529
vn 0.1895 -0.9482 0.2551
vn 0.3068 -0.7630 0.5690
vn 0.1342 -0.5368 0.8329
vn 0.5102 -0.7631 0.3967
vn 0.2197 -0.2643 0.9391
vn 0.0064 -0.0827 0.9966
vn 0.3777 -0.5128 0.7710
vn 0.2510 -0.0608 0.9661
vn 0.0065 0.0249 0.9997
vn 0.4299 -0.2422 0.8698
vn 0.2603 0.0305 0.9651
vn 0.0064 0.2131 0.9770
vn 0.4536 -0.0583 0.8893
vn 0.5510 -0.3552 0.7551
vn 0.3278 -0.0986 0.9396
vn -0.2338 -0.9417 0.2419
vn 0.2621 -0.0307 0.9645
vn 0.6353 -0.4783 0.6063
vn 0.4463 -0.7910 0.4185
vn 0.8774 -0.4431 0.1841
vn 0.2364 0.2063 0.9495
vn 0.7796 -0.5747 0.2490
vn 0.1781 0.3387 0.9239
vn 0.0060 0.3457 0.9383
vn 0.9343 -0.2352 0.2680
vn 0.5563 -0.8140 0.1671
vn 0.9616 0.0511 0.2698
vn 0.2847 -0.9447 0.1624
vn 0.3698 -0.9258 0.0787
vn 0.1890 -0.9773 0.0955
vn 0.0992 -0.9929 0.0655
vn 0.1295 -0.9905 0.0470
vn 0.2429 -0.9681 0.0612
vn 0.1431 -0.9894 0.0233
vn 0.5939 -0.8036 -0.0376
vn 0.4220 -0.9064 -0.0172
vn 0.2842 -0.9587 0.0138
vn 0.1402 -0.9901 -0.0050
vn 0.2806 -0.9577 -0.0631
vn 0.1121 -0.9930 -0.0370
vn 0.0586 -0.9961 -0.0663
vn -0.0013 -0.9768 -0.2141
vn 0.2244 -0.9650 -0.1360
vn 0.4162 -0.9002 -0.1279
vn 0.1178 -0.9730 -0.1985
vn 0.3466 -0.8971 -0.2738
vn 0.1939 -0.8925 -0.4074
vn -0.0027 -0.9013 -0.4331
vn 0.5719 -0.7876 -0.2293
vn 0.2826 -0.7235 -0.6298
vn -0.0041 -0.7560 -0.6545
vn -0.0053 -0.5072 -0.8618
vn 0.4948 -0.7062 -0.5064
vn 0.3687 -0.4668 -0.8038
vn -0.0062 -0.1886 -0.9820
vn 0.7681 -0.5071 -0.3909
vn 0.3819 -0.2018 -0.9019
vn -0.0062 0.0755 -0.9971
vn 0.5893 -0.4631 -0.6620
vn 0.3479 0.0201 -0.9373
vn 0.6278 -0.2529 -0.7362
vn 0.3270 0.2243 -0.9180
vn 0.6412 0.0106 -0.7673
vn 0.8558 -0.2104 -0.4726
vn 0.8784 0.0022 -0.4779
vn 0.6199 0.2247 -0.7519
vn 0.5850 0.4327 -0.6860
vn 0.8626 0.2336 -0.4488
vn 0.8052 0.4318 -0.4064
vn 0.9734 0.2196 -0.0651
vn 0.9974 0.0101 -0.0714
vn 0.9222 0.2440 0.2999
vn 0.9726 -0.2175 -0.0819
vn 0.6951 0.3612 0.6215
vn 0.8350 -0.5470 -0.0594
vn 0.3665 0.2506 0.8960
vn 0.1889 0.0353 0.9814
vn 0.6575 0.4210 0.6248
vn 0.3867 0.4183 0.8219
vn 0.2391 0.4040 0.8830
vn 0.2129 0.5233 0.8251
vn -0.0521 0.5648 0.8236
vn 0.0837 0.5348 0.8408
vn -0.0749 0.3539 0.9323
vn 0.0657 0.3189 0.9455
vn 0.0058 -0.4228 0.9062
vn 0.0766 0.3192 0.9446
vn 0.2015 -0.3871 0.8998
vn 0.1378 0.2161 0.9666
vn 0.2948 -0.4433 0.8465
vn 0.1441 0.3574 0.9227
vn 0.1361 -0.3386 0.9310
vn -0.2989 -0.2938 0.9080
vn 0.2043 -0.4828 0.8516
vn 0.3194 -0.4783 0.8181
vn -0.0466 0.5476 0.8354
vn -0.1202 0.4086 0.9047
vn 0.0002 -0.5033 0.8641
vn -0.6531 -0.0373 0.7563
vn -0.2491 0.9502 0.1870
vn -0.7429 0.5376 0.3989
vn -0.7359 0.0934 0.6706
vn -0.5263 0.8105 0.2572
vn -0.0451 0.5210 0.8523
vn -0.6453 0.5492 0.5310
vn -0.4601 0.8140 0.3546
vn 0.0581 0.5613 0.8256
vn 0.0051 0.6119 0.7909
vn -0.1591 0.9037 0.3976
vn -0.8157 -0.5679 -0.1103
vn -0.3454 -0.9385 -0.0036
vn -0.5141 -0.8398 0.1744
vn -0.0528 -0.9004 0.4319
vn -0.5328 -0.7418 -0.4073
vn -0.9150 -0.1456 -0.3763
vn -0.1009 -0.9916 -0.0813
vn -0.5916 -0.3532 -0.7247
vn -0.1211 -0.8352 -0.5364
vn -0.4940 0.1381 -0.8584
vn -0.7740 0.3183 -0.5474
vn -0.4331 0.6944 -0.5747
vn -0.1117 -0.4664 -0.8775
vn -0.2652 0.5898 -0.7627
vn 0.0539 0.8959 -0.4409
vn -0.0717 0.0385 -0.9967
vn -0.0124 0.5319 -0.8467
vn 0.2567 0.5368 -0.8037
vn 0.4685 0.6030 -0.6457
vn 0.3772 0.0469 -0.9249
vn 0.3962 -0.4564 -0.7967
vn 0.5652 0.7119 -0.4170
vn 0.5221 0.8339 -0.1789
vn 0.8931 0.3491 -0.2837
vn 0.8217 0.5591 0.1109
vn 0.7309 0.1612 -0.6632
vn 0.9913 -0.1082 -0.0750
vn 0.9162 0.1381 0.3763
vn 0.7999 -0.3258 -0.5040
vn 0.8311 -0.5354 0.1504
vn 0.7731 -0.3242 0.5451
vn 0.4308 -0.7011 0.5682
vn 0.6601 -0.7185 -0.2191
vn 0.3123 -0.8267 -0.4680
vn 0.1562 -0.9869 -0.0408
vn 0.3626 -0.9256 0.1082
vn 0.4645 -0.8218 0.3301
vn 0.8216 0.5592 0.1110
vn 0.5220 0.8340 -0.1788
vn 0.3533 0.9355 0.0033
vn 0.0539 0.8960 -0.4408
vn 0.5395 0.7336 0.4132
vn 0.9161 0.1382 0.3764
vn 0.1038 0.9910 0.0840
vn 0.5938 0.3460 0.7265
vn 0.1233 0.8285 0.5463
vn 0.4949 -0.1418 0.8573
vn 0.7731 -0.3241 0.5452
vn 0.1125 0.4593 0.8811
vn 0.2653 -0.5958 0.7581
vn 0.0720 -0.0410 0.9966
vn 0.0124 -0.5373 0.8433
vn -0.2569 -0.5424 0.7998
vn -0.4670 -0.6095 0.6407
vn -0.3783 -0.0502 0.9243
vn -0.3983 0.4488 0.8000
vn -0.5606 -0.7190 0.4109
vn -0.5141 -0.8398 0.1745
vn -0.8907 -0.3567 0.2817
vn -0.8157 -0.5679 -0.1101
vn -0.7312 -0.1664 0.6616
vn -0.9922 0.1002 0.0743
vn -0.9151 -0.1455 -0.3762
vn -0.7741 0.3184 -0.5472
vn -0.8025 0.3176 0.5050
vn -0.8359 0.5274 -0.1522
vn -0.4331 0.6944 -0.5746
vn -0.6678 0.7104 0.2221
vn -0.3173 0.8199 0.4765
vn -0.1603 0.9862 0.0421
vn -0.3701 0.9223 -0.1113
vn -0.4704 0.8156 -0.3369
vn -0.3372 0.4408 0.8318
vn -0.3516 0.4704 0.8094
vn -0.4044 0.4298 0.8073
vn -0.3301 0.4261 0.8423
vn -0.3555 0.4773 0.8036
vn -0.3397 0.4128 0.8451
vn -0.3855 0.4836 0.7858
vn -0.3464 0.3939 0.8514
vn -0.4125 0.4909 0.7674
vn -0.3571 0.3878 0.8498
vn -0.3914 0.4964 0.7749
vn -0.3756 0.3769 0.8466
vn -0.3948 0.4895 0.7775
vn -0.3856 0.3748 0.8431
vn -0.4487 0.4463 0.7742
vn -0.4127 0.3813 0.8272
vn -0.4935 0.3903 0.7772
vn -0.4571 0.4043 0.7922
vn -0.4977 0.4221 0.7577
vn -0.4803 0.4235 0.7681
vn -0.4863 0.4503 0.7488
vn -0.4105 0.4510 0.7925
vn -0.2982 0.4835 0.8230
vn -0.2890 0.4820 0.8271
vn -0.2948 0.4540 0.8408
vn -0.2837 0.4702 0.8357
vn -0.2986 0.4363 0.8488
vn -0.3690 0.4987 0.7843
vn -0.2970 0.4352 0.8499
vn -0.4261 0.5195 0.7407
vn -0.3050 0.4322 0.8486
vn -0.4242 0.5159 0.7443
vn -0.3785 0.4052 0.8322
vn -0.4639 0.4937 0.7356
vn -0.4429 0.3832 0.8105
vn -0.5080 0.4549 0.7314
vn -0.4690 0.3889 0.7930
vn -0.5266 0.4302 0.7332
vn -0.5049 0.4064 0.7615
vn -0.5273 0.4347 0.7301
vn -0.5212 0.4209 0.7424
vn -0.5247 0.4336 0.7326
vn 0.4206 0.4510 0.7872
vn 0.2995 0.4820 0.8234
vn 0.3086 0.4835 0.8191
vn 0.3055 0.4541 0.8370
vn 0.2943 0.4702 0.8321
vn 0.3094 0.4363 0.8449
vn 0.3790 0.4987 0.7795
vn 0.3078 0.4352 0.8461
vn 0.4355 0.5195 0.7352
vn 0.3158 0.4322 0.8447
vn 0.4336 0.5159 0.7388
vn 0.3891 0.4052 0.8273
vn 0.4732 0.4937 0.7296
vn 0.4532 0.3832 0.8048
vn 0.5173 0.4549 0.7249
vn 0.4790 0.3889 0.7869
vn 0.5359 0.4302 0.7264
vn 0.5146 0.4064 0.7550
vn 0.5365 0.4347 0.7234
vn 0.5306 0.4209 0.7357
vn 0.5340 0.4336 0.7258
vn 0.4147 0.4298 0.8021
vn 0.3619 0.4704 0.8048
vn 0.3478 0.4408 0.8275
vn 0.3408 0.4261 0.8380
vn 0.3657 0.4773 0.7990
vn 0.3504 0.4128 0.8407
vn 0.3955 0.4836 0.7808
vn 0.3573 0.3939 0.8469
vn 0.4222 0.4909 0.7621
vn 0.3679 0.3878 0.8452
vn 0.4012 0.4964 0.7698
vn 0.3864 0.3769 0.8418
vn 0.4047 0.4895 0.7725
vn 0.3962 0.3748 0.8382
vn 0.4586 0.4463 0.7684
vn 0.4232 0.3814 0.8219
vn 0.5034 0.3903 0.7709
vn 0.4672 0.4043 0.7863
vn 0.5073 0.4221 0.7513
vn 0.4900 0.4234 0.7620
vn 0.4958 0.4503 0.7426
vt 0.094482 0.130371
vt 0.067444 0.119141
vt 0.085449 0.137695
vt 0.078552 0.096191
vt 0.098755 0.118652
vt 0.047913 0.095215
vt 0.057800 0.070312
vt 0.022644 0.053223
vt 0.043243 0.041016
vt 0.019180 0.030762
vt 0.032227 0.017090
vt 0.081421 0.010742
vt 0.069946 0.039062
vt 0.104736 0.038574
vt 0.106384 0.011719
vt 0.138916 0.022461
vt 0.134033 0.034180
vt 0.135742 0.010254
vt 0.937012 0.543701
vt 0.942383 0.578613
vt 0.934082 0.578857
vt 0.944336 0.543701
vt 0.937012 0.505127
vt 0.950684 0.578125
vt 0.944824 0.505127
vt 0.936035 0.465820
vt 0.952148 0.543457
vt 0.957031 0.543457
vt 0.956055 0.578125
vt 0.952148 0.505127
vt 0.962402 0.543945
vt 0.961426 0.578857
vt 0.957520 0.505127
vt 0.962891 0.505371
vt 0.969727 0.544434
vt 0.970215 0.579834
vt 0.978516 0.580078
vt 0.977051 0.544678
vt 0.970703 0.505615
vt 0.978516 0.505859
vt 0.971191 0.465820
vt 0.979492 0.466309
vt 0.962891 0.465820
vt 0.971680 0.426270
vt 0.980469 0.426758
vt 0.981445 0.385742
vt 0.957520 0.465820
vt 0.962891 0.426270
vt 0.972168 0.385254
vt 0.981934 0.344727
vt 0.972168 0.344727
vt 0.981445 0.304199
vt 0.962891 0.385254
vt 0.971680 0.304199
vt 0.982910 0.263672
vt 0.962402 0.344238
vt 0.957520 0.426270
vt 0.957031 0.385254
vt 0.961426 0.303711
vt 0.952148 0.465820
vt 0.972656 0.263672
vt 0.982910 0.223633
vt 0.943848 0.465820
vt 0.942383 0.426758
vt 0.934082 0.426758
vt 0.932617 0.386230
vt 0.951660 0.426758
vt 0.941406 0.385742
vt 0.930176 0.345703
vt 0.950684 0.385254
vt 0.939941 0.345215
vt 0.928711 0.305176
vt 0.949707 0.344727
vt 0.938965 0.304688
vt 0.927246 0.265137
vt 0.956055 0.344238
vt 0.948730 0.303711
vt 0.937988 0.264648
vt 0.955078 0.303711
vt 0.961914 0.263672
vt 0.948242 0.264160
vt 0.955078 0.263672
vt 0.961426 0.223633
vt 0.946777 0.224121
vt 0.936035 0.225098
vt 0.925293 0.225586
vt 0.954102 0.224121
vt 0.944824 0.184570
vt 0.933594 0.185547
vt 0.922363 0.186035
vt 0.952637 0.184082
vt 0.931152 0.145996
vt 0.919434 0.146484
vt 0.942871 0.145020
vt 0.927734 0.106445
vt 0.915527 0.106934
vt 0.940430 0.105957
vt 0.950684 0.144531
vt 0.959961 0.184082
vt 0.948242 0.105469
vt 0.972168 0.223633
vt 0.982910 0.183594
vt 0.958496 0.144043
vt 0.971191 0.183594
vt 0.970215 0.143555
vt 0.981934 0.143066
vt 0.956543 0.104492
vt 0.968750 0.103516
vt 0.980957 0.103027
vt 0.945801 0.066406
vt 0.954590 0.064941
vt 0.966797 0.063477
vt 0.981445 0.062500
vt 0.979004 0.019043
vt 0.962891 0.020508
vt 0.951172 0.021973
vt 0.943359 0.022949
vt 0.935547 0.023438
vt 0.937500 0.066895
vt 0.924805 0.066895
vt 0.923340 0.023926
vt 0.914551 0.066895
vt 0.915039 0.023926
vt 0.806641 0.782715
vt 0.773438 0.805664
vt 0.801758 0.777466
vt 0.739746 0.842407
vt 0.726562 0.849365
vt 0.766113 0.823975
vt 0.816895 0.781494
vt 0.744629 0.842896
vt 0.727051 0.885681
vt 0.770020 0.837891
vt 0.796387 0.814331
vt 0.834473 0.781250
vt 0.752441 0.891724
vt 0.750488 0.932800
vt 0.833984 0.806274
vt 0.854492 0.782593
vt 0.789062 0.925171
vt 0.799316 0.951019
vt 0.782715 0.873657
vt 0.848633 0.931030
vt 0.862305 0.954041
vt 0.801270 0.830566
vt 0.877930 0.932312
vt 0.896484 0.942566
vt 0.855957 0.912048
vt 0.818359 0.903381
vt 0.900391 0.919373
vt 0.911133 0.937683
vt 0.929688 0.912109
vt 0.882812 0.909241
vt 0.917969 0.902710
vt 0.946777 0.888550
vt 0.904297 0.895630
vt 0.942871 0.878784
vt 0.976074 0.865967
vt 0.970703 0.861572
vt 0.936523 0.874146
vt 0.963867 0.859009
vt 0.952148 0.853149
vt 0.930176 0.863403
vt 0.939453 0.845093
vt 0.907227 0.878662
vt 0.923340 0.852051
vt 0.926270 0.836426
vt 0.908691 0.861206
vt 0.889160 0.887817
vt 0.894043 0.865967
vt 0.868164 0.884399
vt 0.877441 0.862305
vt 0.844238 0.873657
vt 0.812988 0.852661
vt 0.860352 0.850220
vt 0.837402 0.818115
vt 0.849609 0.832886
vt 0.878906 0.832275
vt 0.867676 0.802246
vt 0.874512 0.791138
vt 0.868164 0.811768
vt 0.885254 0.809326
vt 0.888184 0.805420
vt 0.874512 0.823853
vt 0.885254 0.814697
vt 0.885742 0.821045
vt 0.892090 0.816650
vt 0.893066 0.815430
vt 0.891602 0.818848
vt 0.895508 0.822998
vt 0.891602 0.821167
vt 0.888184 0.827271
vt 0.893066 0.824097
vt 0.888672 0.840210
vt 0.892090 0.832275
vt 0.895020 0.826172
vt 0.897461 0.834961
vt 0.896484 0.845215
vt 0.897949 0.827148
vt 0.907227 0.845581
vt 0.904297 0.833862
vt 0.916504 0.840942
vt 0.911621 0.828613
vt 0.908691 0.831055
vt 0.902344 0.825195
vt 0.899902 0.827026
vt 0.901367 0.826416
vt 0.604980 0.776001
vt 0.553223 0.811157
vt 0.544434 0.801880
vt 0.579102 0.748047
vt 0.653320 0.742676
vt 0.556152 0.720947
vt 0.623047 0.712646
vt 0.655273 0.686523
vt 0.687500 0.723145
vt 0.725098 0.693604
vt 0.533203 0.735840
vt 0.533691 0.798462
vt 0.682129 0.661133
vt 0.493164 0.760864
vt 0.500000 0.804077
vt 0.464355 0.804932
vt 0.620605 0.656494
vt 0.596680 0.683350
vt 0.541504 0.644531
vt 0.518555 0.675781
vt 0.502441 0.692383
vt 0.474121 0.609131
vt 0.474854 0.721191
vt 0.458984 0.642822
vt 0.450195 0.663086
vt 0.447510 0.743408
vt 0.402100 0.631348
vt 0.461182 0.773071
vt 0.437744 0.694824
vt 0.444824 0.777222
vt 0.444824 0.803833
vt 0.401367 0.647705
vt 0.424072 0.722168
vt 0.398438 0.683105
vt 0.435303 0.752319
vt 0.417480 0.733643
vt 0.395752 0.712158
vt 0.423340 0.759033
vt 0.410156 0.743652
vt 0.394287 0.724609
vt 0.429199 0.778931
vt 0.426758 0.799561
vt 0.407959 0.791382
vt 0.410889 0.778687
vt 0.381592 0.773682
vt 0.407959 0.765869
vt 0.400146 0.755615
vt 0.388916 0.749756
vt 0.392334 0.735596
vt 0.373291 0.735840
vt 0.370605 0.725098
vt 0.376221 0.749512
vt 0.367432 0.713379
vt 0.348877 0.734375
vt 0.359863 0.686035
vt 0.341797 0.724365
vt 0.325195 0.701172
vt 0.353516 0.651367
vt 0.304932 0.666504
vt 0.347900 0.629639
vt 0.406250 0.599121
vt 0.341064 0.598145
vt 0.411133 0.548828
vt 0.292480 0.645020
vt 0.491943 0.559326
vt 0.276611 0.604248
vt 0.327637 0.547607
vt 0.415039 0.484375
vt 0.552246 0.619141
vt 0.642578 0.626953
vt 0.572754 0.582764
vt 0.510254 0.492188
vt 0.691406 0.535156
vt 0.598145 0.506836
vt 0.724609 0.598633
vt 0.744141 0.623779
vt 0.771973 0.642334
vt 0.778320 0.615967
vt 0.789062 0.622070
vt 0.792480 0.615967
vt 0.779785 0.610352
vt 0.796875 0.606201
vt 0.763184 0.607666
vt 0.766602 0.603516
vt 0.783691 0.598877
vt 0.789062 0.585938
vt 0.803711 0.590332
vt 0.771484 0.593750
vt 0.792480 0.571289
vt 0.810547 0.575684
vt 0.775879 0.583740
vt 0.794922 0.558105
vt 0.814453 0.561523
vt 0.817871 0.551270
vt 0.794922 0.549561
vt 0.827637 0.524658
vt 0.772461 0.563232
vt 0.792969 0.524658
vt 0.850098 0.447266
vt 0.769531 0.558594
vt 0.774902 0.572998
vt 0.760742 0.572266
vt 0.767578 0.578857
vt 0.757324 0.568359
vt 0.754395 0.583496
vt 0.763184 0.584717
vt 0.764160 0.589355
vt 0.753418 0.590820
vt 0.756348 0.598877
vt 0.749512 0.584961
vt 0.753906 0.604248
vt 0.748535 0.593262
vt 0.743652 0.548828
vt 0.784668 0.441406
vt 0.712402 0.433105
vt 0.796875 0.398926
vt 0.854492 0.395020
vt 0.718750 0.402832
vt 0.707031 0.418945
vt 0.693359 0.426270
vt 0.723145 0.357422
vt 0.710449 0.360352
vt 0.699707 0.321777
vt 0.614258 0.434082
vt 0.642090 0.423340
vt 0.620117 0.415527
vt 0.526855 0.431152
vt 0.533203 0.398438
vt 0.587891 0.385742
vt 0.416260 0.426758
vt 0.419434 0.398438
vt 0.530762 0.345215
vt 0.572754 0.333008
vt 0.426270 0.346191
vt 0.318604 0.477051
vt 0.312744 0.416992
vt 0.252686 0.552002
vt 0.229858 0.478516
vt 0.310791 0.383301
vt 0.219360 0.404785
vt 0.150513 0.481934
vt 0.135376 0.398926
vt 0.221191 0.364258
vt 0.319580 0.328125
vt 0.236328 0.303223
vt 0.135132 0.340332
vt 0.034943 0.401855
vt 0.036713 0.321289
vt 0.058746 0.503174
vt 0.154541 0.271973
vt 0.063538 0.231445
vt 0.183350 0.569092
vt 0.105530 0.597900
vt 0.214722 0.628418
vt 0.150635 0.662598
vt 0.249390 0.683594
vt 0.197388 0.721924
vt 0.238525 0.748047
vt 0.221802 0.754150
vt 0.268799 0.701416
vt 0.255615 0.753906
vt 0.247681 0.798584
vt 0.239014 0.799927
vt 0.241089 0.842529
vt 0.253662 0.844360
vt 0.255859 0.798950
vt 0.263184 0.846191
vt 0.291504 0.837402
vt 0.282471 0.763184
vt 0.283203 0.799683
vt 0.321533 0.828003
vt 0.297363 0.727783
vt 0.311279 0.770996
vt 0.312256 0.799438
vt 0.336914 0.820923
vt 0.321533 0.744629
vt 0.324463 0.774292
vt 0.326660 0.797974
vt 0.350586 0.811523
vt 0.332275 0.751709
vt 0.337646 0.775879
vt 0.340332 0.794556
vt 0.355957 0.788208
vt 0.363770 0.798218
vt 0.353760 0.776245
vt 0.357178 0.764404
vt 0.343262 0.757812
vt 0.364990 0.754883
vt 0.355957 0.743408
vt 0.794434 0.346680
vt 0.844727 0.337891
vt 0.775391 0.292969
vt 0.823242 0.280762
vt 0.718262 0.310059
vt 0.744629 0.241211
vt 0.784668 0.217773
vt 0.674805 0.292969
vt 0.665039 0.303711
vt 0.704590 0.259277
vt 0.618652 0.277832
vt 0.634277 0.307129
vt 0.718262 0.199219
vt 0.749023 0.170410
vt 0.683594 0.221191
vt 0.676270 0.157715
vt 0.697754 0.128906
vt 0.605957 0.250000
vt 0.646973 0.180176
vt 0.623535 0.122070
vt 0.633789 0.096191
vt 0.584961 0.211426
vt 0.559082 0.090332
vt 0.558105 0.073730
vt 0.474854 0.058105
vt 0.600586 0.141602
vt 0.541992 0.102051
vt 0.520508 0.117188
vt 0.558105 0.169434
vt 0.493164 0.126953
vt 0.525391 0.265137
vt 0.517090 0.227539
vt 0.507324 0.185059
vt 0.526367 0.302734
vt 0.442871 0.263184
vt 0.436035 0.300781
vt 0.447998 0.228027
vt 0.347656 0.286133
vt 0.363770 0.251465
vt 0.263916 0.251465
vt 0.289795 0.226074
vt 0.184692 0.214355
vt 0.110474 0.158691
vt 0.220947 0.177246
vt 0.164307 0.111816
vt 0.230591 0.078125
vt 0.266846 0.142090
vt 0.305420 0.058105
vt 0.318848 0.187988
vt 0.323975 0.111816
vt 0.395264 0.083984
vt 0.389648 0.051270
vt 0.357666 0.149902
vt 0.380615 0.215820
vt 0.410889 0.104980
vt 0.402588 0.175293
vt 0.434326 0.120605
vt 0.454102 0.187012
vt 0.463135 0.128418
vt 0.883789 0.779053
vt 0.908691 0.791382
vt 0.902344 0.797607
vt 0.926270 0.805664
vt 0.898438 0.773193
vt 0.877441 0.752197
vt 0.917480 0.788330
vt 0.895508 0.752930
vt 0.913086 0.770752
vt 0.899902 0.733154
vt 0.886230 0.726074
vt 0.905762 0.708984
vt 0.912109 0.753662
vt 0.912109 0.715820
vt 0.930664 0.703125
vt 0.914551 0.736816
vt 0.920410 0.719482
vt 0.929688 0.721191
vt 0.938965 0.720459
vt 0.929199 0.738281
vt 0.928223 0.754272
vt 0.947754 0.717285
vt 0.954590 0.711182
vt 0.958496 0.735596
vt 0.972656 0.729736
vt 0.943848 0.738037
vt 0.961426 0.755737
vt 0.979492 0.756470
vt 0.944824 0.755005
vt 0.956543 0.775635
vt 0.970703 0.782715
vt 0.950684 0.799561
vt 0.942383 0.771973
vt 0.927734 0.770386
vt 0.926758 0.787598
vt 0.936523 0.789062
vt 0.944824 0.792847
vt 0.891602 0.699219
vt 0.871582 0.716064
vt 0.865723 0.709229
vt 0.847168 0.721924
vt 0.877441 0.692139
vt 0.900391 0.673096
vt 0.857422 0.705566
vt 0.882324 0.672119
vt 0.863281 0.688477
vt 0.879395 0.651855
vt 0.894043 0.645996
vt 0.875488 0.627441
vt 0.865723 0.671387
vt 0.869141 0.633789
vt 0.851562 0.619385
vt 0.864746 0.654297
vt 0.860352 0.636719
vt 0.851074 0.637451
vt 0.841309 0.635986
vt 0.850098 0.654541
vt 0.849609 0.670654
vt 0.833008 0.632080
vt 0.827148 0.625244
vt 0.821289 0.649170
vt 0.807129 0.642090
vt 0.835449 0.653076
vt 0.816406 0.669189
vt 0.798340 0.668457
vt 0.804688 0.695312
vt 0.833008 0.669922
vt 0.819336 0.689453
vt 0.823242 0.713867
vt 0.833984 0.687012
vt 0.848633 0.686768
vt 0.847656 0.703857
vt 0.838379 0.704590
vt 0.830078 0.707764
vt 0.098877 0.910278
vt 0.099854 0.920715
vt 0.063965 0.914062
vt 0.097900 0.899841
vt 0.094360 0.930725
vt 0.089539 0.890686
vt 0.088928 0.940735
vt 0.081238 0.881531
vt 0.078613 0.945618
vt 0.070007 0.879456
vt 0.068237 0.950470
vt 0.058868 0.877380
vt 0.057068 0.948364
vt 0.048615 0.882263
vt 0.045868 0.946228
vt 0.038361 0.887146
vt 0.038055 0.937927
vt 0.032867 0.897095
vt 0.030243 0.929626
vt 0.027374 0.907043
vt 0.028809 0.918335
vt 0.166626 0.886475
vt 0.209717 0.882019
vt 0.211426 0.895813
vt 0.208008 0.868286
vt 0.204834 0.908020
vt 0.198486 0.858154
vt 0.198120 0.920166
vt 0.188965 0.848022
vt 0.185547 0.926147
vt 0.175293 0.845337
vt 0.173096 0.932068
vt 0.161499 0.842773
vt 0.159424 0.929565
vt 0.148926 0.848755
vt 0.145752 0.927002
vt 0.136353 0.854736
vt 0.136108 0.916931
vt 0.129639 0.866943
vt 0.126465 0.906799
vt 0.122925 0.879150
vt 0.124756 0.893005
s 1
usemtl MN158_MI
f 1/1/1 2/2/2 3/3/3
f 4/4/4 2/2/2 1/1/1
f 4/4/4 1/1/1 5/5/5
f 4/4/4 6/6/6 2/2/2
f 6/6/6 4/4/4 7/7/7
f 7/7/7 8/8/8 6/6/6
f 8/8/8 7/7/7 9/9/9
f 10/10/10 8/8/8 9/9/9
f 9/9/9 11/11/11 10/10/10
f 12/12/12 11/11/11 9/9/9
f 9/9/9 13/13/13 12/12/12
f 13/13/13 14/14/14 12/12/12
f 15/15/15 12/12/12 14/14/14
f 16/16/16 15/15/15 14/14/14
f 16/16/16 14/14/14 17/17/17
f 15/15/15 16/16/16 18/18/18
f 19/1/19 20/3/20 21/2/21
f 22/4/22 19/1/19 21/2/21
f 22/4/22 23/5/23 19/1/19
f 24/6/24 22/4/22 21/2/21
f 22/4/22 24/6/24 25/7/25
f 26/8/26 25/7/25 24/6/24
f 25/7/25 26/8/26 27/9/27
f 28/10/28 27/9/27 26/8/26
f 27/9/27 28/10/28 29/11/29
f 27/9/27 29/11/29 30/12/30
f 31/13/31 27/9/27 30/12/30
f 32/14/32 31/13/31 30/12/30
f 33/15/33 32/14/32 30/12/30
f 34/16/34 32/14/32 33/15/33
f 34/16/34 35/17/35 32/14/32
f 33/15/33 36/18/36 34/16/34
f 37/19/37 38/20/38 39/21/39
f 38/20/38 37/19/37 40/22/40
f 41/23/41 40/22/40 37/19/37
f 40/22/40 42/24/42 38/20/38
f 40/22/40 41/23/41 43/25/43
f 44/26/44 43/25/43 41/23/41
f 42/24/42 40/22/40 45/27/45
f 43/25/43 45/27/45 40/22/40
f 46/28/46 42/24/42 45/27/45
f 42/24/42 46/28/46 47/29/47
f 45/27/45 43/25/43 48/30/48
f 49/31/49 47/29/47 46/28/46
f 47/29/47 49/31/49 50/32/50
f 45/27/45 51/33/51 46/28/46
f 51/33/51 45/27/45 48/30/48
f 46/28/46 52/34/52 49/31/49
f 52/34/52 46/28/46 51/33/51
f 53/35/53 50/32/50 49/31/49
f 50/32/50 53/35/53 54/36/54
f 53/35/53 55/37/55 54/36/54
f 55/37/55 53/35/53 56/38/37
f 49/31/49 57/39/56 53/35/53
f 57/39/56 56/38/37 53/35/53
f 57/39/56 49/31/49 52/34/52
f 56/38/37 57/39/56 58/40/57
f 59/41/58 58/40/57 57/39/56
f 59/41/58 57/39/56 52/34/52
f 58/40/57 59/41/58 60/42/59
f 59/41/58 52/34/52 61/43/60
f 61/43/60 52/34/52 51/33/51
f 62/44/61 60/42/59 59/41/58
f 62/44/61 59/41/58 61/43/60
f 60/42/59 62/44/61 63/45/62
f 64/46/63 63/45/62 62/44/61
f 61/43/60 51/33/51 65/47/64
f 48/30/48 65/47/64 51/33/51
f 62/44/61 61/43/60 66/48/65
f 66/48/65 61/43/60 65/47/64
f 62/44/61 67/49/66 64/46/63
f 67/49/66 62/44/61 66/48/65
f 68/50/67 64/46/63 67/49/66
f 67/49/66 69/51/68 68/50/67
f 70/52/69 68/50/67 69/51/68
f 66/48/65 71/53/70 67/49/66
f 69/51/68 67/49/66 71/53/70
f 69/51/68 72/54/71 70/52/69
f 73/55/72 70/52/69 72/54/71
f 71/53/70 74/56/73 69/51/68
f 72/54/71 69/51/68 74/56/73
f 71/53/70 66/48/65 75/57/74
f 65/47/64 75/57/74 66/48/65
f 74/56/73 71/53/70 76/58/75
f 75/57/74 76/58/75 71/53/70
f 74/56/73 77/59/76 72/54/71
f 78/60/77 75/57/74 65/47/64
f 65/47/64 48/30/48 78/60/77
f 72/54/71 79/61/78 73/55/72
f 79/61/78 72/54/71 77/59/76
f 80/62/79 73/55/72 79/61/78
f 48/30/48 81/63/80 78/60/77
f 81/63/80 48/30/48 43/25/43
f 43/25/43 44/26/44 81/63/80
f 44/26/44 82/64/81 81/63/80
f 82/64/81 78/60/77 81/63/80
f 44/26/44 83/65/82 82/64/81
f 84/66/83 82/64/81 83/65/82
f 78/60/77 82/64/81 85/67/84
f 75/57/74 78/60/77 85/67/84
f 82/64/81 84/66/83 86/68/85
f 86/68/85 85/67/84 82/64/81
f 87/69/86 86/68/85 84/66/83
f 88/70/87 75/57/74 85/67/84
f 85/67/84 86/68/85 88/70/87
f 75/57/74 88/70/87 76/58/75
f 86/68/85 87/69/86 89/71/88
f 89/71/88 88/70/87 86/68/85
f 90/72/69 89/71/88 87/69/86
f 91/73/89 76/58/75 88/70/87
f 88/70/87 89/71/88 91/73/89
f 89/71/88 90/72/69 92/74/90
f 92/74/90 91/73/89 89/71/88
f 93/75/91 92/74/90 90/72/69
f 76/58/75 91/73/89 94/76/92
f 76/58/75 94/76/92 74/56/73
f 77/59/76 74/56/73 94/76/92
f 91/73/89 92/74/90 95/77/93
f 95/77/93 94/76/92 91/73/89
f 92/74/90 93/75/91 96/78/94
f 96/78/94 95/77/93 92/74/90
f 94/76/92 97/79/95 77/59/76
f 94/76/92 95/77/93 97/79/95
f 97/79/95 98/80/96 77/59/76
f 77/59/76 98/80/96 79/61/78
f 99/81/97 97/79/95 95/77/93
f 95/77/93 96/78/94 99/81/97
f 98/80/96 97/79/95 100/82/98
f 97/79/95 99/81/97 100/82/98
f 101/83/99 79/61/78 98/80/96
f 100/82/98 101/83/99 98/80/96
f 102/84/100 99/81/97 96/78/94
f 102/84/100 100/82/98 99/81/97
f 103/85/101 96/78/94 93/75/91
f 96/78/94 103/85/101 102/84/100
f 93/75/91 104/86/79 103/85/101
f 100/82/98 102/84/100 105/87/102
f 101/83/99 100/82/98 105/87/102
f 106/88/103 102/84/100 103/85/101
f 106/88/103 105/87/102 102/84/100
f 107/89/104 103/85/101 104/86/79
f 106/88/103 103/85/101 107/89/104
f 107/89/104 104/86/79 108/90/105
f 105/87/102 106/88/103 109/91/106
f 110/92/107 107/89/104 108/90/105
f 110/92/107 108/90/105 111/93/108
f 112/94/109 106/88/103 107/89/104
f 112/94/109 107/89/104 110/92/107
f 112/94/109 109/91/106 106/88/103
f 111/93/108 113/95/110 110/92/107
f 113/95/110 111/93/108 114/96/111
f 110/92/107 115/97/112 112/94/109
f 115/97/112 110/92/107 113/95/110
f 109/91/106 112/94/109 116/98/113
f 115/97/112 116/98/113 112/94/109
f 117/99/114 105/87/102 109/91/106
f 116/98/113 117/99/114 109/91/106
f 105/87/102 117/99/114 101/83/99
f 116/98/113 115/97/112 118/100/115
f 117/99/114 119/101/116 101/83/99
f 79/61/78 101/83/99 119/101/116
f 79/61/78 119/101/116 80/62/79
f 120/102/117 80/62/79 119/101/116
f 117/99/114 116/98/113 121/103/118
f 118/100/115 121/103/118 116/98/113
f 119/101/116 117/99/114 122/104/119
f 119/101/116 122/104/119 120/102/117
f 121/103/118 122/104/119 117/99/114
f 123/105/120 120/102/117 122/104/119
f 122/104/119 121/103/118 123/105/120
f 120/102/117 123/105/120 124/106/121
f 121/103/118 118/100/115 125/107/122
f 125/107/122 123/105/120 121/103/118
f 126/108/123 124/106/121 123/105/120
f 123/105/120 125/107/122 126/108/123
f 124/106/121 126/108/123 127/109/124
f 128/110/125 125/107/122 118/100/115
f 115/97/112 128/110/125 118/100/115
f 129/111/126 126/108/123 125/107/122
f 125/107/122 128/110/125 129/111/126
f 130/112/127 127/109/124 126/108/123
f 126/108/123 129/111/126 130/112/127
f 127/109/124 130/112/127 131/113/128
f 130/112/127 132/114/129 131/113/128
f 132/114/129 130/112/127 133/115/130
f 133/115/130 130/112/127 134/116/131
f 129/111/126 134/116/131 130/112/127
f 134/116/131 129/111/126 135/117/132
f 128/110/125 135/117/132 129/111/126
f 128/110/125 136/118/133 135/117/132
f 128/110/125 115/97/112 137/119/134
f 136/118/133 128/110/125 137/119/134
f 113/95/110 137/119/134 115/97/112
f 138/120/135 136/118/133 137/119/134
f 137/119/134 113/95/110 138/120/135
f 114/96/111 138/120/135 113/95/110
f 136/118/133 138/120/135 139/121/136
f 138/120/135 114/96/111 140/122/137
f 140/122/137 139/121/136 138/120/135
f 139/121/136 140/122/137 141/123/138
f 142/124/139 143/125/140 144/126/141
f 142/124/139 145/127/142 143/125/140
f 143/125/140 145/127/142 146/128/143
f 145/127/142 142/124/139 147/129/144
f 142/124/139 148/130/145 147/129/144
f 146/128/143 145/127/142 149/131/146
f 149/131/146 150/132/147 146/128/143
f 147/129/144 151/133/148 145/127/142
f 145/127/142 151/133/148 149/131/146
f 147/129/144 148/130/145 152/134/149
f 152/134/149 151/133/148 147/129/144
f 153/135/150 152/134/149 148/130/145
f 150/132/147 149/131/146 154/136/151
f 154/136/151 155/137/152 150/132/147
f 156/138/153 152/134/149 153/135/150
f 156/138/153 153/135/150 157/139/154
f 154/136/151 158/140/155 155/137/152
f 155/137/152 158/140/155 159/141/156
f 149/131/146 160/142/157 154/136/151
f 160/142/157 158/140/155 154/136/151
f 160/142/157 149/131/146 151/133/148
f 159/141/156 158/140/155 161/143/158
f 159/141/156 161/143/158 162/144/159
f 151/133/148 152/134/149 163/145/160
f 163/145/160 160/142/157 151/133/148
f 156/138/153 163/145/160 152/134/149
f 162/144/159 161/143/158 164/146/161
f 164/146/161 165/147/162 162/144/159
f 158/140/155 166/148/163 161/143/158
f 164/146/161 161/143/158 166/148/163
f 160/142/157 167/149/164 158/140/155
f 166/148/163 158/140/155 167/149/164
f 168/150/165 165/147/162 164/146/161
f 168/150/165 169/151/166 165/147/162
f 170/152/167 169/151/166 168/150/165
f 164/146/161 166/148/163 171/153/168
f 168/150/165 164/146/161 171/153/168
f 170/152/167 168/150/165 172/154/169
f 173/155/170 170/152/167 172/154/169
f 174/156/171 172/154/169 168/150/165
f 174/156/171 168/150/165 171/153/168
f 172/154/169 175/157/172 173/155/170
f 175/157/172 172/154/169 174/156/171
f 173/155/170 175/157/172 176/158/173
f 175/157/172 177/159/174 176/158/173
f 178/160/175 177/159/174 175/157/172
f 174/156/171 178/160/175 175/157/172
f 177/159/174 178/160/175 179/161/145
f 178/160/175 180/162/176 179/161/145
f 180/162/176 178/160/175 181/163/177
f 181/163/177 182/164/178 180/162/176
f 183/165/179 178/160/175 174/156/171
f 178/160/175 183/165/179 181/163/177
f 182/164/178 181/163/177 184/166/180
f 185/167/181 182/164/178 184/166/180
f 186/168/182 181/163/177 183/165/179
f 186/168/182 184/166/180 181/163/177
f 174/156/171 187/169/183 183/165/179
f 187/169/183 174/156/171 171/153/168
f 183/165/179 188/170/184 186/168/182
f 188/170/184 183/165/179 187/169/183
f 171/153/168 189/171/185 187/169/183
f 189/171/185 171/153/168 166/148/163
f 187/169/183 190/172/186 188/170/184
f 190/172/186 187/169/183 189/171/185
f 166/148/163 191/173/187 189/171/185
f 191/173/187 190/172/186 189/171/185
f 167/149/164 191/173/187 166/148/163
f 167/149/164 192/174/188 191/173/187
f 192/174/188 167/149/164 160/142/157
f 160/142/157 163/145/160 192/174/188
f 193/175/189 190/172/186 191/173/187
f 192/174/188 193/175/189 191/173/187
f 194/176/190 192/174/188 163/145/160
f 163/145/160 156/138/153 194/176/190
f 193/175/189 192/174/188 195/177/191
f 192/174/188 194/176/190 195/177/191
f 196/178/192 190/172/186 193/175/189
f 196/178/192 193/175/189 195/177/191
f 197/179/193 194/176/190 156/138/153
f 197/179/193 156/138/153 157/139/154
f 198/180/194 197/179/193 157/139/154
f 199/181/195 195/177/191 194/176/190
f 194/176/190 197/179/193 199/181/195
f 200/182/196 197/179/193 198/180/194
f 200/182/196 199/181/195 197/179/193
f 198/180/194 201/183/197 200/182/196
f 195/177/191 199/181/195 202/184/198
f 195/177/191 202/184/198 196/178/192
f 203/185/199 202/184/198 199/181/195
f 199/181/195 200/182/196 203/185/199
f 204/186/200 196/178/192 202/184/198
f 202/184/198 203/185/199 204/186/200
f 205/187/201 200/182/196 201/183/197
f 201/183/197 206/188/202 205/187/201
f 200/182/196 207/189/203 203/185/199
f 207/189/203 200/182/196 205/187/201
f 205/187/201 206/188/202 208/190/204
f 207/189/203 205/187/201 208/190/204
f 209/191/205 203/185/199 207/189/203
f 204/186/200 203/185/199 209/191/205
f 209/191/205 207/189/203 208/190/204
f 209/191/205 210/192/206 204/186/200
f 196/178/192 204/186/200 210/192/206
f 210/192/206 209/191/205 211/193/207
f 211/193/207 209/191/205 208/190/204
f 210/192/206 212/194/208 196/178/192
f 190/172/186 196/178/192 212/194/208
f 212/194/208 188/170/184 190/172/186
f 211/193/207 213/195/209 210/192/206
f 212/194/208 210/192/206 213/195/209
f 213/195/209 211/193/207 214/196/210
f 214/196/210 211/193/207 208/190/204
f 215/197/211 212/194/208 213/195/209
f 214/196/210 215/197/211 213/195/209
f 188/170/184 212/194/208 216/198/212
f 212/194/208 215/197/211 216/198/212
f 216/198/212 186/168/182 188/170/184
f 215/197/211 214/196/210 217/199/213
f 217/199/213 214/196/210 208/190/204
f 186/168/182 216/198/212 218/200/214
f 215/197/211 218/200/214 216/198/212
f 218/200/214 184/166/180 186/168/182
f 217/199/213 219/201/215 215/197/211
f 218/200/214 215/197/211 219/201/215
f 184/166/180 218/200/214 220/202/216
f 219/201/215 220/202/216 218/200/214
f 220/202/216 185/167/181 184/166/180
f 221/203/217 185/167/181 220/202/216
f 220/202/216 222/204/218 221/203/217
f 220/202/216 219/201/215 222/204/218
f 222/204/218 223/205/219 221/203/217
f 219/201/215 217/199/213 224/206/220
f 224/206/220 217/199/213 208/190/204
f 219/201/215 225/207/221 222/204/218
f 225/207/221 219/201/215 224/206/220
f 223/205/219 222/204/218 225/207/221
f 225/207/221 224/206/220 208/190/204
f 223/205/219 225/207/221 208/190/204
f 226/126/222 227/125/223 228/124/224
f 229/127/225 228/124/224 227/125/223
f 227/125/223 230/128/226 229/127/225
f 228/124/224 229/127/225 231/129/227
f 231/129/227 232/130/228 228/124/224
f 230/128/226 233/131/229 229/127/225
f 234/132/230 233/131/229 230/128/226
f 231/129/227 229/127/225 235/133/231
f 229/127/225 233/131/229 235/133/231
f 232/130/228 231/129/227 236/134/232
f 235/133/231 236/134/232 231/129/227
f 236/134/232 237/135/233 232/130/228
f 233/131/229 234/132/230 238/136/234
f 239/137/235 238/136/234 234/132/230
f 237/135/233 236/134/232 240/138/236
f 240/138/236 241/139/237 237/135/233
f 238/136/234 239/137/235 242/140/238
f 239/137/235 243/141/239 242/140/238
f 244/142/240 233/131/229 238/136/234
f 238/136/234 242/140/238 244/142/240
f 233/131/229 244/142/240 235/133/231
f 243/141/239 245/143/241 242/140/238
f 243/141/239 246/144/242 245/143/241
f 236/134/232 235/133/231 247/145/243
f 244/142/240 247/145/243 235/133/231
f 247/145/243 240/138/236 236/134/232
f 246/144/242 248/146/244 245/143/241
f 248/146/244 246/144/242 249/147/245
f 250/148/246 242/140/238 245/143/241
f 248/146/244 250/148/246 245/143/241
f 244/142/240 242/140/238 251/149/247
f 242/140/238 250/148/246 251/149/247
f 247/145/243 244/142/240 252/174/248
f 251/149/247 252/174/248 244/142/240
f 240/138/236 247/145/243 253/176/249
f 252/174/248 253/176/249 247/145/243
f 253/176/249 254/179/250 240/138/236
f 254/179/250 241/139/237 240/138/236
f 255/180/251 241/139/237 254/179/250
f 252/174/248 251/149/247 256/173/252
f 251/149/247 250/148/246 256/173/252
f 257/182/253 255/180/251 254/179/250
f 255/180/251 257/182/253 258/183/254
f 254/179/250 253/176/249 259/181/255
f 259/181/255 257/182/253 254/179/250
f 253/176/249 252/174/248 260/177/256
f 260/177/256 259/181/255 253/176/249
f 260/177/256 252/174/248 261/175/257
f 252/174/248 256/173/252 261/175/257
f 259/181/255 260/177/256 262/184/258
f 263/178/259 260/177/256 261/175/257
f 262/184/258 260/177/256 263/178/259
f 261/175/257 256/173/252 264/172/260
f 264/172/260 263/178/259 261/175/257
f 262/184/258 265/185/261 259/181/255
f 257/182/253 259/181/255 265/185/261
f 263/178/259 266/186/262 262/184/258
f 265/185/261 262/184/258 266/186/262
f 257/182/253 265/185/261 267/189/263
f 266/186/262 268/191/264 265/185/261
f 268/191/264 267/189/263 265/185/261
f 266/186/262 263/178/259 269/192/265
f 269/192/265 268/191/264 266/186/262
f 257/182/253 267/189/263 270/187/266
f 270/187/266 258/183/254 257/182/253
f 258/183/254 270/187/266 271/188/267
f 270/187/266 272/190/268 271/188/267
f 267/189/263 272/190/268 270/187/266
f 268/191/264 272/190/268 267/189/263
f 268/191/264 269/192/265 273/193/269
f 273/193/269 272/190/268 268/191/264
f 274/194/270 269/192/265 263/178/259
f 263/178/259 264/172/260 274/194/270
f 275/195/271 273/193/269 269/192/265
f 269/192/265 274/194/270 275/195/271
f 273/193/269 275/195/271 276/196/272
f 276/196/272 272/190/268 273/193/269
f 277/197/273 276/196/272 275/195/271
f 274/194/270 277/197/273 275/195/271
f 278/199/274 272/190/268 276/196/272
f 276/196/272 277/197/273 278/199/274
f 279/206/275 272/190/268 278/199/274
f 280/207/276 272/190/268 279/206/275
f 281/205/277 272/190/268 280/207/276
f 278/199/274 282/201/278 279/206/275
f 282/201/278 280/207/276 279/206/275
f 282/201/278 278/199/274 277/197/273
f 283/204/279 281/205/277 280/207/276
f 280/207/276 282/201/278 283/204/279
f 281/205/277 283/204/279 284/203/280
f 285/202/281 284/203/280 283/204/279
f 282/201/278 285/202/281 283/204/279
f 284/203/280 285/202/281 286/167/282
f 277/197/273 287/200/283 282/201/278
f 285/202/281 282/201/278 287/200/283
f 288/166/284 286/167/282 285/202/281
f 287/200/283 288/166/284 285/202/281
f 286/167/282 288/166/284 289/164/237
f 287/200/283 277/197/273 290/198/285
f 274/194/270 290/198/285 277/197/273
f 288/166/284 287/200/283 291/168/286
f 290/198/285 291/168/286 287/200/283
f 292/163/287 289/164/237 288/166/284
f 291/168/286 292/163/287 288/166/284
f 289/164/237 292/163/287 293/162/288
f 274/194/270 294/170/289 290/198/285
f 291/168/286 290/198/285 294/170/289
f 294/170/289 274/194/270 264/172/260
f 292/163/287 291/168/286 295/165/290
f 294/170/289 295/165/290 291/168/286
f 293/162/288 292/163/287 296/160/291
f 295/165/290 296/160/291 292/163/287
f 296/160/291 297/161/292 293/162/288
f 296/160/291 298/159/293 297/161/292
f 295/165/290 294/170/289 299/169/294
f 264/172/260 299/169/294 294/170/289
f 296/160/291 295/165/290 300/156/295
f 299/169/294 300/156/295 295/165/290
f 298/159/293 296/160/291 301/157/296
f 296/160/291 300/156/295 301/157/296
f 298/159/293 301/157/296 302/158/297
f 303/155/298 302/158/297 301/157/296
f 301/157/296 304/154/299 303/155/298
f 304/154/299 301/157/296 300/156/295
f 305/152/300 303/155/298 304/154/299
f 306/150/301 305/152/300 304/154/299
f 300/156/295 306/150/301 304/154/299
f 307/151/302 305/152/300 306/150/301
f 306/150/301 249/147/245 307/151/302
f 306/150/301 248/146/244 249/147/245
f 306/150/301 300/156/295 308/153/303
f 308/153/303 248/146/244 306/150/301
f 300/156/295 299/169/294 308/153/303
f 250/148/246 248/146/244 308/153/303
f 309/171/304 308/153/303 299/169/294
f 308/153/303 309/171/304 250/148/246
f 299/169/294 264/172/260 309/171/304
f 250/148/246 309/171/304 256/173/252
f 256/173/252 309/171/304 264/172/260
f 310/208/305 311/209/306 312/210/307
f 312/210/307 313/211/308 310/208/305
f 313/211/308 314/212/309 310/208/305
f 312/210/307 315/213/310 313/211/308
f 314/212/309 313/211/308 316/214/311
f 313/211/308 315/213/310 316/214/311
f 317/215/312 314/212/309 316/214/311
f 314/212/309 317/215/312 318/216/313
f 317/215/312 319/217/314 318/216/313
f 315/213/310 312/210/307 320/218/315
f 321/219/316 320/218/315 312/210/307
f 319/217/314 317/215/312 322/220/317
f 323/221/318 320/218/315 321/219/316
f 324/222/319 323/221/318 321/219/316
f 325/223/320 323/221/318 324/222/319
f 316/214/311 326/224/321 317/215/312
f 326/224/321 322/220/317 317/215/312
f 326/224/321 316/214/311 327/225/322
f 315/213/310 327/225/322 316/214/311
f 327/225/322 328/226/323 326/224/321
f 315/213/310 329/227/324 327/225/322
f 329/227/324 328/226/323 327/225/322
f 315/213/310 330/228/325 329/227/324
f 330/228/325 315/213/310 320/218/315
f 331/229/326 328/226/323 329/227/324
f 332/230/327 330/228/325 320/218/315
f 323/221/318 332/230/327 320/218/315
f 330/228/325 333/231/328 329/227/324
f 329/227/324 333/231/328 331/229/326
f 332/230/327 334/232/329 330/228/325
f 333/231/328 330/228/325 334/232/329
f 332/230/327 323/221/318 335/233/330
f 334/232/329 336/234/331 333/231/328
f 337/235/332 335/233/330 323/221/318
f 323/221/318 325/223/320 337/235/332
f 334/232/329 332/230/327 338/236/333
f 337/235/332 325/223/320 339/237/334
f 339/237/334 325/223/320 340/238/335
f 338/236/333 341/239/336 334/232/329
f 336/234/331 334/232/329 341/239/336
f 342/240/337 338/236/333 332/230/327
f 335/233/330 342/240/337 332/230/327
f 341/239/336 338/236/333 343/241/338
f 342/240/337 343/241/338 338/236/333
f 335/233/330 337/235/332 344/242/339
f 339/237/334 344/242/339 337/235/332
f 335/233/330 345/243/340 342/240/337
f 344/242/339 345/243/340 335/233/330
f 343/241/338 342/240/337 346/244/341
f 346/244/341 342/240/337 345/243/340
f 344/242/339 339/237/334 347/245/342
f 344/242/339 348/246/343 345/243/340
f 347/245/342 348/246/343 344/242/339
f 345/243/340 349/247/344 346/244/341
f 349/247/344 345/243/340 348/246/343
f 347/245/342 339/237/334 350/248/345
f 340/238/335 350/248/345 339/237/334
f 350/248/345 340/238/335 351/249/346
f 350/248/345 351/249/346 352/250/347
f 353/251/348 350/248/345 352/250/347
f 354/252/349 353/251/348 352/250/347
f 355/253/350 350/248/345 353/251/348
f 355/253/350 347/245/342 350/248/345
f 354/252/349 355/253/350 353/251/348
f 347/245/342 355/253/350 356/254/351
f 354/252/349 356/254/351 355/253/350
f 347/245/342 356/254/351 348/246/343
f 357/255/352 348/246/343 356/254/351
f 354/252/349 357/255/352 356/254/351
f 348/246/343 357/255/352 358/256/353
f 349/247/344 348/246/343 358/256/353
f 359/257/354 358/256/353 357/255/352
f 360/258/355 349/247/344 358/256/353
f 358/256/353 359/257/354 360/258/355
f 360/258/355 346/244/341 349/247/344
f 357/255/352 361/259/356 359/257/354
f 354/252/349 361/259/356 357/255/352
f 346/244/341 360/258/355 362/260/357
f 346/244/341 362/260/357 343/241/338
f 359/257/354 363/261/358 360/258/355
f 362/260/357 364/262/359 343/241/338
f 343/241/338 364/262/359 341/239/336
f 365/263/360 362/260/357 360/258/355
f 360/258/355 363/261/358 365/263/360
f 362/260/357 366/264/361 364/262/359
f 366/264/361 362/260/357 365/263/360
f 364/262/359 367/265/362 341/239/336
f 367/265/362 336/234/331 341/239/336
f 368/266/363 364/262/359 366/264/361
f 364/262/359 368/266/363 367/265/362
f 336/234/331 367/265/362 369/267/364
f 368/266/363 369/267/364 367/265/362
f 369/267/364 370/268/365 336/234/331
f 333/231/328 336/234/331 370/268/365
f 370/268/365 331/229/326 333/231/328
f 370/268/365 369/267/364 371/269/366
f 331/229/326 370/268/365 372/270/367
f 371/269/366 372/270/367 370/268/365
f 369/267/364 368/266/363 373/271/368
f 373/271/368 371/269/366 369/267/364
f 372/270/367 374/272/369 331/229/326
f 371/269/366 373/271/368 375/273/370
f 372/270/367 371/269/366 376/274/371
f 375/273/370 376/274/371 371/269/366
f 377/275/372 374/272/369 372/270/367
f 376/274/371 377/275/372 372/270/367
f 331/229/326 374/272/369 378/276/373
f 328/226/323 331/229/326 378/276/373
f 326/224/321 328/226/323 378/276/373
f 378/276/373 379/277/374 326/224/321
f 322/220/317 326/224/321 379/277/374
f 374/272/369 380/278/375 378/276/373
f 379/277/374 378/276/373 380/278/375
f 381/279/376 380/278/375 374/272/369
f 374/272/369 377/275/372 381/279/376
f 380/278/375 382/280/377 379/277/374
f 380/278/375 381/279/376 383/281/378
f 382/280/377 380/278/375 383/281/378
f 322/220/317 379/277/374 384/282/379
f 379/277/374 382/280/377 384/282/379
f 322/220/317 384/282/379 385/283/380
f 385/283/380 319/217/314 322/220/317
f 319/217/314 385/283/380 386/284/381
f 386/284/381 385/283/380 387/285/382
f 387/285/382 388/286/383 386/284/381
f 387/285/382 389/287/384 388/286/383
f 389/287/384 387/285/382 390/288/385
f 390/288/385 391/289/386 389/287/384
f 387/285/382 385/283/380 392/290/387
f 387/285/382 393/291/388 390/288/385
f 393/291/388 387/285/382 392/290/387
f 391/289/386 390/288/385 394/292/389
f 393/291/388 394/292/389 390/288/385
f 394/292/389 395/293/390 391/289/386
f 391/289/386 395/293/390 396/294/391
f 394/292/389 393/291/388 397/295/392
f 398/296/393 396/294/391 395/293/390
f 396/294/391 398/296/393 399/297/394
f 395/293/390 394/292/389 400/298/395
f 400/298/395 398/296/393 395/293/390
f 394/292/389 397/295/392 400/298/395
f 401/299/396 399/297/394 398/296/393
f 399/297/394 401/299/396 402/300/397
f 402/300/397 401/299/396 403/301/398
f 404/302/399 403/301/398 401/299/396
f 404/302/399 405/303/400 403/301/398
f 398/296/393 406/304/401 401/299/396
f 401/299/396 406/304/401 404/302/399
f 405/303/400 404/302/399 407/305/402
f 407/305/402 408/306/403 405/303/400
f 406/304/401 409/307/404 404/302/399
f 407/305/402 404/302/399 409/307/404
f 406/304/401 398/296/393 410/308/405
f 398/296/393 400/298/395 410/308/405
f 410/308/405 411/309/406 406/304/401
f 411/309/406 409/307/404 406/304/401
f 412/310/407 410/308/405 400/298/395
f 411/309/406 410/308/405 412/310/407
f 409/307/404 411/309/406 413/311/408
f 412/310/407 414/312/409 411/309/406
f 414/312/409 413/311/408 411/309/406
f 415/313/410 412/310/407 400/298/395
f 414/312/409 412/310/407 415/313/410
f 400/298/395 416/314/411 415/313/410
f 400/298/395 397/295/392 416/314/411
f 415/313/410 417/315/412 414/312/409
f 397/295/392 418/316/413 416/314/411
f 418/316/413 415/313/410 416/314/411
f 415/313/410 418/316/413 417/315/412
f 418/316/413 397/295/392 393/291/388
f 392/290/387 418/316/413 393/291/388
f 419/317/414 414/312/409 417/315/412
f 419/317/414 413/311/408 414/312/409
f 418/316/413 392/290/387 420/318/415
f 420/318/415 392/290/387 385/283/380
f 421/319/416 417/315/412 418/316/413
f 421/319/416 418/316/413 420/318/415
f 385/283/380 421/319/416 420/318/415
f 417/315/412 421/319/416 419/317/414
f 385/283/380 384/282/379 421/319/416
f 419/317/414 421/319/416 384/282/379
f 419/317/414 422/320/417 413/311/408
f 384/282/379 422/320/417 419/317/414
f 409/307/404 413/311/408 422/320/417
f 422/320/417 407/305/402 409/307/404
f 382/280/377 422/320/417 384/282/379
f 422/320/417 423/321/418 407/305/402
f 382/280/377 423/321/418 422/320/417
f 408/306/403 407/305/402 423/321/418
f 423/321/418 382/280/377 424/322/419
f 383/281/378 424/322/419 382/280/377
f 408/306/403 423/321/418 425/323/420
f 408/306/403 425/323/420 426/324/421
f 423/321/418 424/322/419 427/325/422
f 423/321/418 427/325/422 425/323/420
f 424/322/419 428/326/423 427/325/422
f 428/326/423 424/322/419 429/327/159
f 425/323/420 427/325/422 430/328/424
f 431/329/425 430/328/424 427/325/422
f 432/330/170 430/328/424 431/329/425
f 424/322/419 433/331/426 429/327/159
f 424/322/419 383/281/378 433/331/426
f 429/327/159 433/331/426 434/332/156
f 435/333/152 434/332/156 433/331/426
f 383/281/378 436/334/427 433/331/426
f 433/331/426 436/334/427 435/333/152
f 436/334/427 383/281/378 381/279/376
f 437/335/428 435/333/152 436/334/427
f 437/335/428 438/336/147 435/333/152
f 381/279/376 439/337/429 436/334/427
f 439/337/429 381/279/376 377/275/372
f 436/334/427 440/338/430 437/335/428
f 440/338/430 436/334/427 439/337/429
f 437/335/428 441/339/431 438/336/147
f 438/336/147 441/339/431 442/340/432
f 443/341/433 437/335/428 440/338/430
f 437/335/428 443/341/433 441/339/431
f 444/342/434 439/337/429 377/275/372
f 377/275/372 376/274/371 444/342/434
f 445/343/435 440/338/430 439/337/429
f 439/337/429 444/342/434 445/343/435
f 446/344/436 444/342/434 376/274/371
f 376/274/371 375/273/370 446/344/436
f 447/345/437 445/343/435 444/342/434
f 444/342/434 446/344/436 447/345/437
f 440/338/430 445/343/435 448/346/438
f 445/343/435 447/345/437 449/347/439
f 449/347/439 448/346/438 445/343/435
f 446/344/436 450/348/440 447/345/437
f 447/345/437 451/349/441 449/347/439
f 451/349/441 447/345/437 450/348/440
f 448/346/438 449/347/439 452/350/442
f 451/349/441 452/350/442 449/347/439
f 453/351/443 440/338/430 448/346/438
f 440/338/430 453/351/443 443/341/433
f 454/352/444 448/346/438 452/350/442
f 448/346/438 454/352/444 453/351/443
f 452/350/442 451/349/441 455/353/445
f 455/353/445 454/352/444 452/350/442
f 456/354/446 455/353/445 451/349/441
f 450/348/440 456/354/446 451/349/441
f 455/353/445 456/354/446 457/355/447
f 450/348/440 458/356/448 456/354/446
f 457/355/447 459/357/449 455/353/445
f 454/352/444 455/353/445 459/357/449
f 459/357/449 457/355/447 460/358/450
f 461/359/451 458/356/448 450/348/440
f 450/348/440 446/344/436 461/359/451
f 458/356/448 461/359/451 462/360/452
f 375/273/370 461/359/451 446/344/436
f 463/361/453 462/360/452 461/359/451
f 461/359/451 375/273/370 463/361/453
f 462/360/452 463/361/453 464/362/454
f 463/361/453 375/273/370 373/271/368
f 465/363/455 464/362/454 463/361/453
f 373/271/368 465/363/455 463/361/453
f 464/362/454 465/363/455 466/364/456
f 368/266/363 465/363/455 373/271/368
f 466/364/456 465/363/455 467/365/457
f 466/364/456 467/365/457 468/366/458
f 465/363/455 368/266/363 469/367/459
f 366/264/361 469/367/459 368/266/363
f 470/368/460 467/365/457 465/363/455
f 469/367/459 470/368/460 465/363/455
f 467/365/457 471/369/461 468/366/458
f 470/368/460 471/369/461 467/365/457
f 468/366/458 471/369/461 472/370/462
f 471/369/461 473/371/463 472/370/462
f 473/371/463 471/369/461 474/372/464
f 475/373/465 474/372/464 471/369/461
f 471/369/461 470/368/460 475/373/465
f 474/372/464 475/373/465 476/374/466
f 477/375/467 476/374/466 475/373/465
f 478/376/468 475/373/465 470/368/460
f 478/376/468 470/368/460 469/367/459
f 479/377/469 477/375/467 475/373/465
f 475/373/465 478/376/468 479/377/469
f 480/378/470 477/375/467 479/377/469
f 481/379/471 478/376/468 469/367/459
f 469/367/459 366/264/361 481/379/471
f 365/263/360 481/379/471 366/264/361
f 482/380/472 479/377/469 478/376/468
f 482/380/472 478/376/468 481/379/471
f 483/381/473 480/378/470 479/377/469
f 479/377/469 482/380/472 483/381/473
f 483/381/473 484/382/474 480/378/470
f 481/379/471 365/263/360 485/383/475
f 485/383/475 482/380/472 481/379/471
f 485/383/475 365/263/360 363/261/358
f 483/381/473 482/380/472 486/384/476
f 482/380/472 485/383/475 486/384/476
f 484/382/474 483/381/473 487/385/477
f 486/384/476 487/385/477 483/381/473
f 487/385/477 488/386/478 484/382/474
f 489/387/479 486/384/476 485/383/475
f 363/261/358 489/387/479 485/383/475
f 490/388/480 487/385/477 486/384/476
f 486/384/476 489/387/479 490/388/480
f 488/386/478 487/385/477 491/389/481
f 487/385/477 490/388/480 491/389/481
f 492/390/482 488/386/478 491/389/481
f 488/386/478 492/390/482 493/391/483
f 354/252/349 493/391/483 492/390/482
f 491/389/481 494/392/484 492/390/482
f 354/252/349 492/390/482 494/392/484
f 494/392/484 491/389/481 490/388/480
f 354/252/349 494/392/484 495/393/485
f 490/388/480 496/394/486 494/392/484
f 494/392/484 496/394/486 495/393/485
f 490/388/480 489/387/479 496/394/486
f 354/252/349 495/393/485 497/395/487
f 496/394/486 497/395/487 495/393/485
f 354/252/349 497/395/487 361/259/356
f 489/387/479 498/396/488 496/394/486
f 497/395/487 496/394/486 498/396/488
f 498/396/488 361/259/356 497/395/487
f 498/396/488 489/387/479 363/261/358
f 361/259/356 498/396/488 359/257/354
f 363/261/358 359/257/354 498/396/488
f 499/209/489 500/208/305 501/210/490
f 501/210/490 500/208/305 502/211/491
f 500/208/305 503/212/309 502/211/491
f 501/210/490 502/211/491 504/213/492
f 502/211/491 503/212/309 505/214/493
f 502/211/491 505/214/493 504/213/492
f 505/214/493 503/212/309 506/215/494
f 503/212/309 507/216/495 506/215/494
f 508/217/496 506/215/494 507/216/495
f 501/210/490 504/213/492 509/218/497
f 509/218/497 510/219/498 501/210/490
f 506/215/494 508/217/496 511/220/499
f 512/221/500 510/219/498 509/218/497
f 513/222/501 510/219/498 512/221/500
f 512/221/500 514/223/502 513/222/501
f 515/224/503 505/214/493 506/215/494
f 511/220/499 515/224/503 506/215/494
f 505/214/493 515/224/503 516/225/504
f 504/213/492 505/214/493 516/225/504
f 517/226/505 516/225/504 515/224/503
f 516/225/504 518/227/506 504/213/492
f 518/227/506 516/225/504 517/226/505
f 504/213/492 518/227/506 519/228/507
f 519/228/507 509/218/497 504/213/492
f 520/229/508 518/227/506 517/226/505
f 521/230/509 509/218/497 519/228/507
f 512/221/500 509/218/497 521/230/509
f 522/231/510 519/228/507 518/227/506
f 518/227/506 520/229/508 522/231/510
f 519/228/507 522/231/510 523/232/511
f 523/232/511 521/230/509 519/228/507
f 517/226/505 524/276/512 520/229/508
f 515/224/503 524/276/512 517/226/505
f 525/268/513 522/231/510 520/229/508
f 526/277/514 524/276/512 515/224/503
f 515/224/503 511/220/499 526/277/514
f 520/229/508 524/276/512 527/272/515
f 524/276/512 526/277/514 528/278/516
f 527/272/515 524/276/512 528/278/516
f 520/229/508 527/272/515 529/270/517
f 525/268/513 520/229/508 529/270/517
f 528/278/516 530/279/518 527/272/515
f 522/231/510 525/268/513 531/234/519
f 531/234/519 523/232/511 522/231/510
f 532/275/520 527/272/515 530/279/518
f 527/272/515 532/275/520 529/270/517
f 523/232/511 531/234/519 533/239/521
f 534/274/522 529/270/517 532/275/520
f 533/239/521 535/236/523 523/232/511
f 521/230/509 523/232/511 535/236/523
f 529/270/517 534/274/522 536/269/524
f 536/269/524 525/268/513 529/270/517
f 537/240/525 521/230/509 535/236/523
f 538/267/526 525/268/513 536/269/524
f 525/268/513 538/267/526 531/234/519
f 539/233/527 521/230/509 537/240/525
f 539/233/527 512/221/500 521/230/509
f 540/265/528 531/234/519 538/267/526
f 540/265/528 533/239/521 531/234/519
f 539/233/527 541/235/529 512/221/500
f 514/223/502 512/221/500 541/235/529
f 542/262/530 533/239/521 540/265/528
f 514/223/502 541/235/529 543/237/531
f 514/223/502 543/237/531 544/238/532
f 545/242/533 541/235/529 539/233/527
f 541/235/529 545/242/533 543/237/531
f 539/233/527 546/243/534 545/242/533
f 539/233/527 537/240/525 546/243/534
f 547/245/535 543/237/531 545/242/533
f 548/248/536 544/238/532 543/237/531
f 547/245/535 548/248/536 543/237/531
f 544/238/532 548/248/536 549/249/537
f 548/248/536 550/250/538 549/249/537
f 548/248/536 551/251/539 550/250/538
f 552/252/540 550/250/538 551/251/539
f 551/251/539 548/248/536 553/253/541
f 553/253/541 548/248/536 547/245/535
f 552/252/540 551/251/539 553/253/541
f 547/245/535 554/254/542 553/253/541
f 552/252/540 553/253/541 554/254/542
f 545/242/533 555/246/543 547/245/535
f 547/245/535 555/246/543 554/254/542
f 545/242/533 546/243/534 555/246/543
f 555/246/543 556/255/544 554/254/542
f 552/252/540 554/254/542 556/255/544
f 557/247/545 555/246/543 546/243/534
f 556/255/544 555/246/543 558/256/546
f 555/246/543 557/247/545 558/256/546
f 557/247/545 546/243/534 559/244/547
f 537/240/525 559/244/547 546/243/534
f 558/256/546 557/247/545 560/258/548
f 559/244/547 560/258/548 557/247/545
f 556/255/544 558/256/546 561/257/549
f 561/257/549 558/256/546 560/258/548
f 537/240/525 562/241/550 559/244/547
f 562/241/550 537/240/525 535/236/523
f 535/236/523 533/239/521 562/241/550
f 533/239/521 542/262/530 562/241/550
f 559/244/547 562/241/550 563/260/551
f 563/260/551 562/241/550 542/262/530
f 560/258/548 559/244/547 563/260/551
f 564/264/552 563/260/551 542/262/530
f 563/260/551 565/263/553 560/258/548
f 563/260/551 564/264/552 565/263/553
f 566/261/554 560/258/548 565/263/553
f 560/258/548 566/261/554 561/257/549
f 542/262/530 567/266/555 564/264/552
f 567/266/555 542/262/530 540/265/528
f 567/266/555 540/265/528 538/267/526
f 568/379/556 565/263/553 564/264/552
f 538/267/526 569/271/557 567/266/555
f 536/269/524 569/271/557 538/267/526
f 570/367/558 564/264/552 567/266/555
f 564/264/552 570/367/558 568/379/556
f 569/271/557 536/269/524 571/273/559
f 571/273/559 536/269/524 534/274/522
f 572/363/560 567/266/555 569/271/557
f 567/266/555 572/363/560 570/367/558
f 573/361/561 569/271/557 571/273/559
f 569/271/557 573/361/561 572/363/560
f 534/274/522 574/344/562 571/273/559
f 571/273/559 575/359/563 573/361/561
f 575/359/563 571/273/559 574/344/562
f 576/360/564 573/361/561 575/359/563
f 573/361/561 576/360/564 577/362/454
f 577/362/454 572/363/560 573/361/561
f 575/359/563 578/356/565 576/360/564
f 572/363/560 577/362/454 579/364/456
f 578/356/565 575/359/563 580/348/566
f 574/344/562 580/348/566 575/359/563
f 580/348/566 581/354/567 578/356/565
f 572/363/560 579/364/456 582/365/568
f 579/364/456 583/366/569 582/365/568
f 584/368/570 572/363/560 582/365/568
f 572/363/560 584/368/570 570/367/558
f 583/366/569 585/369/571 582/365/568
f 585/369/571 584/368/570 582/365/568
f 585/369/571 583/366/569 586/370/572
f 587/371/306 585/369/571 586/370/572
f 585/369/571 587/371/306 588/372/573
f 588/372/573 589/373/574 585/369/571
f 584/368/570 585/369/571 589/373/574
f 589/373/574 588/372/573 590/374/575
f 591/375/576 589/373/574 590/374/575
f 592/376/577 570/367/558 584/368/570
f 589/373/574 592/376/577 584/368/570
f 568/379/556 570/367/558 592/376/577
f 589/373/574 591/375/576 593/377/578
f 592/376/577 589/373/574 593/377/578
f 594/378/579 593/377/578 591/375/576
f 595/380/580 568/379/556 592/376/577
f 593/377/578 595/380/580 592/376/577
f 593/377/578 594/378/579 596/381/581
f 595/380/580 593/377/578 596/381/581
f 597/382/582 596/381/581 594/378/579
f 598/383/583 568/379/556 595/380/580
f 565/263/553 568/379/556 598/383/583
f 565/263/553 598/383/583 566/261/554
f 595/380/580 596/381/581 599/384/584
f 599/384/584 598/383/583 595/380/580
f 596/381/581 597/382/582 600/385/585
f 600/385/585 599/384/584 596/381/581
f 601/386/586 600/385/585 597/382/582
f 599/384/584 602/387/587 598/383/583
f 602/387/587 566/261/554 598/383/583
f 599/384/584 600/385/585 603/388/588
f 602/387/587 599/384/584 603/388/588
f 600/385/585 601/386/586 604/389/589
f 603/388/588 600/385/585 604/389/589
f 604/389/589 601/386/586 605/390/590
f 605/390/590 601/386/586 606/391/538
f 552/252/540 605/390/590 606/391/538
f 607/392/591 604/389/589 605/390/590
f 604/389/589 607/392/591 603/388/588
f 552/252/540 607/392/591 605/390/590
f 603/388/588 608/394/592 602/387/587
f 603/388/588 607/392/591 608/394/592
f 602/387/587 609/396/593 566/261/554
f 609/396/593 602/387/587 608/394/592
f 561/257/549 566/261/554 609/396/593
f 607/392/591 610/393/594 608/394/592
f 552/252/540 610/393/594 607/392/591
f 611/395/595 608/394/592 610/393/594
f 552/252/540 611/395/595 610/393/594
f 608/394/592 611/395/595 609/396/593
f 552/252/540 612/259/596 611/395/595
f 612/259/596 609/396/593 611/395/595
f 561/257/549 609/396/593 612/259/596
f 552/252/540 556/255/544 612/259/596
f 612/259/596 556/255/544 561/257/549
f 426/324/421 425/323/420 613/397/597
f 426/324/421 613/397/597 614/398/598
f 425/323/420 430/328/424 613/397/597
f 615/399/599 614/398/598 613/397/597
f 614/398/598 615/399/599 616/400/600
f 617/401/601 613/397/597 430/328/424
f 613/397/597 617/401/601 615/399/599
f 430/328/424 432/330/170 617/401/601
f 618/402/602 616/400/600 615/399/599
f 616/400/600 618/402/602 619/403/603
f 432/330/170 620/404/604 617/401/601
f 620/404/604 432/330/170 621/405/605
f 622/406/606 615/399/599 617/401/601
f 620/404/604 622/406/606 617/401/601
f 615/399/599 622/406/606 618/402/602
f 621/405/605 623/407/607 620/404/604
f 622/406/606 620/404/604 623/407/607
f 623/407/607 621/405/605 624/408/608
f 623/407/607 624/408/608 442/340/432
f 625/409/609 619/403/603 618/402/602
f 619/403/603 625/409/609 626/410/610
f 627/411/611 618/402/602 622/406/606
f 618/402/602 627/411/611 625/409/609
f 628/412/612 626/410/610 625/409/609
f 627/411/611 628/412/612 625/409/609
f 626/410/610 628/412/612 629/413/613
f 622/406/606 630/414/614 627/411/611
f 630/414/614 622/406/606 623/407/607
f 628/412/612 627/411/611 631/415/615
f 631/415/615 627/411/611 630/414/614
f 632/416/616 629/413/613 628/412/612
f 631/415/615 632/416/616 628/412/612
f 629/413/613 632/416/616 633/417/617
f 634/418/618 631/415/615 630/414/614
f 635/419/619 633/417/617 632/416/616
f 633/417/617 635/419/619 636/420/620
f 637/421/621 636/420/620 635/419/619
f 632/416/616 631/415/615 638/422/622
f 638/422/622 631/415/615 634/418/618
f 632/416/616 639/423/623 635/419/619
f 639/423/623 632/416/616 638/422/622
f 637/421/621 635/419/619 639/423/623
f 638/422/622 640/424/624 639/423/623
f 640/424/624 637/421/621 639/423/623
f 640/424/624 638/422/622 641/425/625
f 634/418/618 641/425/625 638/422/622
f 642/426/626 637/421/621 640/424/624
f 641/425/625 642/426/626 640/424/624
f 630/414/614 643/427/627 634/418/618
f 623/407/607 643/427/627 630/414/614
f 641/425/625 634/418/618 644/428/628
f 644/428/628 634/418/618 643/427/627
f 642/426/626 641/425/625 645/429/629
f 645/429/629 641/425/625 644/428/628
f 643/427/627 623/407/607 646/430/630
f 442/340/432 646/430/630 623/407/607
f 646/430/630 442/340/432 441/339/431
f 643/427/627 647/431/631 644/428/628
f 646/430/630 647/431/631 643/427/627
f 441/339/431 648/432/632 646/430/630
f 647/431/631 646/430/630 648/432/632
f 648/432/632 441/339/431 443/341/433
f 644/428/628 647/431/631 649/433/633
f 644/428/628 649/433/633 645/429/629
f 443/341/433 650/434/634 648/432/632
f 650/434/634 443/341/433 453/351/443
f 648/432/632 651/435/635 647/431/631
f 651/435/635 648/432/632 650/434/634
f 453/351/443 652/436/636 650/434/634
f 652/436/636 453/351/443 454/352/444
f 459/357/449 652/436/636 454/352/444
f 653/437/637 650/434/634 652/436/636
f 650/434/634 653/437/637 651/435/635
f 652/436/636 459/357/449 654/438/638
f 654/438/638 653/437/637 652/436/636
f 460/358/450 654/438/638 459/357/449
f 654/438/638 460/358/450 655/439/639
f 655/439/639 656/440/640 654/438/638
f 653/437/637 654/438/638 656/440/640
f 656/440/640 655/439/639 657/441/641
f 658/442/642 656/440/640 657/441/641
f 658/442/642 659/443/643 656/440/640
f 659/443/643 653/437/637 656/440/640
f 660/444/644 659/443/643 658/442/642
f 653/437/637 659/443/643 661/445/645
f 661/445/645 651/435/635 653/437/637
f 660/444/644 662/446/646 659/443/643
f 662/446/646 661/445/645 659/443/643
f 660/444/644 663/447/647 662/446/646
f 663/447/647 660/444/644 664/448/648
f 664/448/648 637/421/621 663/447/647
f 661/445/645 662/446/646 665/449/649
f 663/447/647 665/449/649 662/446/646
f 651/435/635 661/445/645 666/450/650
f 665/449/649 666/450/650 661/445/645
f 666/450/650 647/431/631 651/435/635
f 647/431/631 666/450/650 649/433/633
f 665/449/649 663/447/647 667/451/651
f 663/447/647 637/421/621 667/451/651
f 666/450/650 665/449/649 668/452/652
f 667/451/651 668/452/652 665/449/649
f 668/452/652 649/433/633 666/450/650
f 667/451/651 637/421/621 669/453/653
f 668/452/652 667/451/651 669/453/653
f 649/433/633 668/452/652 670/454/654
f 669/453/653 670/454/654 668/452/652
f 645/429/629 649/433/633 670/454/654
f 669/453/653 637/421/621 671/455/655
f 670/454/654 669/453/653 671/455/655
f 671/455/655 645/429/629 670/454/654
f 671/455/655 637/421/621 642/426/626
f 645/429/629 671/455/655 642/426/626
f 672/419/656 673/417/617 674/420/620
f 675/421/657 672/419/656 674/420/620
f 673/417/617 672/419/656 676/416/658
f 676/416/658 677/413/659 673/417/617
f 675/421/657 678/423/660 672/419/656
f 676/416/658 672/419/656 678/423/660
f 677/413/659 676/416/658 679/412/661
f 679/412/661 680/410/662 677/413/659
f 678/423/660 681/422/663 676/416/658
f 680/410/662 679/412/661 682/409/664
f 682/409/664 683/403/603 680/410/662
f 676/416/658 684/415/665 679/412/661
f 684/415/665 676/416/658 681/422/663
f 679/412/661 685/411/666 682/409/664
f 685/411/666 679/412/661 684/415/665
f 683/403/603 682/409/664 686/402/667
f 686/402/667 682/409/664 685/411/666
f 686/402/667 687/400/600 683/403/603
f 684/415/665 688/414/668 685/411/666
f 687/400/600 686/402/667 689/399/669
f 689/399/669 690/398/670 687/400/600
f 691/406/671 686/402/667 685/411/666
f 691/406/671 689/399/669 686/402/667
f 688/414/668 691/406/671 685/411/666
f 690/398/670 689/399/669 692/397/672
f 692/397/672 693/324/673 690/398/670
f 689/399/669 691/406/671 694/401/674
f 694/401/674 692/397/672 689/399/669
f 693/324/673 692/397/672 695/323/675
f 695/323/675 696/306/676 693/324/673
f 692/397/672 694/401/674 697/328/677
f 697/328/677 695/323/675 692/397/672
f 698/404/678 694/401/674 691/406/671
f 699/330/298 697/328/677 694/401/674
f 698/404/678 699/330/298 694/401/674
f 697/328/677 699/330/298 700/329/679
f 699/330/298 698/404/678 701/405/680
f 700/329/679 702/325/681 697/328/677
f 695/323/675 697/328/677 702/325/681
f 703/407/682 701/405/680 698/404/678
f 691/406/671 703/407/682 698/404/678
f 701/405/680 703/407/682 704/408/683
f 691/406/671 688/414/668 703/407/682
f 703/407/682 705/340/684 704/408/683
f 706/321/685 695/323/675 702/325/681
f 696/306/676 695/323/675 706/321/685
f 707/430/686 705/340/684 703/407/682
f 708/305/687 696/306/676 706/321/685
f 696/306/676 708/305/687 709/303/688
f 705/340/684 707/430/686 710/339/689
f 710/339/689 711/336/230 705/340/684
f 703/407/682 712/427/690 707/430/686
f 712/427/690 703/407/682 688/414/668
f 711/336/230 710/339/689 713/335/691
f 713/335/691 714/333/235 711/336/230
f 715/418/692 712/427/690 688/414/668
f 688/414/668 684/415/665 715/418/692
f 681/422/663 715/418/692 684/415/665
f 712/427/690 715/418/692 716/428/693
f 715/418/692 681/422/663 717/425/694
f 717/425/694 716/428/693 715/418/692
f 681/422/663 718/424/695 717/425/694
f 718/424/695 681/422/663 678/423/660
f 718/424/695 678/423/660 675/421/657
f 719/426/696 717/425/694 718/424/695
f 719/426/696 718/424/695 675/421/657
f 717/425/694 719/426/696 720/429/697
f 716/428/693 717/425/694 720/429/697
f 721/455/698 719/426/696 675/421/657
f 720/429/697 719/426/696 721/455/698
f 716/428/693 722/431/699 712/427/690
f 722/431/699 707/430/686 712/427/690
f 720/429/697 723/433/700 716/428/693
f 716/428/693 723/433/700 722/431/699
f 721/455/698 724/454/701 720/429/697
f 720/429/697 724/454/701 723/433/700
f 724/454/701 721/455/698 725/453/702
f 725/453/702 721/455/698 675/421/657
f 726/452/703 723/433/700 724/454/701
f 724/454/701 725/453/702 726/452/703
f 727/451/704 725/453/702 675/421/657
f 727/451/704 726/452/703 725/453/702
f 728/447/705 727/451/704 675/421/657
f 729/448/648 728/447/705 675/421/657
f 730/444/706 728/447/705 729/448/648
f 726/452/703 727/451/704 731/449/707
f 728/447/705 731/449/707 727/451/704
f 723/433/700 726/452/703 732/450/708
f 731/449/707 732/450/708 726/452/703
f 732/450/708 722/431/699 723/433/700
f 731/449/707 728/447/705 733/446/709
f 728/447/705 730/444/706 733/446/709
f 732/450/708 731/449/707 734/445/710
f 733/446/709 734/445/710 731/449/707
f 730/444/706 735/443/711 733/446/709
f 734/445/710 733/446/709 735/443/711
f 736/442/712 735/443/711 730/444/706
f 734/445/710 737/435/713 732/450/708
f 722/431/699 732/450/708 737/435/713
f 736/442/712 738/440/714 735/443/711
f 739/441/715 738/440/714 736/442/712
f 740/439/716 738/440/714 739/441/715
f 735/443/711 741/437/717 734/445/710
f 741/437/717 735/443/711 738/440/714
f 737/435/713 734/445/710 741/437/717
f 738/440/714 740/439/716 742/438/718
f 742/438/718 741/437/717 738/440/714
f 743/358/719 742/438/718 740/439/716
f 741/437/717 744/434/720 737/435/713
f 743/358/719 745/357/721 742/438/718
f 746/355/722 745/357/721 743/358/719
f 742/438/718 747/436/723 741/437/717
f 745/357/721 747/436/723 742/438/718
f 744/434/720 741/437/717 747/436/723
f 746/355/722 748/353/724 745/357/721
f 581/354/567 748/353/724 746/355/722
f 745/357/721 749/352/725 747/436/723
f 748/353/724 749/352/725 745/357/721
f 581/354/567 750/349/726 748/353/724
f 581/354/567 580/348/566 750/349/726
f 748/353/724 751/350/727 749/352/725
f 750/349/726 751/350/727 748/353/724
f 752/351/728 747/436/723 749/352/725
f 747/436/723 752/351/728 744/434/720
f 753/346/729 749/352/725 751/350/727
f 749/352/725 753/346/729 752/351/728
f 750/349/726 754/347/730 751/350/727
f 754/347/730 753/346/729 751/350/727
f 755/345/731 750/349/726 580/348/566
f 750/349/726 755/345/731 754/347/730
f 580/348/566 574/344/562 755/345/731
f 754/347/730 756/343/732 753/346/729
f 756/343/732 754/347/730 755/345/731
f 757/342/733 755/345/731 574/344/562
f 755/345/731 757/342/733 756/343/732
f 534/274/522 757/342/733 574/344/562
f 532/275/520 757/342/733 534/274/522
f 757/342/733 532/275/520 758/337/734
f 758/337/734 756/343/732 757/342/733
f 530/279/518 758/337/734 532/275/520
f 756/343/732 759/338/735 753/346/729
f 756/343/732 758/337/734 759/338/735
f 759/338/735 752/351/728 753/346/729
f 758/337/734 530/279/518 760/334/736
f 760/334/736 759/338/735 758/337/734
f 752/351/728 759/338/735 761/341/737
f 761/341/737 744/434/720 752/351/728
f 759/338/735 760/334/736 713/335/691
f 713/335/691 761/341/737 759/338/735
f 760/334/736 714/333/235 713/335/691
f 761/341/737 713/335/691 710/339/689
f 714/333/235 760/334/736 762/331/738
f 714/333/235 762/331/738 763/332/239
f 762/331/738 764/327/242 763/332/239
f 710/339/689 765/432/739 761/341/737
f 744/434/720 761/341/737 765/432/739
f 765/432/739 710/339/689 707/430/686
f 765/432/739 737/435/713 744/434/720
f 707/430/686 722/431/699 765/432/739
f 737/435/713 765/432/739 722/431/699
f 762/331/738 766/322/740 764/327/242
f 767/326/741 764/327/242 766/322/740
f 766/322/740 702/325/681 767/326/741
f 766/322/740 706/321/685 702/325/681
f 766/322/740 762/331/738 768/281/742
f 760/334/736 768/281/742 762/331/738
f 768/281/742 760/334/736 530/279/518
f 530/279/518 528/278/516 768/281/742
f 768/281/742 769/280/743 766/322/740
f 769/280/743 768/281/742 528/278/516
f 769/280/743 706/321/685 766/322/740
f 528/278/516 526/277/514 769/280/743
f 706/321/685 769/280/743 770/320/744
f 770/320/744 708/305/687 706/321/685
f 771/282/745 769/280/743 526/277/514
f 769/280/743 771/282/745 770/320/744
f 526/277/514 511/220/499 771/282/745
f 708/305/687 770/320/744 772/307/746
f 511/220/499 773/283/747 771/282/745
f 508/217/496 773/283/747 511/220/499
f 773/283/747 508/217/496 774/284/381
f 770/320/744 771/282/745 775/317/748
f 776/285/749 773/283/747 774/284/381
f 776/285/749 774/284/381 777/286/383
f 776/285/749 777/286/383 778/287/750
f 771/282/745 773/283/747 779/319/751
f 775/317/748 771/282/745 779/319/751
f 778/287/750 780/288/752 776/285/749
f 780/288/752 778/287/750 781/289/386
f 773/283/747 776/285/749 782/290/753
f 783/291/754 776/285/749 780/288/752
f 776/285/749 783/291/754 782/290/753
f 784/318/755 773/283/747 782/290/753
f 779/319/751 773/283/747 784/318/755
f 782/290/753 785/316/756 784/318/755
f 779/319/751 784/318/755 785/316/756
f 785/316/756 782/290/753 783/291/754
f 786/315/757 775/317/748 779/319/751
f 779/319/751 785/316/756 786/315/757
f 783/291/754 780/288/752 787/292/758
f 780/288/752 781/289/386 787/292/758
f 785/316/756 783/291/754 788/295/759
f 783/291/754 787/292/758 788/295/759
f 781/289/386 789/293/760 787/292/758
f 789/293/760 781/289/386 790/294/391
f 787/292/758 791/298/761 788/295/759
f 789/293/760 791/298/761 787/292/758
f 785/316/756 788/295/759 792/314/762
f 788/295/759 791/298/761 792/314/762
f 793/313/763 785/316/756 792/314/762
f 791/298/761 793/313/763 792/314/762
f 785/316/756 793/313/763 786/315/757
f 790/294/391 794/296/764 789/293/760
f 794/296/764 791/298/761 789/293/760
f 794/296/764 790/294/391 795/297/394
f 793/313/763 791/298/761 796/310/765
f 793/313/763 797/312/766 786/315/757
f 796/310/765 797/312/766 793/313/763
f 775/317/748 786/315/757 797/312/766
f 796/310/765 791/298/761 798/308/767
f 791/298/761 794/296/764 798/308/767
f 799/311/768 775/317/748 797/312/766
f 770/320/744 775/317/748 799/311/768
f 772/307/746 770/320/744 799/311/768
f 797/312/766 796/310/765 800/309/769
f 797/312/766 800/309/769 799/311/768
f 798/308/767 800/309/769 796/310/765
f 772/307/746 799/311/768 800/309/769
f 800/309/769 798/308/767 801/304/770
f 772/307/746 800/309/769 801/304/770
f 794/296/764 801/304/770 798/308/767
f 802/302/771 772/307/746 801/304/770
f 708/305/687 772/307/746 802/302/771
f 802/302/771 709/303/688 708/305/687
f 709/303/688 802/302/771 803/301/772
f 801/304/770 794/296/764 804/299/773
f 802/302/771 801/304/770 804/299/773
f 804/299/773 803/301/772 802/302/771
f 795/297/394 804/299/773 794/296/764
f 803/301/772 804/299/773 805/300/397
f 804/299/773 795/297/394 805/300/397
f 806/456/774 807/457/775 808/458/776
f 809/459/777 808/458/776 807/457/775
f 807/457/775 806/456/774 810/460/778
f 811/461/779 810/460/778 806/456/774
f 809/459/777 807/457/775 812/462/780
f 810/460/778 812/462/780 807/457/775
f 810/460/778 811/461/779 813/463/781
f 812/462/780 810/460/778 814/464/782
f 815/465/783 813/463/781 811/461/779
f 815/465/783 811/461/779 816/466/784
f 817/467/785 815/465/783 816/466/784
f 818/468/786 810/460/778 813/463/781
f 810/460/778 818/468/786 814/464/782
f 815/465/783 817/467/785 819/469/787
f 820/470/788 819/469/787 817/467/785
f 821/471/789 813/463/781 815/465/783
f 819/469/787 821/471/789 815/465/783
f 813/463/781 821/471/789 818/468/786
f 820/470/788 822/472/790 819/469/787
f 821/471/789 819/469/787 822/472/790
f 820/470/788 823/473/791 822/472/790
f 823/473/791 821/471/789 822/472/790
f 820/470/788 824/474/792 823/473/791
f 821/471/789 823/473/791 825/475/793
f 824/474/792 825/475/793 823/473/791
f 821/471/789 826/476/794 818/468/786
f 826/476/794 821/471/789 825/475/793
f 820/470/788 827/477/795 824/474/792
f 820/470/788 828/478/796 827/477/795
f 828/478/796 829/479/797 827/477/795
f 829/479/797 824/474/792 827/477/795
f 829/479/797 828/478/796 830/480/798
f 825/475/793 824/474/792 831/481/799
f 824/474/792 829/479/797 831/481/799
f 830/480/798 832/482/800 829/479/797
f 832/482/800 831/481/799 829/479/797
f 832/482/800 830/480/798 833/483/801
f 834/484/802 825/475/793 831/481/799
f 831/481/799 832/482/800 834/484/802
f 825/475/793 834/484/802 826/476/794
f 832/482/800 833/483/801 835/485/803
f 835/485/803 833/483/801 836/486/804
f 837/487/805 835/485/803 836/486/804
f 834/484/802 832/482/800 838/488/806
f 838/488/806 832/482/800 835/485/803
f 826/476/794 834/484/802 839/489/807
f 839/489/807 834/484/802 838/488/806
f 839/489/807 818/468/786 826/476/794
f 818/468/786 839/489/807 814/464/782
f 812/462/780 814/464/782 839/489/807
f 812/462/780 839/489/807 840/490/808
f 839/489/807 838/488/806 840/490/808
f 809/459/777 812/462/780 840/490/808
f 840/490/808 838/488/806 841/491/809
f 809/459/777 840/490/808 841/491/809
f 835/485/803 841/491/809 838/488/806
f 809/459/777 841/491/809 842/492/810
f 841/491/809 835/485/803 842/492/810
f 809/459/777 842/492/810 837/487/805
f 835/485/803 837/487/805 842/492/810
f 843/493/811 844/494/812 845/495/813
f 846/496/814 845/495/813 844/494/812
f 845/495/813 847/497/815 843/493/811
f 843/493/811 847/497/815 848/498/816
f 846/496/814 849/499/817 845/495/813
f 849/499/817 847/497/815 845/495/813
f 848/498/816 847/497/815 850/500/818
f 847/497/815 849/499/817 851/501/819
f 852/502/820 848/498/816 850/500/818
f 848/498/816 852/502/820 853/503/821
f 854/504/805 853/503/821 852/502/820
f 847/497/815 855/505/822 850/500/818
f 855/505/822 847/497/815 851/501/819
f 854/504/805 852/502/820 856/506/823
f 857/507/777 854/504/805 856/506/823
f 850/500/818 858/508/824 852/502/820
f 852/502/820 858/508/824 856/506/823
f 858/508/824 850/500/818 855/505/822
f 857/507/777 856/506/823 859/509/825
f 856/506/823 858/508/824 859/509/825
f 857/507/777 859/509/825 860/510/826
f 858/508/824 860/510/826 859/509/825
f 857/507/777 860/510/826 861/511/827
f 860/510/826 858/508/824 862/512/828
f 862/512/828 861/511/827 860/510/826
f 863/513/829 858/508/824 855/505/822
f 858/508/824 863/513/829 862/512/828
f 857/507/777 861/511/827 864/514/830
f 857/507/777 864/514/830 865/515/831
f 866/516/832 865/515/831 864/514/830
f 866/516/832 864/514/830 861/511/827
f 865/515/831 866/516/832 867/517/833
f 861/511/827 862/512/828 868/518/834
f 866/516/832 861/511/827 868/518/834
f 869/519/835 867/517/833 866/516/832
f 869/519/835 866/516/832 868/518/834
f 867/517/833 869/519/835 870/520/836
f 871/521/837 870/520/836 869/519/835
f 862/512/828 872/522/838 868/518/834
f 869/519/835 868/518/834 872/522/838
f 872/522/838 862/512/828 863/513/829
f 871/521/837 869/519/835 873/523/839
f 874/524/840 871/521/837 873/523/839
f 875/525/841 869/519/835 872/522/838
f 869/519/835 875/525/841 873/523/839
f 876/526/842 872/522/838 863/513/829
f 872/522/838 876/526/842 875/525/841
f 855/505/822 876/526/842 863/513/829
f 876/526/842 855/505/822 851/501/819
f 849/499/817 876/526/842 851/501/819
f 876/526/842 849/499/817 877/527/843
f 877/527/843 875/525/841 876/526/842
f 846/496/814 877/527/843 849/499/817
f 875/525/841 877/527/843 878/528/844
f 846/496/814 878/528/844 877/527/843
f 878/528/844 873/523/839 875/525/841
f 846/496/814 879/529/845 878/528/844
f 873/523/839 878/528/844 879/529/845
f 846/496/814 874/524/840 879/529/845
f 874/524/840 873/523/839 879/529/845
f 880/530/846 881/531/847 882/532/848
f 880/530/846 882/532/848 883/533/849
f 884/534/850 882/532/848 881/531/847
f 882/532/848 885/535/851 883/533/849
f 886/536/852 882/532/848 884/534/850
f 882/532/848 887/537/853 885/535/851
f 882/532/848 886/536/852 888/538/854
f 887/537/853 882/532/848 889/539/855
f 882/532/848 888/538/854 890/540/856
f 882/532/848 891/541/857 889/539/855
f 882/532/848 890/540/856 892/542/858
f 893/543/859 891/541/857 882/532/848
f 882/532/848 892/542/858 894/544/860
f 893/543/859 882/532/848 895/545/861
f 896/546/862 882/532/848 894/544/860
f 882/532/848 897/547/863 895/545/861
f 898/548/864 882/532/848 896/546/862
f 882/532/848 899/549/865 897/547/863
f 882/532/848 898/548/864 900/550/866
f 899/549/865 882/532/848 900/550/866
f 901/551/867 902/552/868 903/553/869
f 901/551/867 904/554/870 902/552/868
f 901/551/867 903/553/869 905/555/871
f 901/551/867 906/556/872 904/554/870
f 901/551/867 905/555/871 907/557/873
f 901/551/867 908/558/874 906/556/872
f 901/551/867 907/557/873 909/559/875
f 901/551/867 910/560/876 908/558/874
f 901/551/867 909/559/875 911/561/877
f 901/551/867 912/562/878 910/560/876
f 901/551/867 911/561/877 913/563/879
f 901/551/867 914/564/880 912/562/878
f 901/551/867 913/563/879 915/565/881
f 901/551/867 916/566/882 914/564/880
f 901/551/867 915/565/881 917/567/883
f 901/551/867 918/568/884 916/566/882
f 901/551/867 917/567/883 919/569/885
f 901/551/867 920/570/886 918/568/884
f 901/551/867 919/569/885 921/571/887
f 901/551/867 921/571/887 920/570/886
f 922/551/888 923/553/889 924/552/890
f 922/551/888 924/552/890 925/554/891
f 922/551/888 926/555/892 923/553/889
f 922/551/888 925/554/891 927/556/893
f 922/551/888 928/557/894 926/555/892
f 922/551/888 927/556/893 929/558/895
f 922/551/888 930/559/896 928/557/894
f 922/551/888 929/558/895 931/560/897
f 922/551/888 932/561/898 930/559/896
f 922/551/888 931/560/897 933/562/899
f 922/551/888 934/563/900 932/561/898
f 922/551/888 933/562/899 935/564/901
f 922/551/888 936/565/902 934/563/900
f 922/551/888 935/564/901 937/566/903
f 922/551/888 938/567/904 936/565/902
f 922/551/888 937/566/903 939/568/905
f 922/551/888 940/569/906 938/567/904
f 922/551/888 939/568/905 941/570/907
f 922/551/888 942/571/908 940/569/906
f 922/551/888 941/570/907 942/571/908
f 943/532/909 944/531/910 945/530/911
f 943/532/909 945/530/911 946/533/912
f 943/532/909 947/534/913 944/531/910
f 943/532/909 946/533/912 948/535/914
f 947/534/913 943/532/909 949/536/915
f 950/537/916 943/532/909 948/535/914
f 949/536/915 943/532/909 951/538/917
f 952/539/918 943/532/909 950/537/916
f 951/538/917 943/532/909 953/540/919
f 954/541/920 943/532/909 952/539/918
f 953/540/919 943/532/909 955/542/921
f 943/532/909 954/541/920 956/543/922
f 943/532/909 957/544/923 955/542/921
f 943/532/909 956/543/922 958/545/924
f 943/532/909 959/546/925 957/544/923
f 943/532/909 958/545/924 960/547/926
f 943/532/909 961/548/927 959/546/925
f 962/549/928 943/532/909 960/547/926
f 961/548/927 943/532/909 963/550/929
f 963/550/929 943/532/909 962/549/928
