# Blender 4.1.1
# www.blender.org
mtllib Door.mtl
o Door_Medieval_Cube.001
v 1.348696 4.199132 0.101600
v -1.359592 4.199132 0.101600
v 1.557216 0.015240 -0.101600
v 1.572456 0.015240 -0.086360
v 1.557216 -0.000000 -0.086360
v 1.131828 -0.000000 -0.086360
v 1.116588 0.015240 -0.086360
v 1.131828 0.015240 -0.101600
v 1.348696 0.015240 -0.101600
v 1.348696 -0.000000 -0.086360
v 1.348696 5.145716 -0.086360
v 1.348696 5.114848 -0.101600
v 1.116588 5.474076 -0.086360
v 1.125120 5.476688 -0.086360
v 1.131828 5.436028 -0.101600
v 1.556920 0.015240 0.101600
v 1.557216 0.000000 0.086360
v 1.572456 0.015240 0.086360
v 1.131828 0.000000 0.086360
v 1.131828 0.015240 0.101600
v 1.116588 0.015240 0.086360
v 1.348696 0.000000 0.086360
v 1.348696 0.015240 0.101600
v 1.348696 5.111924 0.101600
v 1.348696 5.145716 0.086360
v 1.116588 5.474076 0.086360
v 1.131828 5.433216 0.101600
v 1.125120 5.476688 0.086360
v 1.375012 5.054608 -0.101600
v 1.399416 5.030128 -0.086360
v 1.557216 4.204460 -0.101600
v 1.572456 4.205116 -0.086360
v 1.471208 4.771224 -0.101600
v 1.485936 4.775252 -0.086360
v 1.534168 4.471048 -0.101600
v 1.549272 4.473276 -0.086360
v 1.556908 4.204700 0.101600
v 1.572456 4.205116 0.086360
v 1.399416 5.030128 0.086360
v 1.402544 4.988368 0.101600
v 1.533148 4.479104 0.101600
v 1.549272 4.473276 0.086360
v 1.465048 4.803676 0.101600
v 1.485936 4.775252 0.086360
v -1.568112 0.015240 -0.101600
v -1.568112 -0.000000 -0.086360
v -1.583352 0.015240 -0.086360
v -1.142724 -0.000000 -0.086360
v -1.142724 0.015240 -0.101600
v -1.127484 0.015240 -0.086360
v -1.359592 -0.000000 -0.086360
v -1.359592 0.015240 -0.101600
v -1.359592 5.114848 -0.101600
v -1.359592 5.145716 -0.086360
v -1.127484 5.474076 -0.086360
v -1.142724 5.436028 -0.101600
v -1.136016 5.476688 -0.086360
v -1.567816 0.015240 0.101600
v -1.583352 0.015240 0.086360
v -1.568112 0.000000 0.086360
v -1.142724 0.000000 0.086360
v -1.127484 0.015240 0.086360
v -1.142724 0.015240 0.101600
v -1.359592 0.015240 0.101600
v -1.359592 0.000000 0.086360
v -1.359592 5.145716 0.086360
v -1.359592 5.111924 0.101600
v -1.127484 5.474076 0.086360
v -1.136016 5.476688 0.086360
v -1.142724 5.433216 0.101600
v -1.385908 5.054608 -0.101600
v -1.410312 5.030128 -0.086360
v -1.568112 4.204460 -0.101600
v -1.583352 4.205116 -0.086360
v -1.482104 4.771224 -0.101600
v -1.496832 4.775252 -0.086360
v -1.545064 4.471048 -0.101600
v -1.560168 4.473276 -0.086360
v -1.583352 4.205116 0.086360
v -1.567804 4.204700 0.101600
v -1.413440 4.988368 0.101600
v -1.410312 5.030128 0.086360
v -1.560168 4.473276 0.086360
v -1.544044 4.479104 0.101600
v -1.475944 4.803676 0.101600
v -1.496832 4.775252 0.086360
v 0.833072 5.531056 -0.101600
v 0.833072 5.531056 0.101600
v -0.843968 5.531056 -0.101600
v -0.843968 5.531056 0.101600
v 0.833072 0.015240 -0.101600
v 0.833072 -0.000000 -0.086360
v 0.604372 -0.000000 -0.086360
v 0.589132 0.015240 -0.086360
v 0.604372 0.015240 -0.101600
v 1.102328 0.015240 -0.086360
v 1.087088 -0.000000 -0.086360
v 1.085004 0.015240 -0.101600
v 0.600572 6.034956 -0.086356
v 0.604372 6.012032 -0.101596
v 0.589132 6.029784 -0.086352
v 0.589132 5.531056 -0.086360
v 0.604372 5.531056 -0.101600
v 0.833072 5.830288 -0.086360
v 0.833072 5.810740 -0.101600
v 1.102328 5.515816 -0.086360
v 1.084920 5.531056 -0.101600
v 1.092132 5.542384 -0.086360
v 0.833072 0.000000 0.086360
v 0.833072 0.015240 0.101600
v 0.604372 0.000000 0.086360
v 0.604372 0.015240 0.101600
v 0.589132 0.015240 0.086360
v 1.102328 0.015240 0.086360
v 1.085004 0.015240 0.101600
v 1.087088 0.000000 0.086360
v 0.600572 6.034956 0.086360
v 0.589132 6.029784 0.086360
v 0.604372 6.012032 0.101600
v 0.604372 5.531056 0.101600
v 0.589132 5.531056 0.086360
v 0.833072 5.810740 0.101600
v 0.833072 5.830288 0.086360
v 1.102328 5.515816 0.086360
v 1.092132 5.542384 0.086360
v 1.084920 5.531056 0.101600
v -0.843968 -0.000000 -0.086360
v -0.843968 0.015240 -0.101600
v -0.615268 -0.000000 -0.086360
v -0.615268 0.015240 -0.101600
v -0.600028 0.015240 -0.086360
v -1.113224 0.015240 -0.086360
v -1.095900 0.015240 -0.101600
v -1.097984 -0.000000 -0.086360
v -0.611468 6.034956 -0.086356
v -0.600028 6.029784 -0.086352
v -0.615268 6.012032 -0.101596
v -0.615268 5.531056 -0.101600
v -0.600028 5.531056 -0.086360
v -0.843968 5.810740 -0.101600
v -0.843968 5.830288 -0.086360
v -1.113224 5.515816 -0.086360
v -1.103028 5.542384 -0.086360
v -1.095816 5.531056 -0.101600
v -0.843968 0.015240 0.101600
v -0.843968 0.000000 0.086360
v -0.615268 0.000000 0.086360
v -0.600028 0.015240 0.086360
v -0.615268 0.015240 0.101600
v -1.113224 0.015240 0.086360
v -1.097984 0.000000 0.086360
v -1.095900 0.015240 0.101600
v -0.611468 6.034956 0.086360
v -0.615268 6.012032 0.101600
v -0.600028 6.029784 0.086360
v -0.600028 5.531056 0.086360
v -0.615268 5.531056 0.101600
v -0.843968 5.830288 0.086360
v -0.843968 5.810740 0.101600
v -1.113224 5.515816 0.086360
v -1.095816 5.531056 0.101600
v -1.103028 5.542384 0.086360
v -0.287444 5.531056 -0.101600
v -0.287444 6.065500 -0.101600
v -0.287444 5.531056 0.101600
v -0.287444 6.065500 0.101600
v -0.005448 0.015240 -0.086360
v -0.020688 -0.000000 -0.086360
v -0.020688 0.015240 -0.101600
v -0.005448 6.457272 -0.086360
v -0.020688 6.448128 -0.101600
v -0.018272 6.464280 -0.086360
v -0.574712 0.015240 -0.086360
v -0.557344 0.015240 -0.101600
v -0.559472 -0.000000 -0.086360
v -0.287444 6.277036 -0.101600
v -0.287444 6.291496 -0.086360
v -0.005448 6.065500 -0.086360
v -0.020688 6.065500 -0.101600
v -0.574712 6.050260 -0.086360
v -0.562736 6.074920 -0.086360
v -0.556996 6.065500 -0.101600
v -0.287444 -0.000000 -0.086360
v -0.287444 0.015240 -0.101600
v -0.020688 5.531056 -0.101600
v -0.005448 5.531056 -0.086360
v -0.574712 5.531056 -0.086360
v -0.557260 5.531056 -0.101600
v -0.005448 0.015240 0.086360
v -0.020688 0.015240 0.101600
v -0.020688 0.000000 0.086360
v -0.005448 6.457272 0.086360
v -0.018272 6.464280 0.086360
v -0.020688 6.448128 0.101600
v -0.574712 0.015240 0.086360
v -0.559472 0.000000 0.086360
v -0.557344 0.015240 0.101600
v -0.287444 6.291496 0.086360
v -0.287444 6.277036 0.101600
v -0.020688 6.065500 0.101600
v -0.005448 6.065500 0.086360
v -0.574712 6.050260 0.086360
v -0.556996 6.065500 0.101600
v -0.562736 6.074920 0.086360
v -0.287444 0.015240 0.101600
v -0.287444 0.000000 0.086360
v -0.005448 5.531056 0.086360
v -0.020688 5.531056 0.101600
v -0.557260 5.531056 0.101600
v -0.574712 5.531056 0.086360
v 0.276548 5.531056 -0.101600
v 0.276548 6.065500 -0.101600
v 0.276548 5.531056 0.101600
v 0.276548 6.065500 0.101600
v 0.563816 0.015240 -0.086360
v 0.548576 -0.000000 -0.086360
v 0.546460 0.015240 -0.101600
v 0.276548 6.291496 -0.086360
v 0.276548 6.277052 -0.101600
v 0.563816 6.050260 -0.086360
v 0.546116 6.065500 -0.101600
v 0.551840 6.074920 -0.086360
v 0.276548 0.015240 -0.101600
v 0.276548 -0.000000 -0.086360
v 0.546376 5.531056 -0.101600
v 0.563816 5.531056 -0.086360
v 0.031584 -0.000000 -0.086360
v 0.016344 0.015240 -0.086360
v 0.031584 0.015240 -0.101600
v 0.016344 6.439268 -0.086360
v 0.029260 6.446420 -0.086360
v 0.031584 6.430380 -0.101600
v 0.031584 6.065500 -0.101600
v 0.016344 6.065500 -0.086360
v 0.016344 5.531056 -0.086360
v 0.031584 5.531056 -0.101600
v 0.563816 0.015240 0.086360
v 0.546460 0.015240 0.101600
v 0.548576 0.000000 0.086360
v 0.276548 6.277052 0.101600
v 0.276548 6.291496 0.086360
v 0.563816 6.050260 0.086360
v 0.551840 6.074920 0.086360
v 0.546116 6.065500 0.101600
v 0.276548 0.000000 0.086360
v 0.276548 0.015240 0.101600
v 0.563816 5.531056 0.086360
v 0.546376 5.531056 0.101600
v 0.031584 0.000000 0.086360
v 0.031584 0.015240 0.101600
v 0.016344 0.015240 0.086360
v 0.016344 6.439268 0.086360
v 0.031584 6.430380 0.101600
v 0.029260 6.446420 0.086360
v 0.016344 6.065500 0.086360
v 0.031584 6.065500 0.101600
v 0.031584 5.531056 0.101600
v 0.016344 5.531056 0.086360
v 1.605196 4.202880 0.070052
v -0.623960 4.202880 0.163800
v -0.716312 4.202880 0.163800
v -0.852000 4.202880 0.163800
v -0.784156 4.202880 0.163800
v -0.670136 4.202880 0.163800
v 1.605196 4.202880 -0.064192
v -0.623960 4.202880 -0.157940
v -0.716312 4.202880 -0.157940
v -0.852000 4.202880 -0.157940
v -0.784156 4.202880 -0.157940
v -0.670136 4.202880 -0.157940
v 1.659384 4.012600 -0.072808
v 1.659384 4.027840 -0.088584
v 1.614096 4.027840 -0.076452
v 1.621984 4.012600 -0.062788
v 1.580944 4.027840 -0.043296
v 1.594604 4.012600 -0.035408
v 1.568808 4.027840 0.001992
v 1.584584 4.012600 0.001992
v 1.580944 4.027840 0.047280
v 1.594604 4.012600 0.039392
v 1.614096 4.027840 0.080432
v 1.621984 4.012600 0.066768
v 1.659384 4.027840 0.092568
v 1.659384 4.012600 0.076792
v 1.704672 4.027840 0.080432
v 1.696784 4.012600 0.066768
v 1.737824 4.027840 0.047280
v 1.724160 4.012600 0.039392
v 1.749960 4.027840 0.001992
v 1.734184 4.012600 0.001992
v 1.737824 4.027840 -0.043296
v 1.724160 4.012600 -0.035408
v 1.704672 4.027840 -0.076452
v 1.696784 4.012600 -0.062788
v 1.659384 4.374456 -0.088584
v 1.659384 4.389696 -0.072808
v 1.621984 4.389696 -0.062788
v 1.614096 4.374456 -0.076452
v 1.594604 4.389696 -0.035408
v 1.580944 4.374456 -0.043296
v 1.584584 4.389696 0.001992
v 1.568808 4.374456 0.001992
v 1.594604 4.389696 0.039392
v 1.580944 4.374456 0.047280
v 1.621984 4.389696 0.066768
v 1.614096 4.374456 0.080432
v 1.659384 4.389696 0.076792
v 1.659384 4.374456 0.092568
v 1.696784 4.389696 0.066768
v 1.704672 4.374456 0.080432
v 1.724160 4.389696 0.039392
v 1.737824 4.374456 0.047280
v 1.734184 4.389696 0.001992
v 1.749960 4.374456 0.001992
v 1.724160 4.389696 -0.035408
v 1.737824 4.374456 -0.043296
v 1.696784 4.389696 -0.062788
v 1.704672 4.374456 -0.076452
v -0.922724 4.086388 0.148560
v -0.903960 4.084032 0.163800
v 1.589956 4.085072 0.095500
v 1.605196 4.100312 0.070052
v -0.922724 4.319372 0.148560
v -0.903960 4.321724 0.163800
v 1.589956 4.320688 0.095500
v 1.605196 4.305448 0.070052
v -0.970240 4.202880 0.163800
v -0.987688 4.202880 0.148560
v -0.623960 4.085072 0.147468
v -0.623960 4.103272 0.163800
v -0.623960 4.320688 0.147468
v -0.623960 4.302484 0.163800
v -0.708608 4.466596 0.147620
v -0.728384 4.476812 0.148560
v -0.713896 4.461980 0.163800
v -0.728384 3.928944 0.148560
v -0.708608 3.939164 0.147620
v -0.713896 3.943780 0.163800
v -0.846204 4.387796 0.163800
v -0.845592 4.407392 0.148560
v -0.845592 3.998364 0.148560
v -0.846204 4.017960 0.163800
v -0.779984 3.962508 0.163800
v -0.779656 3.943420 0.148560
v -0.779984 4.443252 0.163800
v -0.779656 4.462340 0.148560
v -0.668996 4.069336 0.163800
v -0.668840 4.050924 0.147584
v -0.668996 4.336424 0.163800
v -0.668840 4.354832 0.147584
v -0.903960 4.084032 -0.157940
v -0.922724 4.086388 -0.142700
v 1.589956 4.085072 -0.089640
v 1.605196 4.100312 -0.064192
v -0.903960 4.321724 -0.157940
v -0.922724 4.319372 -0.142700
v 1.589956 4.320688 -0.089640
v 1.605196 4.305448 -0.064192
v -0.987688 4.202880 -0.142700
v -0.970240 4.202880 -0.157940
v -0.623960 4.103272 -0.157940
v -0.623960 4.085072 -0.141608
v -0.623960 4.302484 -0.157940
v -0.623960 4.320688 -0.141608
v -0.708608 4.466596 -0.141760
v -0.713896 4.461980 -0.157940
v -0.728384 4.476812 -0.142700
v -0.728384 3.928944 -0.142700
v -0.713896 3.943780 -0.157940
v -0.708608 3.939164 -0.141760
v -0.845592 4.407392 -0.142700
v -0.846204 4.387796 -0.157940
v -0.846204 4.017960 -0.157940
v -0.845592 3.998364 -0.142700
v -0.779656 3.943420 -0.142700
v -0.779984 3.962508 -0.157940
v -0.779656 4.462340 -0.142700
v -0.779984 4.443252 -0.157940
v -0.668840 4.050924 -0.141724
v -0.668996 4.069336 -0.157940
v -0.668840 4.354832 -0.141724
v -0.668996 4.336424 -0.157940
v 1.577128 4.100312 0.149432
v 1.556808 4.103160 0.163800
v 1.572048 4.085072 0.147264
v 1.556808 4.302600 0.163800
v 1.577128 4.305448 0.149432
v 1.572048 4.320688 0.147264
v 1.577128 4.202880 0.149432
v 1.556808 4.202880 0.163800
v 1.577128 4.100312 -0.143572
v 1.572048 4.085072 -0.141404
v 1.556808 4.103160 -0.157940
v 1.556808 4.302600 -0.157940
v 1.572048 4.320688 -0.141404
v 1.577128 4.305448 -0.143572
v 1.556808 4.202880 -0.157940
v 1.577128 4.202880 -0.143572
v 1.605196 1.047156 0.070052
v -0.623960 1.047156 0.163800
v -0.716312 1.047156 0.163800
v -0.852000 1.047156 0.163800
v -0.784156 1.047156 0.163800
v -0.670136 1.047156 0.163800
v 1.605196 1.047156 -0.064192
v -0.623960 1.047156 -0.157940
v -0.716312 1.047156 -0.157940
v -0.852000 1.047156 -0.157940
v -0.784156 1.047156 -0.157940
v -0.670136 1.047156 -0.157940
v 1.659384 0.856880 -0.072808
v 1.659384 0.872120 -0.088584
v 1.614096 0.872120 -0.076452
v 1.621984 0.856880 -0.062788
v 1.580944 0.872120 -0.043296
v 1.594604 0.856880 -0.035408
v 1.568808 0.872120 0.001992
v 1.584584 0.856880 0.001992
v 1.580944 0.872120 0.047280
v 1.594604 0.856880 0.039392
v 1.614096 0.872120 0.080432
v 1.621984 0.856880 0.066768
v 1.659384 0.872120 0.092568
v 1.659384 0.856880 0.076792
v 1.704672 0.872120 0.080432
v 1.696784 0.856880 0.066768
v 1.737824 0.872120 0.047280
v 1.724160 0.856880 0.039392
v 1.749960 0.872120 0.001992
v 1.734184 0.856880 0.001992
v 1.737824 0.872120 -0.043296
v 1.724160 0.856880 -0.035408
v 1.704672 0.872120 -0.076452
v 1.696784 0.856880 -0.062788
v 1.659384 1.218736 -0.088584
v 1.659384 1.233976 -0.072808
v 1.621984 1.233976 -0.062788
v 1.614096 1.218736 -0.076452
v 1.594604 1.233976 -0.035408
v 1.580944 1.218736 -0.043296
v 1.584584 1.233976 0.001992
v 1.568808 1.218736 0.001992
v 1.594604 1.233976 0.039392
v 1.580944 1.218736 0.047280
v 1.621984 1.233976 0.066768
v 1.614096 1.218736 0.080432
v 1.659384 1.233976 0.076792
v 1.659384 1.218736 0.092568
v 1.696784 1.233976 0.066768
v 1.704672 1.218736 0.080432
v 1.724160 1.233976 0.039392
v 1.737824 1.218736 0.047280
v 1.734184 1.233976 0.001992
v 1.749960 1.218736 0.001992
v 1.724160 1.233976 -0.035408
v 1.737824 1.218736 -0.043296
v 1.696784 1.233976 -0.062788
v 1.704672 1.218736 -0.076452
v -0.922724 0.930664 0.148560
v -0.903960 0.928312 0.163800
v 1.589956 0.929348 0.095500
v 1.605196 0.944588 0.070052
v -0.922724 1.163648 0.148560
v -0.903960 1.166004 0.163800
v 1.589956 1.164964 0.095500
v 1.605196 1.149724 0.070052
v -0.970240 1.047156 0.163800
v -0.987688 1.047156 0.148560
v -0.623960 0.929348 0.147468
v -0.623960 0.947552 0.163800
v -0.623960 1.164964 0.147468
v -0.623960 1.146764 0.163800
v -0.708608 1.310872 0.147620
v -0.728384 1.321092 0.148560
v -0.713896 1.306256 0.163800
v -0.728384 0.773224 0.148560
v -0.708608 0.783440 0.147620
v -0.713896 0.788056 0.163800
v -0.846204 1.232076 0.163800
v -0.845592 1.251672 0.148560
v -0.845592 0.842644 0.148560
v -0.846204 0.862240 0.163800
v -0.779984 0.806784 0.163800
v -0.779656 0.787696 0.148560
v -0.779984 1.287528 0.163800
v -0.779656 1.306616 0.148560
v -0.668996 0.913612 0.163800
v -0.668840 0.895204 0.147584
v -0.668996 1.180700 0.163800
v -0.668840 1.199112 0.147584
v -0.903960 0.928312 -0.157940
v -0.922724 0.930664 -0.142700
v 1.589956 0.929348 -0.089640
v 1.605196 0.944588 -0.064192
v -0.903960 1.166004 -0.157940
v -0.922724 1.163648 -0.142700
v 1.589956 1.164964 -0.089640
v 1.605196 1.149724 -0.064192
v -0.987688 1.047156 -0.142700
v -0.970240 1.047156 -0.157940
v -0.623960 0.947552 -0.157940
v -0.623960 0.929348 -0.141608
v -0.623960 1.146764 -0.157940
v -0.623960 1.164964 -0.141608
v -0.708608 1.310872 -0.141760
v -0.713896 1.306256 -0.157940
v -0.728384 1.321092 -0.142700
v -0.728384 0.773224 -0.142700
v -0.713896 0.788056 -0.157940
v -0.708608 0.783440 -0.141760
v -0.845592 1.251672 -0.142700
v -0.846204 1.232076 -0.157940
v -0.846204 0.862240 -0.157940
v -0.845592 0.842644 -0.142700
v -0.779656 0.787696 -0.142700
v -0.779984 0.806784 -0.157940
v -0.779656 1.306616 -0.142700
v -0.779984 1.287528 -0.157940
v -0.668840 0.895204 -0.141724
v -0.668996 0.913612 -0.157940
v -0.668840 1.199112 -0.141724
v -0.668996 1.180700 -0.157940
v 1.577128 0.944588 0.149432
v 1.556808 0.947436 0.163800
v 1.572048 0.929348 0.147264
v 1.556808 1.146876 0.163800
v 1.577128 1.149724 0.149432
v 1.572048 1.164964 0.147264
v 1.577128 1.047156 0.149432
v 1.556808 1.047156 0.163800
v 1.577128 0.944588 -0.143572
v 1.572048 0.929348 -0.141404
v 1.556808 0.947436 -0.157940
v 1.556808 1.146876 -0.157940
v 1.572048 1.164964 -0.141404
v 1.577128 1.149724 -0.143572
v 1.556808 1.047156 -0.157940
v 1.577128 1.047156 -0.143572
v -1.090708 2.672992 0.171616
v -1.098392 2.672992 0.190168
v -1.116944 2.672992 0.197852
v -1.135496 2.672992 0.190168
v -1.143180 2.672992 0.171616
v -1.135496 2.672992 0.153064
v -1.116944 2.672992 0.145380
v -1.098392 2.672992 0.153064
v -1.098616 2.733052 0.171616
v -1.106040 2.731064 0.190168
v -1.123960 2.726260 0.197852
v -1.141880 2.721460 0.190168
v -1.149300 2.719472 0.171616
v -1.141880 2.721460 0.153064
v -1.123960 2.726260 0.145380
v -1.106040 2.731064 0.153064
v -1.121800 2.789020 0.171616
v -1.128452 2.785180 0.190168
v -1.144520 2.775904 0.197852
v -1.160588 2.766628 0.190168
v -1.167240 2.762784 0.171616
v -1.160588 2.766628 0.153064
v -1.144520 2.775904 0.145380
v -1.128452 2.785180 0.153064
v -1.158676 2.837080 0.171616
v -1.164112 2.831648 0.190168
v -1.177228 2.818528 0.197852
v -1.190348 2.805412 0.190168
v -1.195780 2.799976 0.171616
v -1.190348 2.805412 0.153064
v -1.177228 2.818528 0.145380
v -1.164112 2.831648 0.153064
v -1.206740 2.873960 0.171616
v -1.210580 2.867304 0.190168
v -1.219856 2.851240 0.197852
v -1.229132 2.835172 0.190168
v -1.232976 2.828516 0.171616
v -1.229132 2.835172 0.153064
v -1.219856 2.851240 0.145380
v -1.210580 2.867304 0.153064
v -1.262708 2.897144 0.171616
v -1.264696 2.889720 0.190168
v -1.269496 2.871800 0.197852
v -1.274300 2.853880 0.190168
v -1.276288 2.846460 0.171616
v -1.274300 2.853880 0.153064
v -1.269496 2.871800 0.145380
v -1.264696 2.889720 0.153064
v -1.382828 2.897144 0.171616
v -1.380840 2.889720 0.190168
v -1.376040 2.871800 0.197852
v -1.371236 2.853880 0.190168
v -1.369248 2.846460 0.171616
v -1.371236 2.853880 0.153064
v -1.376040 2.871800 0.145380
v -1.380840 2.889720 0.153064
v -1.438796 2.873960 0.171616
v -1.434956 2.867304 0.190168
v -1.425680 2.851240 0.197852
v -1.416404 2.835172 0.190168
v -1.412560 2.828516 0.171616
v -1.416404 2.835172 0.153064
v -1.425680 2.851240 0.145380
v -1.434956 2.867304 0.153064
v -1.486860 2.837080 0.171616
v -1.481424 2.831648 0.190168
v -1.468308 2.818528 0.197852
v -1.455188 2.805412 0.190168
v -1.449756 2.799976 0.171616
v -1.455188 2.805412 0.153064
v -1.468308 2.818528 0.145380
v -1.481424 2.831648 0.153064
v -1.523736 2.789020 0.171616
v -1.517080 2.785180 0.190168
v -1.501016 2.775904 0.197852
v -1.484948 2.766628 0.190168
v -1.478296 2.762784 0.171616
v -1.484948 2.766628 0.153064
v -1.501016 2.775904 0.145380
v -1.517080 2.785180 0.153064
v -1.546920 2.733052 0.171616
v -1.539496 2.731064 0.190168
v -1.521576 2.726260 0.197852
v -1.503656 2.721460 0.190168
v -1.496236 2.719472 0.171616
v -1.503656 2.721460 0.153064
v -1.521576 2.726260 0.145380
v -1.539496 2.731064 0.153064
v -1.554828 2.672992 0.171616
v -1.547140 2.672992 0.190168
v -1.528592 2.672992 0.197852
v -1.510040 2.672992 0.190168
v -1.502356 2.672992 0.171616
v -1.510040 2.672992 0.153064
v -1.528592 2.672992 0.145380
v -1.547140 2.672992 0.153064
v -1.546920 2.612928 0.171616
v -1.539496 2.614920 0.190168
v -1.521576 2.619720 0.197852
v -1.503656 2.624520 0.190168
v -1.496236 2.626512 0.171616
v -1.503656 2.624520 0.153064
v -1.521576 2.619720 0.145380
v -1.539496 2.614920 0.153064
v -1.523736 2.556960 0.171616
v -1.517080 2.560804 0.190168
v -1.501016 2.570080 0.197852
v -1.484948 2.579356 0.190168
v -1.478296 2.583196 0.171616
v -1.484948 2.579356 0.153064
v -1.501016 2.570080 0.145380
v -1.517080 2.560804 0.153064
v -1.486860 2.508900 0.171616
v -1.481424 2.514336 0.190168
v -1.468308 2.527452 0.197852
v -1.455188 2.540572 0.190168
v -1.449756 2.546004 0.171616
v -1.455188 2.540572 0.153064
v -1.468308 2.527452 0.145380
v -1.481424 2.514336 0.153064
v -1.438796 2.472024 0.171616
v -1.434956 2.478676 0.190168
v -1.425680 2.494744 0.197852
v -1.416404 2.510808 0.190168
v -1.412560 2.517464 0.171616
v -1.416404 2.510808 0.153064
v -1.425680 2.494744 0.145380
v -1.434956 2.478676 0.153064
v -1.382828 2.448840 0.171616
v -1.380840 2.456264 0.190168
v -1.376040 2.474180 0.197852
v -1.371236 2.492100 0.190168
v -1.369248 2.499524 0.171616
v -1.371236 2.492100 0.153064
v -1.376040 2.474180 0.145380
v -1.380840 2.456264 0.153064
v -1.322768 2.440932 0.171616
v -1.322768 2.448616 0.190168
v -1.322768 2.467168 0.197852
v -1.322768 2.485720 0.190168
v -1.322768 2.493404 0.171616
v -1.322768 2.485720 0.153064
v -1.322768 2.467168 0.145380
v -1.322768 2.448616 0.153064
v -1.262708 2.448840 0.171616
v -1.264696 2.456264 0.190168
v -1.269496 2.474180 0.197852
v -1.274300 2.492100 0.190168
v -1.276288 2.499524 0.171616
v -1.274300 2.492100 0.153064
v -1.269496 2.474180 0.145380
v -1.264696 2.456264 0.153064
v -1.206740 2.472024 0.171616
v -1.210580 2.478676 0.190168
v -1.219856 2.494744 0.197852
v -1.229132 2.510808 0.190168
v -1.232976 2.517464 0.171616
v -1.229132 2.510808 0.153064
v -1.219856 2.494744 0.145380
v -1.210580 2.478676 0.153064
v -1.158676 2.508900 0.171616
v -1.164112 2.514336 0.190168
v -1.177228 2.527452 0.197852
v -1.190348 2.540572 0.190168
v -1.195780 2.546004 0.171616
v -1.190348 2.540572 0.153064
v -1.177228 2.527452 0.145380
v -1.164112 2.514336 0.153064
v -1.121800 2.556960 0.171616
v -1.128452 2.560804 0.190168
v -1.144520 2.570080 0.197852
v -1.160588 2.579356 0.190168
v -1.167240 2.583196 0.171616
v -1.160588 2.579356 0.153064
v -1.144520 2.570080 0.145380
v -1.128452 2.560804 0.153064
v -1.098616 2.612928 0.171616
v -1.106040 2.614920 0.190168
v -1.123960 2.619720 0.197852
v -1.141880 2.624520 0.190168
v -1.149300 2.626512 0.171616
v -1.141880 2.624520 0.153064
v -1.123960 2.619720 0.145380
v -1.106040 2.614920 0.153064
v -1.322676 2.953368 0.096192
v -1.297960 2.948452 0.096192
v -1.277004 2.934448 0.096192
v -1.263000 2.913492 0.096192
v -1.258084 2.888776 0.096192
v -1.263000 2.864056 0.096192
v -1.277004 2.843100 0.096192
v -1.297960 2.829100 0.096192
v -1.322676 2.824180 0.096192
v -1.347396 2.829100 0.096192
v -1.368352 2.843100 0.096192
v -1.382352 2.864056 0.096192
v -1.387272 2.888776 0.096192
v -1.382352 2.913492 0.096192
v -1.368352 2.934448 0.096192
v -1.347396 2.948452 0.096192
v -1.322676 2.944092 0.225376
v -1.322676 2.953368 0.216280
v -1.301508 2.939880 0.225376
v -1.297960 2.948452 0.216280
v -1.283564 2.927888 0.225376
v -1.277004 2.934448 0.216280
v -1.271572 2.909944 0.225376
v -1.263000 2.913492 0.216280
v -1.267360 2.888776 0.225376
v -1.258084 2.888776 0.216280
v -1.271572 2.867608 0.225376
v -1.263000 2.864056 0.216280
v -1.283564 2.849660 0.225376
v -1.277004 2.843100 0.216280
v -1.301508 2.837668 0.225376
v -1.297960 2.829100 0.216280
v -1.322676 2.833460 0.225376
v -1.322676 2.824180 0.216280
v -1.343844 2.837668 0.225376
v -1.347396 2.829100 0.216280
v -1.361792 2.849660 0.225376
v -1.368352 2.843100 0.216280
v -1.373784 2.867608 0.225376
v -1.382352 2.864056 0.216280
v -1.377992 2.888776 0.225376
v -1.387272 2.888776 0.216280
v -1.373784 2.909944 0.225376
v -1.382352 2.913492 0.216280
v -1.361792 2.927888 0.225376
v -1.368352 2.934448 0.216280
v -1.343844 2.939880 0.225376
v -1.347396 2.948452 0.216280
vn -0.0000 -0.0000 1.0000
vn -0.0000 -0.0001 1.0000
vn -1.0000 -0.0000 -0.0000
vn -1.0000 -0.0001 0.0001
vn -1.0000 -0.0000 0.0001
vn -0.0000 -1.0000 -0.0000
vn 0.0001 -1.0000 -0.0000
vn -0.0001 -1.0000 -0.0000
vn 0.0001 -0.0000 -1.0000
vn -0.0000 -0.0000 -1.0000
vn 0.8287 0.5597 0.0001
vn 0.8757 0.4828 -0.0016
vn 0.8757 0.4829 0.0019
vn 0.9991 0.0431 0.0004
vn 1.0000 -0.0000 -0.0000
vn 0.9322 0.3620 -0.0004
vn 0.9322 0.3619 0.0004
vn 0.0001 -0.0000 1.0000
vn -0.0001 -0.0000 1.0000
vn 0.9893 0.1460 -0.0008
vn 0.9893 0.1460 0.0009
vn 0.9646 0.2638 -0.0009
vn 0.9646 0.2638 0.0008
vn 0.0001 -1.0000 0.0001
vn -0.0000 0.0001 1.0000
vn 1.0000 -0.0000 -0.0001
vn 1.0000 -0.0000 0.0001
vn -0.0000 -1.0000 -0.0001
vn -0.8757 0.4829 -0.0017
vn -0.8287 0.5597 -0.0000
vn -0.8757 0.4829 0.0018
vn -0.9991 0.0431 0.0004
vn -0.9322 0.3619 -0.0004
vn -0.9322 0.3619 0.0005
vn -0.9893 0.1460 -0.0008
vn -0.9893 0.1460 0.0008
vn -0.9646 0.2638 -0.0009
vn -0.9646 0.2639 0.0008
vn -0.0001 -0.0000 -1.0000
vn 0.0001 0.0001 -1.0000
vn -0.0000 0.0001 -1.0000
vn -1.0000 -0.0000 -0.0001
vn 0.8286 0.5598 -0.0001
vn 0.0001 -0.0001 -1.0000
vn 0.0002 -1.0000 0.0001
vn 0.9991 0.0431 -0.0004
vn -0.0001 -0.0001 -1.0000
vn -0.9991 0.0430 -0.0004
vn 0.7032 0.7109 0.0009
vn 0.7434 0.6689 -0.0000
vn 0.7434 0.6689 -0.0001
vn -1.0000 -0.0001 -0.0001
vn 0.0001 0.0001 1.0000
vn 1.0000 0.0001 -0.0001
vn 0.6609 0.7505 0.0001
vn 0.7032 0.7110 -0.0008
vn -0.7434 0.6689 0.0001
vn -0.7032 0.7110 0.0009
vn -0.7434 0.6689 -0.0000
vn 1.0000 -0.0001 0.0001
vn -0.0000 -1.0000 0.0001
vn -0.0001 0.0001 1.0000
vn -1.0000 0.0001 -0.0000
vn -0.7032 0.7109 -0.0008
vn -0.6608 0.7505 0.0001
vn -0.0001 0.0001 -1.0000
vn 0.6608 0.7505 -0.0001
vn -0.6608 0.7505 -0.0001
vn 1.0000 -0.0001 -0.0000
vn -0.5799 0.8147 0.0006
vn -0.5403 0.8415 -0.0000
vn -0.5402 0.8415 0.0001
vn -1.0000 0.0001 -0.0001
vn -0.6183 0.7859 -0.0001
vn -0.5799 0.8147 -0.0006
vn -0.0001 -1.0000 -0.0001
vn -0.0000 -0.0001 -1.0000
vn 1.0000 -0.0001 -0.0001
vn -0.6184 0.7859 -0.0000
vn 0.5309 0.8474 -0.0000
vn 0.5754 0.8179 -0.0008
vn 0.5753 0.8179 0.0008
vn 0.6183 0.7859 0.0001
vn 0.6184 0.7859 -0.0001
vn 0.5310 0.8474 -0.0000
vn -0.8660 -0.0000 0.5000
vn 0.5000 -0.0000 -0.8660
vn 0.8660 -0.0000 -0.5000
vn 0.8660 -0.0000 0.5000
vn 0.5000 -0.0000 0.8660
vn -0.5000 -0.0000 0.8660
vn -0.0000 1.0000 -0.0000
vn -0.8660 -0.0000 -0.5000
vn -0.5000 -0.0000 -0.8660
vn -0.8173 -0.5762 0.0029
vn -0.8173 -0.5762 -0.0029
vn 0.8075 -0.5899 -0.0000
vn 0.3197 -0.9475 -0.0000
vn 0.9856 -0.0000 0.1691
vn 0.9856 -0.0000 -0.1691
vn 0.3197 0.9475 -0.0000
vn 0.8075 0.5899 -0.0000
vn -0.2716 0.9624 -0.0000
vn -0.4661 0.8847 -0.0000
vn -0.6983 -0.7158 0.0015
vn -0.6983 -0.7158 -0.0016
vn -0.8173 0.5762 -0.0028
vn -0.4662 -0.8847 -0.0000
vn 0.9421 -0.3353 -0.0000
vn 0.9428 -0.0000 -0.3335
vn 0.9428 -0.0001 -0.3334
vn 0.9428 0.0001 -0.3334
vn -0.0001 1.0000 -0.0000
vn -0.0001 1.0000 -0.0001
vn -0.6983 0.7158 -0.0016
vn -0.8173 0.5762 0.0029
vn 0.9428 0.0001 0.3334
vn 0.9428 -0.0000 0.3335
vn -0.2716 -0.9624 -0.0000
vn -0.6983 0.7158 0.0016
vn 0.9421 0.3353 -0.0000
vn 0.9428 -0.0001 0.3334
vn -0.4979 0.0930 -0.8623
vn -0.0000 -0.9789 0.2044
vn -0.0000 0.0929 -0.9957
vn 0.1771 -0.9789 0.1022
vn -0.8623 0.0930 -0.4978
vn 0.2044 -0.9789 -0.0000
vn -0.9957 0.0929 -0.0000
vn -0.8623 0.0930 0.4978
vn -0.4979 0.0930 0.8623
vn 0.1770 -0.9789 -0.1022
vn -0.0000 0.0930 0.9957
vn 0.1022 -0.9789 -0.1771
vn -0.1022 -0.9789 -0.1770
vn 0.4978 0.0930 0.8623
vn -0.1771 -0.9789 -0.1022
vn 0.8622 0.0929 0.4979
vn 0.9957 0.0930 -0.0000
vn -0.1770 -0.9789 0.1023
vn 0.8623 0.0929 -0.4978
vn 0.4978 0.0929 -0.8623
vn -0.4978 -0.0930 -0.8623
vn -0.0000 0.9789 0.2044
vn 0.1022 0.9789 0.1771
vn 0.1770 0.9789 0.1023
vn 0.2044 0.9789 -0.0000
vn -0.8623 -0.0930 -0.4979
vn -0.8622 -0.0930 0.4979
vn 0.1771 0.9789 -0.1022
vn -0.4978 -0.0930 0.8623
vn 0.1023 0.9789 -0.1770
vn -0.0000 -0.0930 0.9957
vn -0.0000 0.9789 -0.2045
vn -0.1022 0.9789 -0.1771
vn -0.1770 0.9789 -0.1023
vn 0.4979 -0.0930 0.8622
vn 0.9957 -0.0930 -0.0000
vn -0.2044 0.9789 -0.0000
vn -0.1771 0.9789 0.1022
vn 0.4979 -0.0929 -0.8622
vn -0.1023 0.9789 0.1770
vn -0.9944 0.0001 -0.1057
vn 0.3216 -0.9456 -0.0495
vn 0.8132 -0.5777 -0.0701
vn 0.3215 0.9456 -0.0495
vn 0.8132 0.5778 -0.0701
vn -0.4653 -0.8849 -0.0194
vn -0.4655 0.8848 -0.0193
vn -0.9944 -0.0001 0.1057
vn 0.3215 -0.9456 0.0495
vn 0.8132 -0.5777 0.0701
vn 0.3216 0.9456 0.0495
vn 0.8132 0.5777 0.0701
vn -0.4654 -0.8849 0.0194
vn -0.4654 0.8849 0.0193
vn 0.9857 0.0162 0.1676
vn 0.9857 -0.0163 -0.1676
vn 0.9858 -0.0163 0.1674
vn -0.0001 -1.0000 0.0001
vn -0.4662 0.8847 -0.0000
vn -0.6983 -0.7158 0.0016
vn -0.8173 0.5762 -0.0029
vn -0.4661 -0.8847 -0.0000
vn -0.0001 -0.0001 1.0000
vn -0.8623 0.0930 -0.4979
vn 0.1770 -0.9789 -0.1023
vn -0.0000 0.0929 0.9957
vn -0.1023 -0.9789 -0.1770
vn -0.4979 -0.0930 -0.8623
vn 0.1770 0.9789 0.1022
vn 0.1022 0.9789 -0.1770
vn -0.0000 -0.0929 0.9957
vn -0.0000 0.9789 -0.2044
vn -0.1770 0.9789 -0.1022
vn 0.8132 0.5777 -0.0701
vn -0.4654 -0.8849 -0.0194
vn -0.4654 0.8849 -0.0193
vn 0.8132 -0.5778 0.0701
vn -0.4655 -0.8848 0.0194
vn -0.4653 0.8849 0.0193
vn 0.9857 -0.0162 -0.1676
vn 0.9659 0.2588 -0.0000
vn 0.7223 -0.0000 0.6915
vn 0.0307 0.0082 0.9995
vn 0.0319 -0.0000 0.9995
vn -0.6905 -0.0000 0.7234
vn -0.6670 -0.1787 0.7233
vn -0.6670 -0.1787 -0.7233
vn -0.6905 -0.0000 -0.7234
vn 0.0307 0.0082 -0.9995
vn 0.0319 -0.0000 -0.9995
vn 0.7223 -0.0000 -0.6915
vn 0.8660 0.5000 -0.0000
vn 0.6977 0.1870 0.6916
vn 0.0276 0.0159 0.9995
vn -0.8660 -0.5000 -0.0000
vn -0.9659 -0.2588 -0.0000
vn 0.0276 0.0159 -0.9995
vn 0.6977 0.1870 -0.6916
vn 0.7071 0.7071 -0.0000
vn 0.6256 0.3612 0.6915
vn 0.0225 0.0225 0.9995
vn -0.5980 -0.3452 0.7234
vn -0.7071 -0.7071 -0.0000
vn -0.5980 -0.3452 -0.7234
vn 0.0225 0.0225 -0.9995
vn 0.6256 0.3612 -0.6915
vn 0.5000 0.8660 -0.0000
vn 0.5107 0.5108 0.6915
vn 0.0159 0.0276 0.9995
vn -0.4882 -0.4882 0.7234
vn -0.5000 -0.8660 -0.0000
vn -0.4882 -0.4882 -0.7234
vn 0.0159 0.0276 -0.9995
vn 0.5107 0.5108 -0.6915
vn 0.2776 0.6701 0.6884
vn 0.3612 0.6256 0.6915
vn 0.0123 0.0297 0.9995
vn -0.3452 -0.5979 0.7234
vn -0.2654 -0.6408 0.7204
vn -0.2654 -0.6408 -0.7204
vn -0.3452 -0.5979 -0.7234
vn 0.0123 0.0297 -0.9995
vn 0.2776 0.6701 -0.6884
vn 0.3612 0.6256 -0.6915
vn -0.5000 0.8660 -0.0000
vn -0.2776 0.6701 0.6884
vn -0.3827 0.9239 -0.0000
vn -0.0159 0.0276 0.9995
vn -0.0123 0.0297 0.9995
vn 0.3452 -0.5979 0.7234
vn 0.2654 -0.6408 0.7204
vn 0.5000 -0.8660 -0.0000
vn 0.3828 -0.9239 -0.0000
vn 0.2654 -0.6408 -0.7204
vn 0.3452 -0.5979 -0.7234
vn -0.0123 0.0297 -0.9995
vn -0.3612 0.6256 -0.6915
vn -0.2776 0.6701 -0.6884
vn -0.5108 0.5108 0.6915
vn -0.3612 0.6256 0.6915
vn 0.4882 -0.4882 0.7234
vn 0.4882 -0.4882 -0.7234
vn -0.0159 0.0276 -0.9995
vn -0.5108 0.5108 -0.6915
vn -0.7071 0.7071 -0.0000
vn -0.6256 0.3612 0.6915
vn -0.0225 0.0225 0.9995
vn 0.5980 -0.3452 0.7234
vn 0.7071 -0.7071 -0.0000
vn 0.5980 -0.3452 -0.7234
vn -0.0225 0.0225 -0.9995
vn -0.6256 0.3612 -0.6915
vn -0.8660 0.5000 -0.0000
vn -0.6977 0.1869 0.6916
vn -0.0276 0.0159 0.9995
vn 0.6670 -0.1787 0.7233
vn 0.8660 -0.5000 -0.0000
vn 0.6670 -0.1787 -0.7233
vn -0.0276 0.0159 -0.9995
vn -0.6977 0.1869 -0.6916
vn -0.9659 0.2588 -0.0000
vn -0.7223 -0.0000 0.6916
vn -0.0308 0.0082 0.9995
vn 0.6905 -0.0000 0.7234
vn 0.9659 -0.2588 -0.0000
vn 0.6905 -0.0000 -0.7234
vn -0.0308 0.0082 -0.9995
vn -0.7223 -0.0000 -0.6916
vn -0.6977 -0.1869 0.6916
vn -0.0319 -0.0000 0.9995
vn -0.0308 -0.0082 0.9995
vn -0.0308 -0.0082 -0.9995
vn -0.0319 -0.0000 -0.9995
vn -0.6977 -0.1869 -0.6916
vn -0.6255 -0.3612 0.6916
vn -0.0276 -0.0159 0.9995
vn 0.6670 0.1787 0.7233
vn 0.6670 0.1787 -0.7233
vn -0.0276 -0.0159 -0.9995
vn -0.6255 -0.3612 -0.6916
vn -0.5107 -0.5107 0.6916
vn -0.0226 -0.0226 0.9995
vn 0.5980 0.3453 0.7233
vn 0.4882 0.4882 0.7234
vn 0.4882 0.4882 -0.7234
vn 0.5980 0.3453 -0.7233
vn -0.0226 -0.0226 -0.9995
vn -0.5107 -0.5107 -0.6916
vn -0.0159 -0.0276 0.9995
vn 0.3452 0.5979 0.7234
vn 0.3452 0.5979 -0.7234
vn -0.0159 -0.0276 -0.9995
vn -0.1870 -0.6977 0.6915
vn -0.3612 -0.6256 0.6915
vn -0.0083 -0.0308 0.9995
vn 0.1787 0.6669 0.7234
vn 0.2588 0.9659 -0.0000
vn -0.0083 -0.0308 -0.9995
vn -0.3612 -0.6256 -0.6915
vn -0.1870 -0.6977 -0.6915
vn -0.2588 -0.9659 -0.0000
vn -0.0000 -0.7223 0.6915
vn -0.0000 -0.0319 0.9995
vn 0.1787 0.6669 -0.7234
vn -0.0000 -0.0319 -0.9995
vn -0.0000 -0.7223 -0.6915
vn 0.2588 -0.9659 -0.0000
vn 0.1870 -0.6977 0.6915
vn -0.1787 0.6669 0.7234
vn -0.0000 0.6905 0.7234
vn -0.1787 0.6669 -0.7234
vn -0.0000 0.6905 -0.7234
vn 0.1870 -0.6977 -0.6915
vn 0.3612 -0.6256 0.6915
vn 0.0083 -0.0308 0.9995
vn -0.3452 0.5979 0.7234
vn -0.2588 0.9659 -0.0000
vn -0.3452 0.5979 -0.7234
vn 0.0083 -0.0308 -0.9995
vn 0.3612 -0.6256 -0.6915
vn 0.5107 -0.5108 0.6916
vn 0.0159 -0.0276 0.9995
vn -0.4882 0.4882 0.7234
vn -0.4882 0.4882 -0.7234
vn 0.0159 -0.0276 -0.9995
vn 0.5107 -0.5108 -0.6916
vn 0.0276 -0.0159 0.9995
vn 0.0226 -0.0226 0.9995
vn -0.5980 0.3453 0.7233
vn -0.5980 0.3453 -0.7233
vn 0.0226 -0.0226 -0.9995
vn 0.0276 -0.0159 -0.9995
vn 0.6256 -0.3612 0.6915
vn 0.0308 -0.0082 0.9995
vn -0.6670 0.1787 0.7233
vn -0.6670 0.1787 -0.7233
vn 0.0308 -0.0082 -0.9995
vn 0.6256 -0.3612 -0.6915
vn 0.6977 -0.1869 0.6916
vn 0.6977 -0.1869 -0.6916
vn -0.3554 0.8579 0.3711
vn 0.6566 0.6566 0.3710
vn 0.9239 0.3827 -0.0000
vn 0.8579 0.3554 0.3710
vn 0.9286 -0.0000 0.3710
vn 0.9239 -0.3827 -0.0000
vn 0.8579 -0.3554 0.3711
vn 0.7071 -0.7072 -0.0000
vn 0.6566 -0.6567 0.3710
vn 0.3827 -0.9239 -0.0000
vn 0.3554 -0.8579 0.3710
vn -0.0000 -0.9286 0.3711
vn -0.3827 -0.9239 -0.0000
vn -0.3554 -0.8579 0.3710
vn -0.6566 -0.6566 0.3710
vn -0.9239 -0.3827 -0.0000
vn -0.8579 -0.3554 0.3710
vn -0.9286 -0.0000 0.3711
vn -0.9239 0.3827 -0.0000
vn -0.8579 0.3554 0.3710
vn -0.7072 0.7071 -0.0000
vn -0.6567 0.6566 0.3710
vn -0.0000 0.9286 0.3710
vn 0.3827 0.9239 -0.0000
vn 0.3554 0.8579 0.3710
vn -0.0000 0.4172 0.9088
vn 0.1597 0.3854 0.9088
vn 0.2950 0.2950 0.9088
vn 0.3854 0.1597 0.9088
vn 0.4172 -0.0000 0.9088
vn 0.3854 -0.1596 0.9089
vn 0.2950 -0.2949 0.9088
vn 0.1596 -0.3855 0.9088
vn -0.0000 -0.4171 0.9089
vn -0.1596 -0.3854 0.9088
vn -0.2950 -0.2950 0.9088
vn -0.3854 -0.1596 0.9088
vn -0.4171 -0.0000 0.9089
vn -0.3855 0.1596 0.9088
vn -0.2949 0.2950 0.9088
vn -0.1596 0.3854 0.9089
vn 0.1022 -0.9789 0.1770
vn -0.0000 -0.9789 -0.2044
vn -0.2044 -0.9789 -0.0000
vn -0.1022 -0.9789 0.1771
vn -0.0000 -0.0929 -0.9957
vn -0.9957 -0.0929 -0.0000
vn 0.8623 -0.0929 0.4978
vn 0.8623 -0.0929 -0.4979
vn 0.9858 0.0163 -0.1674
vn -0.3828 -0.9239 -0.0000
vt 0.565165 0.810923
vt 0.593964 0.217887
vt 0.593964 0.810923
vt 0.830475 0.810923
vt 0.806586 0.037173
vt 0.830475 0.037173
vt 0.577872 0.132198
vt 0.586516 0.106019
vt 0.830475 0.883904
vt 0.806586 0.853164
vt 0.830475 0.853164
vt 0.496398 0.810923
vt 0.526393 0.088091
vt 0.526393 0.810923
vt 0.861109 0.807629
vt 0.837220 0.755210
vt 0.861109 0.755210
vt 0.861109 0.618216
vt 0.837220 0.036979
vt 0.861109 0.036979
vt 0.837220 0.737699
vt 0.861109 0.737699
vt 0.593964 0.088505
vt 0.623959 0.042965
vt 0.837220 0.656090
vt 0.861109 0.656090
vt 0.837220 0.699824
vt 0.861109 0.699824
vt 0.543338 0.136798
vt 0.555234 0.217132
vt 0.806586 0.883904
vt 0.830475 0.913460
vt 0.577872 0.132197
vt 0.496398 0.042566
vt 0.543338 0.136797
vt 0.555234 0.810923
vt 0.557342 0.810923
vt 0.555234 0.813083
vt 0.830475 0.851004
vt 0.832583 0.853164
vt 0.830475 0.035013
vt 0.832583 0.042566
vt 0.565124 0.813083
vt 0.563016 0.810923
vt 0.804478 0.853164
vt 0.806586 0.851004
vt 0.804478 0.042965
vt 0.806586 0.035013
vt 0.832583 0.883904
vt 0.494291 0.810923
vt 0.494290 0.037173
vt 0.832583 0.913460
vt 0.863217 0.802714
vt 0.623959 0.810923
vt 0.593964 0.813083
vt 0.806586 0.810923
vt 0.593964 0.083716
vt 0.624887 0.036803
vt 0.861109 0.034864
vt 0.533408 0.100100
vt 0.545375 0.136226
vt 0.574983 0.136226
vt 0.586949 0.100100
vt 0.552046 0.179345
vt 0.554135 0.179029
vt 0.568452 0.178203
vt 0.557341 0.217039
vt 0.565166 0.217098
vt 0.566223 0.179029
vt 0.563016 0.217039
vt 0.863217 0.742169
vt 0.863217 0.751289
vt 0.526393 0.813083
vt 0.526393 0.083716
vt 0.495470 0.036803
vt 0.804478 0.883904
vt 0.626067 0.810923
vt 0.626067 0.037173
vt 0.804478 0.913418
vt 0.806586 0.913460
vt 0.835113 0.802408
vt 0.837220 0.807629
vt 0.830475 0.915620
vt 0.830475 0.813083
vt 0.861109 0.809629
vt 0.863217 0.699954
vt 0.835113 0.731993
vt 0.863217 0.656220
vt 0.835113 0.657368
vt 0.835113 0.699824
vt 0.863217 0.655961
vt 0.863217 0.618308
vt 0.835113 0.618346
vt 0.835113 0.656090
vt 0.863217 0.618124
vt 0.863217 0.036979
vt 0.835113 0.618158
vt 0.837220 0.618216
vt 0.530033 0.096630
vt 0.835113 0.750917
vt 0.891744 0.637738
vt 0.867855 0.582934
vt 0.891744 0.582934
vt 0.799840 0.040718
vt 0.775952 0.111409
vt 0.775952 0.040718
vt 0.590512 0.853530
vt 0.614401 0.889535
vt 0.590512 0.889535
vt 0.373650 0.893235
vt 0.408483 0.111409
vt 0.408495 0.893235
vt 0.614401 0.921951
vt 0.590512 0.921951
vt 0.454520 0.111409
vt 0.419686 0.111409
vt 0.454520 0.071766
vt 0.486151 0.111409
vt 0.486151 0.043234
vt 0.454520 0.893236
vt 0.342018 0.111409
vt 0.373650 0.071766
vt 0.373650 0.111409
vt 0.342018 0.893235
vt 0.891744 0.579258
vt 0.867855 0.030962
vt 0.891744 0.030962
vt 0.891743 0.681568
vt 0.867855 0.637738
vt 0.799841 0.893236
vt 0.799841 0.111409
vt 0.486151 0.893236
vt 0.419675 0.893236
vt 0.342018 0.043234
vt 0.590512 0.924111
vt 0.588404 0.921951
vt 0.891744 0.029443
vt 0.893851 0.030962
vt 0.893851 0.679021
vt 0.891743 0.683725
vt 0.893851 0.580777
vt 0.891744 0.580777
vt 0.616509 0.921951
vt 0.614401 0.924111
vt 0.865747 0.030962
vt 0.867855 0.029443
vt 0.867855 0.681568
vt 0.867855 0.683725
vt 0.865747 0.679021
vt 0.867855 0.579258
vt 0.867855 0.580777
vt 0.865747 0.580777
vt 0.867854 0.683725
vt 0.588404 0.889535
vt 0.339910 0.111409
vt 0.588404 0.853825
vt 0.339910 0.040718
vt 0.893851 0.635681
vt 0.454520 0.068995
vt 0.486677 0.039985
vt 0.454520 0.895396
vt 0.775952 0.893236
vt 0.773844 0.111409
vt 0.417279 0.113569
vt 0.419387 0.895396
vt 0.773844 0.043234
vt 0.418689 0.109803
vt 0.775952 0.038558
vt 0.799840 0.038558
vt 0.373650 0.068995
vt 0.341492 0.039985
vt 0.373650 0.895396
vt 0.801949 0.111409
vt 0.410890 0.113569
vt 0.408783 0.895396
vt 0.801948 0.043234
vt 0.409480 0.109803
vt 0.616509 0.889535
vt 0.488259 0.111409
vt 0.616509 0.853825
vt 0.614401 0.853530
vt 0.488259 0.040718
vt 0.865747 0.635681
vt 0.799841 0.895396
vt 0.590512 0.851370
vt 0.922378 0.074342
vt 0.898489 0.029057
vt 0.922378 0.029057
vt 0.922378 0.170022
vt 0.898489 0.127344
vt 0.922378 0.127344
vt 0.922378 0.123934
vt 0.898489 0.074342
vt 0.867855 0.756769
vt 0.891744 0.795328
vt 0.867855 0.795328
vt 0.043276 0.174729
vt 0.005993 0.098976
vt 0.043276 0.098976
vt 0.867854 0.718959
vt 0.891744 0.756769
vt 0.129097 0.043445
vt 0.091779 0.825271
vt 0.091767 0.043445
vt 0.165992 0.901024
vt 0.129097 0.825271
vt 0.165992 0.825271
vt 0.129097 0.901024
vt 0.129097 0.931008
vt 0.091815 0.901024
vt 0.043276 0.956555
vt 0.080171 0.174729
vt 0.080171 0.956555
vt 0.080171 0.098976
vt 0.043276 0.068992
vt 0.080171 0.044741
vt 0.738573 0.956555
vt 0.714684 0.901024
vt 0.738572 0.901024
vt 0.005957 0.174729
vt 0.922378 0.623416
vt 0.898489 0.170022
vt 0.165992 0.043445
vt 0.714684 0.825271
vt 0.738572 0.825271
vt 0.738572 0.043445
vt 0.738572 0.041284
vt 0.740680 0.043445
vt 0.740680 0.955259
vt 0.738573 0.958715
vt 0.924486 0.623416
vt 0.922378 0.624668
vt 0.922378 0.126091
vt 0.924486 0.126091
vt 0.714684 0.043445
vt 0.712576 0.043445
vt 0.714684 0.041284
vt 0.714683 0.956555
vt 0.714683 0.958715
vt 0.712576 0.955259
vt 0.898489 0.623416
vt 0.898489 0.624668
vt 0.896381 0.623416
vt 0.896381 0.126091
vt 0.898489 0.126091
vt 0.740680 0.825271
vt 0.740680 0.901024
vt 0.043276 0.958716
vt 0.005945 0.956555
vt 0.003543 0.174729
vt 0.043276 0.066942
vt 0.080505 0.042451
vt 0.003543 0.101136
vt 0.005651 0.958716
vt 0.005200 0.097640
vt 0.168100 0.825271
vt 0.165992 0.955259
vt 0.168100 0.901024
vt 0.168100 0.956555
vt 0.891744 0.718959
vt 0.893851 0.756769
vt 0.896381 0.170022
vt 0.896381 0.030580
vt 0.893851 0.795026
vt 0.898489 0.123934
vt 0.896381 0.075608
vt 0.922378 0.026900
vt 0.867855 0.797488
vt 0.953012 0.614300
vt 0.929123 0.572997
vt 0.953012 0.572997
vt 0.953012 0.520020
vt 0.929123 0.477672
vt 0.953012 0.477672
vt 0.929123 0.523420
vt 0.953012 0.523420
vt 0.559878 0.853749
vt 0.583767 0.892307
vt 0.559878 0.892307
vt 0.297320 0.953889
vt 0.259999 0.172062
vt 0.297320 0.172062
vt 0.769207 0.953889
vt 0.745318 0.172062
vt 0.769207 0.172062
vt 0.260036 0.096309
vt 0.297320 0.096309
vt 0.331201 0.172062
vt 0.331201 0.953889
vt 0.331201 0.096309
vt 0.297320 0.066323
vt 0.331201 0.044590
vt 0.177159 0.172062
vt 0.211040 0.953889
vt 0.177159 0.953889
vt 0.769207 0.096309
vt 0.745318 0.043330
vt 0.769207 0.043330
vt 0.248360 0.172062
vt 0.248372 0.953889
vt 0.745318 0.096309
vt 0.211040 0.172062
vt 0.248324 0.096309
vt 0.177159 0.096309
vt 0.583767 0.927029
vt 0.559878 0.927029
vt 0.211040 0.096309
vt 0.211040 0.066323
vt 0.953012 0.027789
vt 0.953012 0.026546
vt 0.955120 0.027789
vt 0.955120 0.521263
vt 0.953012 0.521263
vt 0.559878 0.929189
vt 0.557770 0.927029
vt 0.769207 0.041170
vt 0.771315 0.044590
vt 0.929123 0.027789
vt 0.927015 0.027789
vt 0.929123 0.026546
vt 0.929123 0.520020
vt 0.929123 0.521263
vt 0.927015 0.521263
vt 0.585875 0.927029
vt 0.583767 0.929189
vt 0.743210 0.044590
vt 0.745318 0.041170
vt 0.557770 0.892307
vt 0.175051 0.172062
vt 0.955120 0.477672
vt 0.177159 0.044590
vt 0.175051 0.096309
vt 0.175051 0.043330
vt 0.955120 0.612816
vt 0.557770 0.854049
vt 0.955120 0.571733
vt 0.297320 0.956049
vt 0.745318 0.953889
vt 0.743210 0.172062
vt 0.259988 0.953889
vt 0.257587 0.172062
vt 0.297320 0.064275
vt 0.331522 0.042316
vt 0.743210 0.096309
vt 0.257587 0.098469
vt 0.259695 0.956049
vt 0.259244 0.094973
vt 0.900472 0.818061
vt 0.906736 0.768930
vt 0.900472 0.768930
vt 0.665218 0.907831
vt 0.670475 0.858701
vt 0.665218 0.858701
vt 0.895886 0.764509
vt 0.900472 0.715379
vt 0.895886 0.715379
vt 0.895886 0.818061
vt 0.895886 0.768930
vt 0.634700 0.920438
vt 0.644688 0.923182
vt 0.649316 0.905445
vt 0.684430 0.905476
vt 0.689693 0.856346
vt 0.684430 0.856346
vt 0.676927 0.907831
vt 0.682843 0.858701
vt 0.676927 0.858701
vt 0.906736 0.764509
vt 0.912999 0.715379
vt 0.906736 0.715379
vt 0.689693 0.905476
vt 0.696145 0.856346
vt 0.906736 0.818061
vt 0.912999 0.768930
vt 0.670475 0.907831
vt 0.900472 0.764509
vt 0.875642 0.876091
vt 0.837302 0.859579
vt 0.877072 0.859579
vt 0.696145 0.905476
vt 0.702058 0.856346
vt 0.998199 0.336864
vt 0.958201 0.330320
vt 0.998183 0.330320
vt 0.660851 0.867255
vt 0.646665 0.886284
vt 0.646665 0.867255
vt 0.958229 0.019284
vt 0.998155 0.019284
vt 0.967549 0.664052
vt 0.927551 0.657509
vt 0.967565 0.657509
vt 0.899527 0.848706
vt 0.892518 0.889989
vt 0.892518 0.848706
vt 0.652211 0.725996
vt 0.670195 0.733899
vt 0.634466 0.731042
vt 0.839000 0.847102
vt 0.878770 0.847102
vt 0.877072 0.892602
vt 0.835871 0.876091
vt 0.914570 0.655780
vt 0.905750 0.697064
vt 0.905750 0.655780
vt 0.643463 0.750230
vt 0.669560 0.743368
vt 0.668924 0.752837
vt 0.702766 0.745123
vt 0.883671 0.939564
vt 0.899129 0.898552
vt 0.899129 0.939559
vt 0.670653 0.335153
vt 0.684831 0.329579
vt 0.689092 0.336273
vt 0.652063 0.367079
vt 0.668950 0.360871
vt 0.667843 0.377592
vt 0.691510 0.020224
vt 0.705270 0.021181
vt 0.670221 0.341683
vt 0.652236 0.333710
vt 0.702794 0.352994
vt 0.705998 0.343828
vt 0.646665 0.897535
vt 0.660851 0.886284
vt 0.660851 0.897535
vt 0.632479 0.897535
vt 0.694522 0.361827
vt 0.669585 0.351277
vt 0.636455 0.348380
vt 0.643487 0.358277
vt 0.652039 0.758933
vt 0.667817 0.769339
vt 0.657316 0.720041
vt 0.691480 0.416645
vt 0.671060 0.721009
vt 0.960361 0.977625
vt 0.927595 0.975088
vt 0.967521 0.975088
vt 0.684837 0.761244
vt 0.632479 0.886284
vt 0.632479 0.867255
vt 0.878770 0.905079
vt 0.837302 0.892602
vt 0.670627 0.727454
vt 0.632479 0.856004
vt 0.646665 0.856004
vt 0.689065 0.728593
vt 0.705970 0.736081
vt 0.636431 0.740448
vt 0.694495 0.753826
vt 0.965389 0.016748
vt 0.990995 0.016748
vt 0.684863 0.369360
vt 0.898742 0.697064
vt 0.898742 0.655780
vt 0.883699 0.889989
vt 0.883699 0.848706
vt 0.927567 0.664052
vt 0.918754 0.898552
vt 0.903296 0.939564
vt 0.903296 0.898547
vt 0.660851 0.856004
vt 0.657341 0.327667
vt 0.671086 0.328623
vt 0.684804 0.721978
vt 0.902315 0.848838
vt 0.901609 0.846545
vt 0.895954 0.655913
vt 0.896660 0.653620
vt 0.902315 0.889856
vt 0.901609 0.892149
vt 0.899527 0.889989
vt 0.896660 0.699224
vt 0.895954 0.696931
vt 0.677540 0.412485
vt 0.677721 0.415675
vt 0.675393 0.412996
vt 0.705240 0.417614
vt 0.705845 0.414479
vt 0.707904 0.415287
vt 0.705853 0.018335
vt 0.707909 0.019200
vt 0.677749 0.019267
vt 0.675396 0.016938
vt 0.677546 0.016366
vt 0.884899 0.807117
vt 0.880909 0.802235
vt 0.880265 0.804373
vt 0.889758 0.811313
vt 0.887573 0.811870
vt 0.889755 0.817958
vt 0.887571 0.817358
vt 0.884893 0.822110
vt 0.880258 0.824854
vt 0.886513 0.823713
vt 0.874906 0.824854
vt 0.880900 0.827036
vt 0.868809 0.823713
vt 0.870272 0.822110
vt 0.865570 0.817958
vt 0.867598 0.817358
vt 0.867600 0.811870
vt 0.676579 0.856541
vt 0.671252 0.856541
vt 0.874913 0.804373
vt 0.868815 0.805558
vt 0.870278 0.807117
vt 0.649321 0.920438
vt 0.645331 0.925321
vt 0.650942 0.921998
vt 0.654180 0.916243
vt 0.654178 0.909598
vt 0.651995 0.915686
vt 0.650936 0.903843
vt 0.644680 0.902701
vt 0.645322 0.900520
vt 0.639329 0.902701
vt 0.638842 0.900520
vt 0.633231 0.903843
vt 0.629993 0.909598
vt 0.634695 0.905445
vt 0.632023 0.915686
vt 0.629995 0.916243
vt 0.676579 0.909991
vt 0.639336 0.923182
vt 0.633238 0.921998
vt 0.638851 0.925321
vt 0.878107 0.876091
vt 0.662959 0.863649
vt 0.662959 0.856311
vt 0.880837 0.902301
vt 0.879566 0.892936
vt 0.654829 0.719492
vt 0.649697 0.725427
vt 0.687340 0.721783
vt 0.903934 0.896254
vt 0.921300 0.896254
vt 0.632306 0.732573
vt 0.633824 0.739870
vt 0.697228 0.753584
vt 0.705427 0.744915
vt 0.880837 0.849880
vt 0.879566 0.859245
vt 0.640788 0.749607
vt 0.707904 0.737900
vt 0.884310 0.941857
vt 0.684363 0.371991
vt 0.667679 0.380060
vt 0.662959 0.889890
vt 0.662959 0.897228
vt 0.652213 0.369755
vt 0.640788 0.358002
vt 0.687342 0.329753
vt 0.691634 0.336428
vt 0.654829 0.327492
vt 0.903934 0.941857
vt 0.918754 0.939559
vt 0.921300 0.941857
vt 0.707909 0.346019
vt 0.705431 0.353131
vt 0.633824 0.348150
vt 0.697232 0.361928
vt 0.632307 0.340761
vt 0.634489 0.338854
vt 0.884310 0.896254
vt 0.883671 0.898547
vt 0.987476 0.014506
vt 0.938274 0.979867
vt 0.956842 0.979867
vt 0.630371 0.863649
vt 0.630371 0.889890
vt 0.691700 0.017351
vt 0.691693 0.413482
vt 0.706575 0.844775
vt 0.704009 0.837933
vt 0.706575 0.837281
vt 0.687062 0.839127
vt 0.679771 0.842911
vt 0.685026 0.837526
vt 0.682991 0.835925
vt 0.623170 0.908286
vt 0.621950 0.901948
vt 0.624050 0.901627
vt 0.618344 0.908067
vt 0.619224 0.901407
vt 0.500771 0.872515
vt 0.496865 0.878928
vt 0.498730 0.871560
vt 0.496172 0.870540
vt 0.709141 0.837933
vt 0.706575 0.853099
vt 0.704009 0.845179
vt 0.681333 0.844998
vt 0.673335 0.846719
vt 0.678209 0.840825
vt 0.620818 0.914973
vt 0.621106 0.908335
vt 0.499073 0.879218
vt 0.496865 0.886540
vt 0.494139 0.878572
vt 0.709141 0.845179
vt 0.706575 0.861685
vt 0.704009 0.853227
vt 0.674317 0.849149
vt 0.666157 0.848690
vt 0.672354 0.844290
vt 0.622869 0.915209
vt 0.621106 0.921411
vt 0.618044 0.914989
vt 0.499073 0.886145
vt 0.498730 0.893878
vt 0.494139 0.886870
vt 0.709141 0.853227
vt 0.706575 0.869948
vt 0.704009 0.861528
vt 0.666492 0.851298
vt 0.658726 0.848691
vt 0.665822 0.846083
vt 0.623170 0.921923
vt 0.621950 0.927210
vt 0.618344 0.921703
vt 0.500771 0.892821
vt 0.502334 0.900442
vt 0.496172 0.894869
vt 0.709141 0.861528
vt 0.704009 0.876650
vt 0.704009 0.869518
vt 0.658391 0.851298
vt 0.651547 0.846719
vt 0.659061 0.846083
vt 0.696209 0.841962
vt 0.698775 0.847003
vt 0.696209 0.847721
vt 0.701341 0.841962
vt 0.701341 0.847721
vt 0.504049 0.898793
vt 0.507431 0.905784
vt 0.505657 0.907848
vt 0.500101 0.902025
vt 0.709141 0.876650
vt 0.709141 0.869518
vt 0.706575 0.911353
vt 0.709141 0.919274
vt 0.706575 0.919677
vt 0.637821 0.839127
vt 0.636141 0.830931
vt 0.639857 0.837526
vt 0.638512 0.829924
vt 0.641892 0.835925
vt 0.655500 0.922480
vt 0.658066 0.916033
vt 0.658066 0.922551
vt 0.660631 0.922480
vt 0.527258 0.908762
vt 0.520634 0.911455
vt 0.520700 0.908814
vt 0.527908 0.913968
vt 0.520051 0.914031
vt 0.704009 0.919274
vt 0.709141 0.902924
vt 0.709141 0.911226
vt 0.631674 0.823917
vt 0.633770 0.831937
vt 0.636762 0.823231
vt 0.655500 0.909466
vt 0.655500 0.915683
vt 0.660631 0.909466
vt 0.660631 0.915683
vt 0.533592 0.906919
vt 0.527842 0.911398
vt 0.535497 0.911760
vt 0.704009 0.902924
vt 0.704009 0.911226
vt 0.706575 0.902767
vt 0.709141 0.894935
vt 0.631674 0.815615
vt 0.634218 0.823574
vt 0.636762 0.816302
vt 0.655500 0.904254
vt 0.658066 0.910071
vt 0.660631 0.904254
vt 0.539272 0.903410
vt 0.534804 0.909372
vt 0.542302 0.907557
vt 0.704009 0.894935
vt 0.706575 0.894504
vt 0.709141 0.887802
vt 0.633770 0.807596
vt 0.634218 0.815958
vt 0.638512 0.809608
vt 0.655500 0.900401
vt 0.658066 0.905072
vt 0.538019 0.902473
vt 0.543909 0.898476
vt 0.541046 0.905516
vt 0.547857 0.901645
vt 0.704009 0.887802
vt 0.706575 0.887127
vt 0.709141 0.882011
vt 0.637821 0.800406
vt 0.636141 0.808602
vt 0.641892 0.803607
vt 0.903384 0.883452
vt 0.905949 0.877835
vt 0.905949 0.882597
vt 0.908515 0.883452
vt 0.547188 0.892452
vt 0.546142 0.900093
vt 0.551786 0.894427
vt 0.709627 0.795052
vt 0.708295 0.787199
vt 0.710995 0.787862
vt 0.706881 0.794636
vt 0.704089 0.803072
vt 0.704797 0.795052
vt 0.643550 0.794535
vt 0.639857 0.802006
vt 0.645112 0.796621
vt 0.903384 0.878486
vt 0.905949 0.872035
vt 0.908515 0.878486
vt 0.551611 0.886104
vt 0.549746 0.893472
vt 0.553820 0.886395
vt 0.708919 0.803072
vt 0.706148 0.802930
vt 0.704089 0.811374
vt 0.651547 0.792813
vt 0.646674 0.798707
vt 0.903384 0.872438
vt 0.905949 0.865594
vt 0.908515 0.872438
vt 0.548885 0.885748
vt 0.551611 0.878492
vt 0.553820 0.878097
vt 0.708919 0.811374
vt 0.706148 0.811516
vt 0.704797 0.819394
vt 0.650566 0.790384
vt 0.658726 0.790842
vt 0.652529 0.795243
vt 0.903384 0.858793
vt 0.903384 0.865721
vt 0.908515 0.858793
vt 0.908515 0.865721
vt 0.548885 0.878822
vt 0.549746 0.871154
vt 0.709627 0.819394
vt 0.708295 0.827247
vt 0.706881 0.819810
vt 0.658391 0.788235
vt 0.666157 0.790842
vt 0.659061 0.793449
vt 0.903384 0.852124
vt 0.905949 0.858949
vt 0.908515 0.852124
vt 0.547188 0.872145
vt 0.546142 0.864590
vt 0.551786 0.870097
vt 0.698775 0.838895
vt 0.701341 0.831276
vt 0.701341 0.838176
vt 0.666492 0.788235
vt 0.673335 0.792813
vt 0.665822 0.793449
vt 0.903384 0.846171
vt 0.905949 0.852555
vt 0.905949 0.846846
vt 0.543909 0.866173
vt 0.541046 0.859248
vt 0.547857 0.862942
vt 0.696209 0.831276
vt 0.696209 0.838176
vt 0.698775 0.831758
vt 0.701341 0.823416
vt 0.674317 0.790384
vt 0.679771 0.796621
vt 0.672354 0.795243
vt 0.618004 0.892106
vt 0.620570 0.886488
vt 0.620570 0.891251
vt 0.623136 0.892106
vt 0.539272 0.861313
vt 0.534804 0.855492
vt 0.542302 0.857118
vt 0.696209 0.823416
vt 0.698775 0.815061
vt 0.698775 0.823629
vt 0.687062 0.800406
vt 0.681333 0.794535
vt 0.682991 0.803607
vt 0.678209 0.798707
vt 0.618004 0.881092
vt 0.618004 0.887140
vt 0.623136 0.881092
vt 0.623136 0.887140
vt 0.527258 0.856153
vt 0.533592 0.857895
vt 0.527908 0.850936
vt 0.535497 0.853023
vt 0.698775 0.806639
vt 0.701341 0.815132
vt 0.691113 0.807596
vt 0.685026 0.802006
vt 0.686371 0.809608
vt 0.620570 0.874247
vt 0.620570 0.880689
vt 0.623136 0.874375
vt 0.520700 0.856205
vt 0.527842 0.853577
vt 0.520051 0.850998
vt 0.696209 0.815132
vt 0.701341 0.799540
vt 0.701341 0.806988
vt 0.693209 0.815615
vt 0.688742 0.808602
vt 0.688121 0.816302
vt 0.618004 0.874375
vt 0.620570 0.867603
vt 0.514366 0.858048
vt 0.520634 0.853634
vt 0.512461 0.853206
vt 0.696209 0.799540
vt 0.696209 0.806988
vt 0.698775 0.792476
vt 0.698775 0.798935
vt 0.690665 0.823574
vt 0.690665 0.815958
vt 0.688121 0.823231
vt 0.618004 0.867446
vt 0.620570 0.861208
vt 0.623136 0.867446
vt 0.508687 0.861556
vt 0.513672 0.855660
vt 0.507431 0.859516
vt 0.698775 0.787701
vt 0.701341 0.793294
vt 0.693209 0.823917
vt 0.688742 0.830931
vt 0.686371 0.829924
vt 0.618004 0.854824
vt 0.618004 0.860778
vt 0.623136 0.854824
vt 0.623136 0.860778
vt 0.504049 0.866490
vt 0.502334 0.864939
vt 0.505657 0.857410
vt 0.498658 0.862587
vt 0.504404 0.856472
vt 0.704009 0.831983
vt 0.706575 0.831128
vt 0.691113 0.831937
vt 0.618004 0.849992
vt 0.620570 0.855499
vt 0.623293 0.896249
vt 0.620625 0.895464
vt 0.500101 0.863322
vt 0.709141 0.831983
vt 0.898709 0.838059
vt 0.895562 0.821038
vt 0.898709 0.821038
vt 0.840390 0.908454
vt 0.843871 0.925475
vt 0.840390 0.925475
vt 0.843871 0.908454
vt 0.847018 0.925475
vt 0.847018 0.908454
vt 0.849352 0.925475
vt 0.856138 0.908454
vt 0.858605 0.925475
vt 0.856138 0.925475
vt 0.858605 0.908454
vt 0.861826 0.925475
vt 0.861826 0.908454
vt 0.865312 0.925475
vt 0.865312 0.908454
vt 0.868532 0.925475
vt 0.882292 0.924472
vt 0.879394 0.909120
vt 0.882292 0.908450
vt 0.879394 0.925142
vt 0.875975 0.909355
vt 0.875975 0.925377
vt 0.872556 0.909120
vt 0.872556 0.925142
vt 0.869658 0.908450
vt 0.905476 0.838059
vt 0.902190 0.821038
vt 0.905476 0.821038
vt 0.902190 0.838059
vt 0.834516 0.908454
vt 0.837105 0.925475
vt 0.834516 0.925475
vt 0.837105 0.908454
vt 0.701950 0.915689
vt 0.700691 0.919005
vt 0.700691 0.915946
vt 0.700616 0.912389
vt 0.699549 0.913119
vt 0.697438 0.910956
vt 0.698151 0.909863
vt 0.694680 0.909785
vt 0.694930 0.908496
vt 0.691695 0.909785
vt 0.691444 0.908495
vt 0.688937 0.910956
vt 0.688224 0.909863
vt 0.686826 0.913119
vt 0.685759 0.912389
vt 0.685684 0.915946
vt 0.684425 0.915689
vt 0.685684 0.919005
vt 0.684425 0.919261
vt 0.686826 0.921831
vt 0.685759 0.922562
vt 0.688224 0.925088
vt 0.688937 0.923994
vt 0.691444 0.926455
vt 0.691695 0.925165
vt 0.694930 0.926455
vt 0.694680 0.925165
vt 0.698151 0.925088
vt 0.697438 0.923994
vt 0.700616 0.922562
vt 0.699549 0.921831
vt 0.701950 0.919261
vt 0.863217 0.755210
vt 0.623959 0.813083
vt 0.804478 0.810923
vt 0.837220 0.034864
vt 0.496398 0.813083
vt 0.832583 0.810923
vt 0.835113 0.755210
vt 0.806586 0.915620
vt 0.806586 0.813083
vt 0.837220 0.809629
vt 0.863217 0.737699
vt 0.835113 0.704557
vt 0.863217 0.699694
vt 0.835113 0.036979
vt 0.835113 0.737699
vt 0.893851 0.637738
vt 0.339911 0.893235
vt 0.893851 0.582425
vt 0.486151 0.895396
vt 0.773844 0.893236
vt 0.417279 0.893236
vt 0.342018 0.895396
vt 0.801949 0.893236
vt 0.410891 0.893235
vt 0.865747 0.637738
vt 0.488259 0.893236
vt 0.865747 0.582425
vt 0.775952 0.895396
vt 0.614401 0.851370
vt 0.080171 0.958716
vt 0.003543 0.956555
vt 0.168100 0.043445
vt 0.893851 0.718959
vt 0.896381 0.074342
vt 0.896381 0.124120
vt 0.898489 0.026900
vt 0.891744 0.797488
vt 0.929123 0.614300
vt 0.583767 0.853749
vt 0.175051 0.953889
vt 0.955120 0.572997
vt 0.955120 0.523232
vt 0.331201 0.956049
vt 0.743210 0.953889
vt 0.257587 0.953889
vt 0.651993 0.910198
vt 0.632021 0.910198
vt 0.682843 0.907831
vt 0.912999 0.764509
vt 0.912999 0.818061
vt 0.702058 0.905476
vt 0.958185 0.336864
vt 0.914570 0.697064
vt 0.934755 0.977625
vt 0.839000 0.905079
vt 0.886520 0.805558
vt 0.874419 0.827036
vt 0.865573 0.811313
vt 0.874428 0.802235
vt 0.671252 0.909991
vt 0.901675 0.941857
vt 0.691632 0.728382
vt 0.901675 0.896254
vt 0.649697 0.333511
vt 0.968908 0.014506
vt 0.630371 0.856311
vt 0.630371 0.897228
vt 0.624050 0.927970
vt 0.619224 0.927750
vt 0.706575 0.877325
vt 0.650566 0.849149
vt 0.652529 0.844290
vt 0.698775 0.841480
vt 0.508687 0.903654
vt 0.658066 0.901377
vt 0.542466 0.897741
vt 0.706575 0.881138
vt 0.706165 0.826584
vt 0.710995 0.826584
vt 0.908515 0.846171
vt 0.696209 0.793294
vt 0.701341 0.788677
vt 0.620570 0.850865
vt 0.895562 0.838059
vt 0.849352 0.908454
vt 0.868532 0.908454
vt 0.869658 0.924472
s 1
usemtl Door_Medieval
f 16/1/1 1/2/1 23/3/2
f 7/4/3 26/5/4 13/6/5
f 43/7/1 40/8/2 1/2/1
f 10/9/6 19/10/7 6/11/8
f 8/12/9 12/13/10 9/14/10
f 14/15/11 25/16/12 11/17/13
f 32/18/14 18/19/15 4/20/15
f 11/17/13 39/21/16 30/22/17
f 1/2/1 24/23/18 27/24/19
f 42/25/20 32/18/14 36/26/21
f 44/27/22 36/26/21 34/28/23
f 12/13/10 33/29/10 31/30/9
f 65/31/24 46/32/8 51/9/6
f 39/21/16 34/28/23 30/22/17
f 2/2/1 58/1/25 64/3/2
f 68/5/26 50/4/27 55/6/15
f 85/33/1 2/2/1 81/8/1
f 61/10/7 51/9/6 48/11/28
f 49/12/10 53/13/10 56/34/9
f 66/16/29 57/15/30 54/17/31
f 59/19/3 74/18/32 47/20/3
f 82/21/33 54/17/31 72/22/34
f 70/24/1 67/23/1 2/2/1
f 74/18/32 83/25/35 78/26/36
f 78/26/36 86/27/37 76/28/38
f 73/30/39 75/35/10 53/13/10
f 76/28/38 82/21/33 72/22/34
f 3/36/40 4/37/15 5/38/6
f 6/11/8 7/39/3 8/40/9
f 13/6/5 14/41/11 15/42/41
f 16/1/1 17/43/6 18/44/15
f 19/10/7 20/45/25 21/46/42
f 26/5/4 27/47/19 28/48/43
f 45/36/44 46/38/8 47/37/3
f 48/11/28 49/40/10 50/39/27
f 55/6/15 56/42/9 57/41/30
f 58/1/25 59/44/3 60/43/24
f 61/10/7 62/46/27 63/45/1
f 68/5/26 69/48/30 70/47/1
f 6/11/8 9/49/10 10/9/6
f 15/34/41 7/50/3 13/51/5
f 10/9/6 3/52/40 5/32/6
f 11/17/13 15/53/41 14/15/11
f 20/54/25 22/55/45 23/3/2
f 21/56/42 27/47/19 26/5/4
f 16/1/1 22/55/45 17/43/6
f 27/24/19 25/57/12 28/58/43
f 18/19/15 5/59/6 4/20/15
f 19/10/7 7/39/3 6/11/8
f 26/5/4 14/41/11 13/6/5
f 33/29/10 30/60/17 34/61/23
f 40/8/2 44/62/22 39/63/16
f 35/64/9 34/61/23 36/65/21
f 41/66/18 44/62/22 43/7/1
f 35/64/9 32/67/14 31/30/9
f 37/68/18 42/69/20 41/66/18
f 31/30/9 4/37/15 3/36/40
f 37/68/18 18/44/15 38/70/46
f 11/17/13 29/71/10 12/72/10
f 24/23/18 39/63/16 25/57/12
f 49/12/10 51/73/6 52/14/10
f 50/4/27 56/42/9 55/6/15
f 52/14/10 46/38/8 45/36/44
f 56/34/9 54/74/31 57/75/30
f 61/10/7 64/76/2 65/31/24
f 70/24/1 62/77/27 68/78/26
f 65/31/24 58/79/25 60/80/24
f 66/16/29 70/81/1 69/82/30
f 60/80/24 47/83/3 46/32/8
f 62/56/27 48/84/28 50/4/27
f 69/82/30 55/85/15 57/15/30
f 72/22/34 75/86/10 76/28/38
f 86/27/37 81/87/1 82/21/33
f 76/28/38 77/88/47 78/26/36
f 86/27/37 84/89/1 85/90/1
f 74/18/32 77/91/47 73/92/39
f 83/25/35 80/93/19 84/94/1
f 47/20/3 73/95/39 45/96/44
f 59/19/3 80/97/19 79/98/48
f 71/99/10 54/74/31 53/13/10
f 82/21/33 67/100/1 66/16/29
f 5/32/6 22/31/45 10/9/6
f 104/101/49 125/102/50 108/103/51
f 101/104/4 121/105/3 118/106/52
f 97/107/8 109/108/6 92/109/28
f 91/110/10 107/111/10 98/112/10
f 147/113/6 127/109/28 129/114/28
f 88/115/1 126/116/25 122/117/53
f 120/118/19 122/117/53 119/119/1
f 110/120/1 126/116/25 88/115/1
f 103/121/39 105/122/40 87/123/10
f 103/121/39 91/110/10 95/124/9
f 106/125/54 114/126/27 96/127/15
f 99/128/55 123/129/56 104/101/49
f 94/130/42 121/105/3 102/131/3
f 87/123/10 105/122/40 107/111/10
f 110/120/1 120/118/19 112/132/1
f 162/102/57 141/101/58 143/103/59
f 136/104/60 156/105/15 139/131/26
f 146/108/61 134/107/61 127/109/28
f 128/110/10 144/111/41 89/123/10
f 90/115/1 159/117/62 161/116/25
f 157/118/18 159/117/62 90/115/1
f 145/120/1 161/116/25 152/133/1
f 138/121/9 140/122/39 137/134/40
f 128/110/10 138/121/9 130/124/10
f 150/126/3 142/125/42 132/127/63
f 158/129/64 135/128/65 141/101/58
f 156/105/15 131/130/27 139/131/26
f 89/123/10 144/111/41 140/122/39
f 157/118/18 145/120/1 149/132/19
f 93/114/6 94/135/42 95/136/9
f 96/127/15 97/137/8 98/138/10
f 99/128/55 100/139/66 101/140/4
f 106/125/54 107/141/10 108/142/51
f 111/113/6 112/143/1 113/144/42
f 114/126/27 115/145/1 116/146/28
f 117/147/67 118/148/52 119/149/1
f 124/150/27 125/151/50 126/152/25
f 129/114/28 130/136/10 131/135/27
f 132/127/63 133/138/10 134/137/61
f 135/128/65 136/140/60 137/139/40
f 142/125/42 143/142/59 144/141/41
f 147/113/6 148/144/27 149/143/19
f 150/126/3 151/146/6 152/145/1
f 153/147/68 154/149/1 155/153/69
f 160/150/5 161/152/25 162/151/57
f 104/101/49 100/139/66 99/128/55
f 93/114/6 91/154/10 92/109/28
f 95/124/9 102/155/3 103/121/39
f 106/125/54 98/138/10 107/141/10
f 92/109/28 98/156/10 97/107/8
f 100/134/66 102/155/3 101/157/4
f 108/103/51 105/158/40 104/101/49
f 119/119/1 123/159/56 117/160/67
f 112/132/1 109/161/6 110/120/1
f 113/162/42 120/163/19 121/105/3
f 115/133/1 124/164/27 126/116/25
f 115/133/1 109/161/6 116/165/28
f 121/105/3 119/166/1 118/106/52
f 122/117/53 125/167/50 123/159/56
f 111/113/6 94/135/42 93/114/6
f 114/126/27 97/137/8 96/127/15
f 101/104/4 117/168/67 99/169/55
f 125/102/50 106/125/54 108/103/51
f 137/134/40 141/170/58 135/171/65
f 130/124/10 127/172/28 128/110/10
f 131/130/27 138/173/9 139/131/26
f 133/112/10 142/174/42 144/111/41
f 133/112/10 127/172/28 134/175/61
f 139/131/26 137/176/40 136/104/60
f 140/122/39 143/177/59 141/170/58
f 158/129/64 154/149/1 153/147/68
f 147/113/6 145/178/1 146/108/61
f 149/132/19 156/179/15 157/118/18
f 160/150/5 152/145/1 161/152/25
f 146/108/61 152/180/1 151/181/6
f 154/119/1 156/179/15 155/182/69
f 162/102/57 159/183/62 158/129/64
f 148/162/27 129/184/28 131/130/27
f 151/181/6 132/185/63 134/107/61
f 153/147/68 136/140/60 135/128/65
f 160/150/5 143/103/59 142/125/42
f 92/109/28 111/113/6 93/114/6
f 177/186/70 193/187/71 172/188/72
f 187/189/73 202/190/5 180/191/42
f 181/192/74 198/193/75 177/186/70
f 183/194/6 196/195/6 175/196/6
f 163/197/10 182/198/10 164/199/10
f 168/200/76 206/201/6 183/194/6
f 205/202/1 209/203/19 197/204/1
f 200/205/18 165/206/1 208/207/18
f 166/208/1 199/209/25 203/210/1
f 165/206/1 203/210/1 209/203/19
f 200/205/18 199/209/25 166/208/1
f 184/211/77 185/212/10 169/213/9
f 179/214/9 176/215/10 171/216/41
f 163/197/10 179/214/9 185/212/10
f 170/217/69 201/218/27 178/219/15
f 184/211/77 188/220/39 163/197/10
f 173/221/42 210/222/3 187/189/73
f 208/207/18 205/202/1 190/223/19
f 164/199/10 182/198/10 176/215/10
f 178/219/15 207/224/27 186/225/26
f 167/226/15 168/227/76 169/228/9
f 170/217/69 171/229/41 172/230/72
f 173/221/42 174/231/10 175/232/6
f 180/191/42 181/233/74 182/234/10
f 189/235/15 190/236/19 191/237/7
f 192/238/78 193/239/71 194/240/1
f 195/241/52 196/242/6 197/243/1
f 202/190/5 203/244/1 204/245/79
f 167/226/15 185/246/10 186/225/26
f 178/219/15 171/229/41 170/217/69
f 186/225/26 179/247/9 178/219/15
f 169/213/9 183/248/6 184/211/77
f 174/249/10 187/250/73 188/220/39
f 171/216/41 177/251/70 172/252/72
f 188/220/39 180/253/42 182/198/10
f 174/249/10 183/248/6 175/254/6
f 176/215/10 181/255/74 177/251/70
f 190/223/19 207/256/27 208/207/18
f 194/257/1 201/258/27 192/259/78
f 208/207/18 201/258/27 200/205/18
f 191/260/7 205/261/1 206/201/6
f 195/241/52 209/262/19 210/222/3
f 198/193/75 194/263/1 193/187/71
f 202/190/5 209/262/19 203/244/1
f 206/201/6 197/264/1 196/195/6
f 204/265/79 199/266/25 198/193/75
f 189/235/15 168/227/76 167/226/15
f 193/187/71 170/267/69 172/188/72
f 196/195/6 173/268/42 175/196/6
f 202/190/5 181/192/74 180/191/42
f 186/225/26 189/235/15 167/226/15
f 231/269/80 241/270/81 218/271/82
f 220/272/26 247/273/27 226/274/54
f 218/271/82 243/275/83 222/276/84
f 216/277/76 245/278/61 224/279/6
f 246/280/2 248/281/18 213/282/1
f 228/283/42 258/284/5 235/285/42
f 213/282/1 244/286/1 214/287/1
f 246/280/2 257/288/1 250/289/1
f 256/290/1 240/291/1 253/292/62
f 214/287/1 244/286/1 240/291/1
f 213/282/1 256/290/1 257/288/1
f 236/293/10 223/294/77 229/295/9
f 234/296/3 252/297/3 230/298/5
f 223/294/77 225/299/9 217/300/10
f 235/285/42 255/301/5 234/296/3
f 211/302/10 221/303/10 225/299/9
f 233/304/10 211/302/10 236/293/10
f 224/279/6 249/305/6 227/306/6
f 212/307/10 219/308/10 221/303/10
f 233/304/10 219/308/10 212/307/10
f 215/309/15 216/310/76 217/311/10
f 220/272/26 221/312/10 222/313/84
f 227/306/6 228/314/42 229/315/9
f 230/298/5 231/316/80 232/317/41
f 237/318/15 238/319/2 239/320/6
f 242/321/27 243/322/83 244/323/1
f 249/305/6 250/324/1 251/325/42
f 252/297/3 253/326/62 254/327/85
f 227/306/6 223/328/77 224/279/6
f 229/295/9 235/329/42 236/293/10
f 215/309/15 225/330/9 226/274/54
f 232/331/41 234/332/3 230/333/5
f 218/271/82 232/334/41 231/269/80
f 236/293/10 234/332/3 233/304/10
f 220/272/26 225/330/9 221/312/10
f 224/279/6 217/335/10 216/277/76
f 222/276/84 219/336/10 218/271/82
f 250/289/1 245/337/61 246/280/2
f 251/338/42 257/339/1 258/284/5
f 238/340/2 247/341/27 248/281/18
f 255/301/5 253/326/62 252/297/3
f 253/292/62 241/342/81 254/343/85
f 258/284/5 256/344/1 255/301/5
f 248/281/18 242/345/27 244/286/1
f 238/340/2 245/337/61 239/346/6
f 240/291/1 243/347/83 241/342/81
f 237/318/15 216/310/76 215/309/15
f 243/275/83 220/272/26 222/276/84
f 249/305/6 228/314/42 227/306/6
f 252/297/3 231/316/80 230/298/5
f 226/274/54 237/318/15 215/309/15
f 304/348/86 277/349/3 279/350/86
f 318/351/87 291/352/88 293/353/87
f 312/354/89 285/355/90 287/356/89
f 306/357/91 279/350/86 281/358/91
f 315/359/92 296/360/92 303/361/92
f 300/362/93 273/363/94 275/364/93
f 314/365/15 287/366/89 289/367/15
f 308/368/1 281/369/91 283/370/1
f 298/371/94 272/372/10 273/363/94
f 302/373/3 275/374/93 277/349/3
f 316/375/88 289/367/15 291/352/88
f 310/376/90 283/370/1 285/355/90
f 328/377/3 352/378/95 319/379/96
f 295/380/10 293/381/87 272/372/10
f 348/382/97 362/383/98 329/384/98
f 322/385/99 265/386/100 259/387/99
f 329/384/98 392/388/8 385/389/8
f 331/390/101 381/391/102 350/392/102
f 334/393/103 377/394/104 346/395/104
f 347/396/2 261/397/1 338/398/62
f 319/379/96 374/399/105 341/400/106
f 323/401/107 359/402/3 328/377/3
f 341/403/106 375/404/108 344/405/108
f 342/406/1 263/407/1 262/408/1
f 261/397/1 345/409/25 263/407/1
f 337/410/109 379/411/97 348/412/97
f 270/413/10 361/414/44 380/415/77
f 355/416/10 268/417/10 360/418/10
f 361/414/44 397/419/9 393/420/77
f 267/421/10 382/422/41 270/413/10
f 376/423/77 267/421/10 369/424/41
f 267/421/10 380/415/77 369/424/41
f 398/425/110 354/426/100 391/427/111
f 396/428/112 265/386/100 398/425/110
f 373/429/10 269/430/10 376/423/77
f 378/431/39 267/421/10 269/430/10
f 372/432/41 269/430/10 268/417/10
f 320/433/1 262/408/1 327/434/1
f 330/435/2 390/436/18 260/437/1
f 325/438/113 395/439/113 388/440/114
f 262/408/1 324/441/25 327/434/1
f 259/387/99 358/442/100 326/443/99
f 340/444/115 356/445/116 323/401/107
f 330/435/2 264/446/1 347/396/2
f 259/387/99 387/447/117 389/448/118
f 261/397/1 349/449/18 335/450/19
f 343/451/2 261/397/1 263/407/1
f 263/407/1 339/452/25 262/408/1
f 385/389/8 353/453/8 321/454/6
f 351/455/77 268/417/10 373/429/10
f 344/405/108 368/456/119 336/457/119
f 346/395/104 371/458/120 340/459/115
f 388/440/114 364/460/101 331/390/101
f 350/461/102 365/462/121 333/463/121
f 322/385/99 389/448/118 383/464/122
f 363/465/41 397/419/9 266/466/10
f 270/413/10 363/465/41 266/466/10
f 390/436/18 332/467/25 260/437/1
f 264/446/1 332/467/25 349/449/18
f 333/468/121 334/393/103 335/469/19
f 336/457/119 337/470/109 338/471/62
f 365/472/121 366/473/77 367/474/103
f 368/456/119 369/475/41 370/476/109
f 383/477/122 384/478/2 385/479/8
f 386/480/18 387/481/117 388/482/114
f 391/483/111 392/484/8 393/420/77
f 394/485/41 395/486/113 396/487/112
f 274/488/123 272/489/124 271/490/125
f 275/491/126 274/488/123 276/492/127
f 277/493/128 276/492/127 278/494/129
f 280/495/130 277/493/128 278/494/129
f 282/496/131 279/497/132 280/495/130
f 284/498/133 281/499/134 282/496/131
f 285/500/135 284/498/133 286/501/136
f 287/502/137 286/501/136 288/503/138
f 290/504/139 287/502/137 288/503/138
f 291/352/140 290/505/139 292/506/141
f 294/507/142 291/508/140 292/509/141
f 272/489/124 294/507/142 271/490/125
f 297/510/143 295/511/144 298/512/145
f 300/513/146 297/510/143 298/512/145
f 302/514/147 299/515/148 300/513/146
f 303/361/149 302/514/147 304/516/150
f 305/517/151 304/516/150 306/518/152
f 307/519/153 306/518/152 308/520/154
f 310/521/155 307/519/153 308/520/154
f 312/522/156 309/523/157 310/521/155
f 313/524/158 312/522/156 314/525/159
f 316/375/160 313/526/158 314/365/159
f 317/527/161 316/528/160 318/529/162
f 295/511/144 317/527/161 318/529/162
f 319/379/96 327/530/1 328/377/163
f 321/531/6 383/464/122 385/532/8
f 323/401/107 339/533/25 340/444/115
f 323/401/107 327/530/1 324/534/25
f 329/535/164 347/396/2 348/536/165
f 331/537/166 386/480/18 388/482/114
f 350/461/167 335/538/19 349/539/18
f 336/540/119 343/451/2 344/541/168
f 340/542/115 345/409/25 346/543/169
f 319/379/96 342/544/1 320/545/1
f 341/546/106 343/451/2 342/406/1
f 334/547/103 345/409/25 335/450/19
f 348/412/165 338/548/62 337/410/109
f 331/537/166 349/449/18 332/467/25
f 360/418/10 352/549/95 359/550/170
f 391/427/111 353/551/8 392/552/8
f 372/432/41 356/553/116 371/554/120
f 360/418/10 356/553/116 355/416/10
f 380/415/77 362/555/171 379/556/172
f 394/485/41 364/557/173 395/486/113
f 366/558/77 381/559/174 382/560/41
f 376/423/77 368/561/119 375/562/175
f 378/431/39 371/554/120 377/563/176
f 373/429/10 352/549/95 351/455/77
f 376/423/77 374/564/105 373/429/10
f 378/431/39 367/565/103 366/566/77
f 369/567/41 379/411/172 370/568/109
f 382/422/41 364/557/173 363/465/41
f 353/453/8 322/569/177 321/454/6
f 358/570/178 325/438/113 326/571/179
f 365/472/121 334/393/103 333/468/121
f 368/456/119 337/470/109 336/457/119
f 329/535/164 384/478/2 330/435/2
f 325/572/113 387/447/117 326/443/179
f 393/420/77 362/555/171 361/414/44
f 396/428/112 357/573/113 358/442/178
f 398/574/110 393/420/77 397/419/9
f 398/574/110 394/485/41 396/487/112
f 389/575/118 384/478/2 383/477/122
f 389/575/118 386/480/18 390/436/18
f 292/509/6 284/498/6 276/492/6
f 444/348/86 417/349/3 419/350/86
f 458/351/87 431/352/88 433/353/87
f 452/354/89 425/355/90 427/356/89
f 446/357/91 419/350/86 421/358/91
f 455/359/92 436/360/92 443/361/92
f 440/362/93 413/363/94 415/364/93
f 454/365/15 427/366/89 429/367/15
f 448/368/1 421/369/91 423/370/1
f 438/371/94 412/372/10 413/363/94
f 442/373/3 415/374/93 417/349/3
f 456/375/88 429/367/15 431/352/88
f 450/376/90 423/370/1 425/355/90
f 468/377/3 492/378/95 459/379/96
f 435/380/10 433/381/87 412/372/10
f 488/382/97 502/383/98 469/384/98
f 462/385/99 405/386/100 399/387/99
f 469/384/98 532/388/180 525/389/8
f 471/390/101 521/391/102 490/392/102
f 474/393/103 517/394/181 486/395/181
f 487/396/2 401/397/1 478/398/62
f 459/379/96 514/399/182 481/400/106
f 463/401/183 499/402/3 468/377/3
f 481/403/106 515/404/184 484/405/184
f 482/406/19 403/407/1 402/408/1
f 401/397/1 485/409/25 403/407/1
f 477/410/109 519/411/97 488/412/97
f 410/413/10 501/414/44 520/415/77
f 495/416/10 408/417/10 500/418/10
f 501/414/44 537/419/9 533/420/9
f 407/421/10 522/422/41 410/413/10
f 516/423/77 407/421/10 509/424/41
f 407/421/10 520/415/77 509/424/41
f 538/425/110 494/426/100 531/427/111
f 536/428/112 405/386/100 538/425/110
f 513/429/77 409/430/10 516/423/77
f 518/431/66 407/421/10 409/430/10
f 512/432/10 409/430/10 408/417/10
f 460/433/1 402/408/1 467/434/1
f 470/435/2 530/436/18 400/437/1
f 465/438/113 535/439/113 528/440/114
f 402/408/1 464/441/25 467/434/1
f 399/387/99 498/442/100 466/443/99
f 480/444/115 496/445/116 463/401/183
f 470/435/2 404/446/1 487/396/2
f 399/387/99 527/447/117 529/448/118
f 401/397/1 489/449/18 475/450/185
f 483/451/2 401/397/1 403/407/1
f 403/407/1 479/452/53 402/408/1
f 525/389/8 493/453/8 461/454/6
f 491/455/10 408/417/10 513/429/77
f 484/405/184 508/456/119 476/457/119
f 486/395/181 511/458/120 480/459/115
f 528/440/114 504/460/101 471/390/101
f 490/461/102 505/462/121 473/463/121
f 462/385/99 529/448/118 523/464/122
f 503/465/41 537/419/9 406/466/10
f 410/413/10 503/465/41 406/466/10
f 530/436/18 472/467/53 400/437/1
f 404/446/1 472/467/53 489/449/18
f 473/468/121 474/393/103 475/469/185
f 476/457/119 477/470/109 478/471/62
f 505/472/121 506/473/77 507/474/103
f 508/456/119 509/475/41 510/476/109
f 523/477/122 524/478/2 525/479/8
f 526/480/18 527/481/117 528/482/114
f 531/483/111 532/484/180 533/420/9
f 534/485/41 535/486/113 536/487/112
f 414/488/123 412/489/124 411/490/125
f 415/491/126 414/488/123 416/492/186
f 417/493/128 416/492/186 418/494/129
f 420/495/130 417/493/128 418/494/129
f 422/496/131 419/497/187 420/495/130
f 424/498/188 421/499/134 422/496/131
f 425/500/189 424/498/188 426/501/136
f 427/502/137 426/501/136 428/503/138
f 430/504/139 427/502/137 428/503/138
f 431/352/140 430/505/139 432/506/141
f 434/507/142 431/508/140 432/509/141
f 412/489/124 434/507/142 411/490/125
f 437/510/190 435/511/144 438/512/145
f 440/513/191 437/510/190 438/512/145
f 442/514/147 439/515/148 440/513/191
f 443/361/149 442/514/147 444/516/150
f 445/517/151 444/516/150 446/518/192
f 447/519/193 446/518/192 448/520/194
f 450/521/155 447/519/193 448/520/194
f 452/522/195 449/523/157 450/521/155
f 453/524/158 452/522/195 454/525/159
f 456/375/160 453/526/158 454/365/159
f 457/527/161 456/528/160 458/529/162
f 435/511/144 457/527/161 458/529/162
f 459/379/96 467/530/1 468/377/163
f 461/531/6 523/464/122 525/532/8
f 463/401/183 479/533/53 480/444/115
f 463/401/183 467/530/1 464/534/25
f 469/535/164 487/396/2 488/536/165
f 471/537/166 526/480/18 528/482/114
f 490/461/196 475/538/185 489/539/18
f 476/540/119 483/451/2 484/541/197
f 480/542/115 485/409/25 486/543/198
f 459/379/96 482/544/19 460/545/1
f 481/546/106 483/451/2 482/406/19
f 474/547/103 485/409/25 475/450/185
f 488/412/165 478/548/62 477/410/109
f 471/537/166 489/449/18 472/467/53
f 500/418/10 492/549/95 499/550/170
f 531/427/111 493/551/8 532/552/180
f 512/432/10 496/553/116 511/554/120
f 500/418/10 496/553/116 495/416/10
f 520/415/77 502/555/171 519/556/199
f 534/485/41 504/557/173 535/486/113
f 506/558/77 521/559/174 522/560/41
f 516/423/77 508/561/119 515/562/200
f 518/431/66 511/554/120 517/563/201
f 513/429/77 492/549/95 491/455/10
f 516/423/77 514/564/182 513/429/77
f 518/431/66 507/565/103 506/566/77
f 509/567/41 519/411/199 510/568/109
f 522/422/41 504/557/173 503/465/41
f 493/453/8 462/569/177 461/454/6
f 498/570/202 465/438/113 466/571/179
f 505/472/121 474/393/103 473/468/121
f 508/456/119 477/470/109 476/457/119
f 469/535/164 524/478/2 470/435/2
f 465/572/113 527/447/117 466/443/179
f 533/420/9 502/555/171 501/414/44
f 536/428/112 497/573/113 498/442/202
f 538/574/110 533/420/9 537/419/9
f 538/574/110 534/485/41 536/487/112
f 529/575/118 524/478/2 523/477/122
f 529/575/118 526/480/18 530/436/18
f 432/509/6 424/498/6 416/492/6
f 547/576/203 540/577/204 539/578/15
f 540/579/204 549/580/205 541/581/206
f 549/580/205 542/582/207 541/581/206
f 550/583/208 543/584/3 542/585/207
f 543/584/3 552/586/209 544/587/210
f 544/588/210 553/589/211 545/590/212
f 553/589/211 546/591/213 545/590/212
f 546/592/213 547/576/203 539/578/15
f 555/593/214 548/594/215 547/576/203
f 548/595/215 557/596/216 549/580/205
f 557/596/216 550/597/208 549/580/205
f 550/583/208 559/598/217 551/599/218
f 559/598/217 552/586/209 551/599/218
f 552/600/209 561/601/219 553/589/211
f 561/601/219 554/602/220 553/589/211
f 554/603/220 555/593/214 547/576/203
f 563/604/221 556/605/222 555/593/214
f 556/606/222 565/607/223 557/596/216
f 565/607/223 558/608/224 557/596/216
f 558/609/224 567/610/225 559/598/217
f 567/610/225 560/611/226 559/598/217
f 560/612/226 569/613/227 561/601/219
f 569/613/227 562/614/228 561/601/219
f 562/615/228 563/604/221 555/593/214
f 571/616/229 564/617/230 563/604/221
f 564/618/230 573/619/231 565/607/223
f 573/619/231 566/620/232 565/607/223
f 566/621/232 575/622/233 567/610/225
f 575/622/233 568/623/234 567/610/225
f 568/624/234 577/625/235 569/613/227
f 577/625/235 570/626/236 569/613/227
f 570/627/236 571/616/229 563/604/221
f 571/616/229 580/628/237 572/629/238
f 572/630/238 581/631/239 573/619/231
f 581/631/239 574/632/240 573/619/231
f 582/633/241 575/634/233 574/635/240
f 575/634/233 584/636/242 576/637/243
f 576/638/243 585/639/244 577/625/235
f 577/625/235 586/640/245 578/641/246
f 586/642/245 571/616/229 578/643/246
f 595/644/247 588/645/248 587/646/249
f 588/647/248 597/648/250 589/649/251
f 589/649/251 598/650/252 590/651/253
f 590/652/253 599/653/254 591/654/255
f 599/653/254 592/655/256 591/654/255
f 600/656/257 593/657/258 592/658/256
f 593/657/258 602/659/259 594/660/260
f 594/661/260 595/644/247 587/646/249
f 595/644/247 604/662/261 596/663/262
f 604/664/261 597/648/250 596/665/262
f 597/648/250 606/666/263 598/650/252
f 606/667/263 599/653/254 598/668/252
f 599/653/254 608/669/264 600/670/257
f 608/671/264 601/672/265 600/656/257
f 601/672/265 610/673/266 602/659/259
f 610/674/266 595/644/247 602/675/259
f 603/676/267 612/677/268 604/662/261
f 612/678/268 605/679/269 604/664/261
f 605/679/269 614/680/270 606/666/263
f 614/681/270 607/682/271 606/667/263
f 607/682/271 616/683/272 608/669/264
f 616/684/272 609/685/273 608/671/264
f 609/685/273 618/686/274 610/673/266
f 618/687/274 603/676/267 610/674/266
f 611/688/275 620/689/276 612/677/268
f 620/690/276 613/691/277 612/678/268
f 613/691/277 622/692/278 614/680/270
f 622/693/278 615/694/279 614/681/270
f 615/695/279 624/696/280 616/684/272
f 624/696/280 617/697/281 616/684/272
f 617/697/281 626/698/282 618/686/274
f 626/699/282 611/688/275 618/687/274
f 619/700/283 628/701/284 620/689/276
f 628/702/284 621/703/285 620/690/276
f 621/703/285 630/704/286 622/692/278
f 622/705/278 631/706/15 623/707/287
f 631/706/15 624/708/280 623/707/287
f 632/709/288 625/710/289 624/696/280
f 625/710/289 634/711/290 626/698/282
f 634/712/290 619/713/283 626/714/282
f 627/715/3 636/716/291 628/717/284
f 636/718/291 629/719/292 628/702/284
f 637/720/293 630/704/286 629/719/292
f 630/721/286 639/722/203 631/706/15
f 639/722/203 632/723/288 631/706/15
f 632/709/288 641/724/294 633/725/295
f 633/725/295 642/726/296 634/711/290
f 642/727/296 627/715/3 634/712/290
f 635/728/218 644/729/297 636/716/291
f 636/718/291 645/730/298 637/720/293
f 645/730/298 638/731/299 637/720/293
f 638/732/299 647/733/214 639/722/203
f 647/733/214 640/734/300 639/722/203
f 640/735/300 649/736/301 641/724/294
f 641/724/294 650/737/302 642/726/296
f 650/738/302 635/728/218 642/727/296
f 643/739/217 652/740/303 644/729/297
f 644/741/297 653/742/304 645/730/298
f 653/742/304 646/743/305 645/730/298
f 654/744/306 647/733/214 646/745/305
f 647/733/214 656/746/307 648/747/308
f 648/748/308 657/749/309 649/736/301
f 657/749/309 650/737/302 649/736/301
f 658/750/310 643/739/217 650/738/302
f 659/751/233 652/740/303 651/752/225
f 652/753/303 661/754/311 653/742/304
f 661/754/311 654/755/306 653/742/304
f 662/756/312 655/757/221 654/744/306
f 655/757/221 664/758/313 656/746/307
f 656/759/307 665/760/314 657/749/309
f 665/760/314 658/761/310 657/749/309
f 658/750/310 659/751/233 651/752/225
f 659/762/233 668/763/315 660/764/316
f 660/765/316 669/766/317 661/754/311
f 669/766/317 662/767/312 661/754/311
f 670/768/318 663/769/229 662/756/312
f 671/770/319 664/758/313 663/769/229
f 664/771/313 673/772/320 665/760/314
f 673/772/320 666/773/321 665/760/314
f 674/774/322 659/762/233 666/775/321
f 667/776/323 676/777/324 668/763/315
f 668/778/315 677/779/325 669/766/317
f 677/779/325 670/780/318 669/766/317
f 670/781/318 679/782/92 671/783/319
f 679/782/92 672/784/326 671/783/319
f 672/785/326 681/786/327 673/772/320
f 681/786/327 674/787/322 673/772/320
f 682/788/328 667/776/323 674/774/322
f 683/789/329 676/777/324 675/790/6
f 684/791/330 677/779/325 676/792/324
f 677/779/325 686/793/331 678/794/332
f 686/795/331 679/782/92 678/796/332
f 679/782/92 688/797/333 680/798/334
f 688/799/333 681/786/327 680/800/334
f 681/786/327 690/801/335 682/802/328
f 682/788/328 683/789/329 675/790/6
f 691/803/254 684/804/330 683/789/329
f 692/805/336 685/806/337 684/791/330
f 685/806/337 694/807/338 686/793/331
f 686/795/331 695/808/247 687/809/339
f 687/809/339 696/810/340 688/797/333
f 696/811/340 689/812/341 688/799/333
f 689/812/341 698/813/342 690/801/335
f 690/814/335 691/803/254 683/789/329
f 691/803/254 700/815/343 692/816/336
f 700/817/343 693/818/344 692/805/336
f 693/818/344 702/819/345 694/807/338
f 694/820/338 703/821/267 695/808/247
f 703/821/267 696/810/340 695/808/247
f 704/822/346 697/823/347 696/811/340
f 697/823/347 706/824/348 698/813/342
f 706/825/348 691/803/254 698/826/342
f 707/827/279 700/815/343 699/828/271
f 700/817/343 709/829/349 701/830/350
f 701/830/350 710/831/351 702/819/345
f 702/832/345 711/833/275 703/821/267
f 711/833/275 704/834/346 703/821/267
f 712/835/352 705/836/353 704/822/346
f 713/837/354 706/824/348 705/836/353
f 706/825/348 707/827/279 699/828/271
f 715/838/287 708/839/355 707/827/279
f 708/840/355 717/841/356 709/829/349
f 709/829/349 718/842/357 710/831/351
f 718/843/357 711/833/275 710/844/351
f 711/833/275 720/845/358 712/846/352
f 720/847/358 713/837/354 712/835/352
f 721/848/359 714/849/360 713/837/354
f 714/849/360 715/850/287 707/851/279
f 539/578/15 716/852/361 715/853/287
f 716/854/361 541/581/206 717/841/356
f 717/841/356 542/582/207 718/842/357
f 542/855/207 719/856/283 718/843/357
f 719/857/283 544/587/210 720/858/358
f 544/588/210 721/848/359 720/847/358
f 545/590/212 722/859/362 721/848/359
f 722/860/362 539/578/15 715/853/287
f 770/861/363 723/862/92 738/863/249
f 744/864/364 726/865/365 725/866/221
f 746/867/366 727/868/15 726/865/365
f 748/869/367 728/870/368 727/868/15
f 750/871/369 729/872/370 728/873/368
f 752/874/371 730/875/372 729/872/370
f 754/876/373 731/877/6 730/875/372
f 756/878/374 732/879/375 731/877/6
f 758/880/376 733/881/225 732/882/375
f 760/883/377 734/884/378 733/881/225
f 762/885/379 735/886/3 734/884/378
f 764/887/380 736/888/381 735/886/3
f 766/889/382 737/890/383 736/891/381
f 768/892/384 738/863/249 737/890/383
f 740/893/385 724/894/386 723/895/92
f 742/896/387 725/866/221 724/894/386
f 742/897/387 739/898/388 741/899/389
f 744/900/364 741/899/389 743/901/390
f 744/900/364 745/902/391 746/903/366
f 746/903/366 747/904/392 748/905/367
f 748/905/367 749/906/393 750/907/369
f 750/907/369 751/908/394 752/909/371
f 752/909/371 753/910/395 754/911/373
f 754/911/373 755/912/396 756/913/374
f 756/913/374 757/914/397 758/915/376
f 758/915/376 759/916/398 760/917/377
f 762/918/379 759/916/398 761/919/399
f 764/920/380 761/919/399 763/921/400
f 766/922/382 763/921/400 765/923/401
f 768/924/384 765/923/401 767/925/402
f 770/926/363 767/925/402 769/927/403
f 740/928/385 769/927/403 739/898/388
f 755/912/396 751/908/394 743/901/390
f 16/1/1 37/68/18 1/2/1
f 7/4/3 21/56/42 26/5/4
f 24/23/18 1/2/1 40/8/2
f 1/2/1 37/68/18 41/66/18
f 43/7/1 1/2/1 41/66/18
f 10/9/6 22/31/45 19/10/7
f 8/12/9 15/34/41 12/13/10
f 14/15/11 28/82/43 25/16/12
f 32/18/14 38/98/46 18/19/15
f 11/17/13 25/16/12 39/21/16
f 27/24/19 20/54/25 1/2/1
f 20/54/25 23/3/2 1/2/1
f 42/25/20 38/98/46 32/18/14
f 44/27/22 42/25/20 36/26/21
f 3/36/40 9/14/10 31/30/9
f 9/14/10 12/13/10 31/30/9
f 12/13/10 29/99/10 33/29/10
f 33/29/10 35/64/9 31/30/9
f 65/31/24 60/80/24 46/32/8
f 39/21/16 44/27/22 34/28/23
f 2/2/1 80/68/19 58/1/25
f 68/5/26 62/56/27 50/4/27
f 85/33/1 84/66/1 2/2/1
f 84/66/1 80/68/19 2/2/1
f 2/2/1 67/23/1 81/8/1
f 61/10/7 65/31/24 51/9/6
f 49/12/10 52/14/10 53/13/10
f 66/16/29 69/82/30 57/15/30
f 59/19/3 79/98/48 74/18/32
f 82/21/33 66/16/29 54/17/31
f 64/3/2 63/54/1 2/2/1
f 63/54/1 70/24/1 2/2/1
f 74/18/32 79/98/48 83/25/35
f 78/26/36 83/25/35 86/27/37
f 53/13/10 52/14/10 73/30/39
f 52/14/10 45/36/44 73/30/39
f 73/30/39 77/64/47 75/35/10
f 53/13/10 75/35/10 71/99/10
f 76/28/38 86/27/37 82/21/33
f 6/11/8 8/40/9 9/49/10
f 15/34/41 8/12/9 7/50/3
f 10/9/6 9/49/10 3/52/40
f 11/17/13 12/929/10 15/53/41
f 20/54/25 19/930/7 22/55/45
f 21/56/42 20/931/25 27/47/19
f 16/1/1 23/3/2 22/55/45
f 27/24/19 24/23/18 25/57/12
f 18/19/15 17/932/6 5/59/6
f 19/10/7 21/46/42 7/39/3
f 26/5/4 28/48/43 14/41/11
f 33/29/10 29/99/10 30/60/17
f 40/8/2 43/7/1 44/62/22
f 35/64/9 33/29/10 34/61/23
f 41/66/18 42/69/20 44/62/22
f 35/64/9 36/65/21 32/67/14
f 37/68/18 38/70/46 42/69/20
f 31/30/9 32/67/14 4/37/15
f 37/68/18 16/1/1 18/44/15
f 11/17/13 30/22/17 29/71/10
f 24/23/18 40/8/2 39/63/16
f 49/12/10 48/933/28 51/73/6
f 50/4/27 49/934/10 56/42/9
f 52/14/10 51/73/6 46/38/8
f 56/34/9 53/13/10 54/74/31
f 61/10/7 63/45/1 64/76/2
f 70/24/1 63/54/1 62/77/27
f 65/31/24 64/76/2 58/79/25
f 66/16/29 67/935/1 70/81/1
f 60/80/24 59/936/3 47/83/3
f 62/56/27 61/937/7 48/84/28
f 69/82/30 68/938/26 55/85/15
f 72/22/34 71/939/10 75/86/10
f 86/27/37 85/940/1 81/87/1
f 76/28/38 75/941/10 77/88/47
f 86/27/37 83/25/35 84/89/1
f 74/18/32 78/26/36 77/91/47
f 83/25/35 79/98/48 80/93/19
f 47/20/3 74/18/32 73/95/39
f 59/19/3 58/942/25 80/97/19
f 71/99/10 72/60/34 54/74/31
f 82/21/33 81/943/1 67/100/1
f 5/32/6 17/80/6 22/31/45
f 104/101/49 123/129/56 125/102/50
f 101/104/4 102/131/3 121/105/3
f 97/107/8 116/181/28 109/108/6
f 91/110/10 87/123/10 107/111/10
f 147/113/6 146/108/61 127/109/28
f 120/118/19 88/115/1 122/117/53
f 110/120/1 115/133/1 126/116/25
f 103/121/39 100/134/66 105/122/40
f 103/121/39 87/123/10 91/110/10
f 106/125/54 124/150/27 114/126/27
f 99/128/55 117/147/67 123/129/56
f 94/130/42 113/162/42 121/105/3
f 110/120/1 88/115/1 120/118/19
f 162/102/57 158/129/64 141/101/58
f 136/104/60 155/106/69 156/105/15
f 146/108/61 151/181/6 134/107/61
f 128/110/10 133/112/10 144/111/41
f 157/118/18 154/119/1 159/117/62
f 145/120/1 90/115/1 161/116/25
f 138/121/9 89/123/10 140/122/39
f 128/110/10 89/123/10 138/121/9
f 150/126/3 160/150/5 142/125/42
f 158/129/64 153/147/68 135/128/65
f 156/105/15 148/162/27 131/130/27
f 157/118/18 90/115/1 145/120/1
f 104/101/49 105/944/40 100/139/66
f 93/114/6 95/136/9 91/154/10
f 95/124/9 94/945/42 102/155/3
f 106/125/54 96/127/15 98/138/10
f 92/109/28 91/154/10 98/156/10
f 100/134/66 103/121/39 102/155/3
f 108/103/51 107/946/10 105/158/40
f 119/119/1 122/117/53 123/159/56
f 112/132/1 111/947/6 109/161/6
f 113/162/42 112/948/1 120/163/19
f 115/133/1 114/949/27 124/164/27
f 115/133/1 110/120/1 109/161/6
f 121/105/3 120/163/19 119/166/1
f 122/117/53 126/116/25 125/167/50
f 111/113/6 113/144/42 94/135/42
f 114/126/27 116/146/28 97/137/8
f 101/104/4 118/106/52 117/168/67
f 125/102/50 124/150/27 106/125/54
f 137/134/40 140/122/39 141/170/58
f 130/124/10 129/950/28 127/172/28
f 131/130/27 130/951/10 138/173/9
f 133/112/10 132/952/63 142/174/42
f 133/112/10 128/110/10 127/172/28
f 139/131/26 138/173/9 137/176/40
f 140/122/39 144/111/41 143/177/59
f 158/129/64 159/953/62 154/149/1
f 147/113/6 149/143/19 145/178/1
f 149/132/19 148/954/27 156/179/15
f 160/150/5 150/126/3 152/145/1
f 146/108/61 145/178/1 152/180/1
f 154/119/1 157/118/18 156/179/15
f 162/102/57 161/955/25 159/183/62
f 148/162/27 147/956/6 129/184/28
f 151/181/6 150/957/3 132/185/63
f 153/147/68 155/153/69 136/140/60
f 160/150/5 162/102/57 143/103/59
f 92/109/28 109/108/6 111/113/6
f 177/186/70 198/193/75 193/187/71
f 187/189/73 210/222/3 202/190/5
f 181/192/74 204/265/79 198/193/75
f 183/194/6 206/201/6 196/195/6
f 163/197/10 188/220/39 182/198/10
f 168/200/76 191/260/7 206/201/6
f 205/202/1 165/206/1 209/203/19
f 200/205/18 166/208/1 165/206/1
f 165/206/1 166/208/1 203/210/1
f 200/205/18 194/257/1 199/209/25
f 184/211/77 163/197/10 185/212/10
f 179/214/9 164/199/10 176/215/10
f 163/197/10 164/199/10 179/214/9
f 170/217/69 192/238/78 201/218/27
f 184/211/77 174/249/10 188/220/39
f 173/221/42 195/241/52 210/222/3
f 208/207/18 165/206/1 205/202/1
f 178/219/15 201/218/27 207/224/27
f 167/226/15 169/228/9 185/246/10
f 178/219/15 179/247/9 171/229/41
f 186/225/26 185/246/10 179/247/9
f 169/213/9 168/958/76 183/248/6
f 174/249/10 173/959/42 187/250/73
f 171/216/41 176/215/10 177/251/70
f 188/220/39 187/250/73 180/253/42
f 174/249/10 184/211/77 183/248/6
f 176/215/10 182/198/10 181/255/74
f 190/223/19 189/960/15 207/256/27
f 194/257/1 200/205/18 201/258/27
f 208/207/18 207/256/27 201/258/27
f 191/260/7 190/961/19 205/261/1
f 195/241/52 197/243/1 209/262/19
f 198/193/75 199/962/25 194/263/1
f 202/190/5 210/222/3 209/262/19
f 206/201/6 205/261/1 197/264/1
f 204/265/79 203/963/1 199/266/25
f 189/235/15 191/237/7 168/227/76
f 193/187/71 192/964/78 170/267/69
f 196/195/6 195/965/52 173/268/42
f 202/190/5 204/265/79 181/192/74
f 186/225/26 207/224/27 189/235/15
f 231/269/80 254/966/85 241/270/81
f 220/272/26 242/321/27 247/273/27
f 218/271/82 241/270/81 243/275/83
f 216/277/76 239/967/6 245/278/61
f 246/280/2 238/340/2 248/281/18
f 228/283/42 251/338/42 258/284/5
f 213/282/1 248/281/18 244/286/1
f 246/280/2 213/282/1 257/288/1
f 256/290/1 214/287/1 240/291/1
f 213/282/1 214/287/1 256/290/1
f 236/293/10 211/302/10 223/294/77
f 234/296/3 255/301/5 252/297/3
f 223/294/77 211/302/10 225/299/9
f 235/285/42 258/284/5 255/301/5
f 211/302/10 212/307/10 221/303/10
f 233/304/10 212/307/10 211/302/10
f 224/279/6 245/278/61 249/305/6
f 233/304/10 232/331/41 219/308/10
f 227/306/6 229/315/9 223/328/77
f 229/295/9 228/968/42 235/329/42
f 215/309/15 217/311/10 225/330/9
f 232/331/41 233/304/10 234/332/3
f 218/271/82 219/969/10 232/334/41
f 236/293/10 235/329/42 234/332/3
f 220/272/26 226/274/54 225/330/9
f 224/279/6 223/328/77 217/335/10
f 222/276/84 221/970/10 219/336/10
f 250/289/1 249/971/6 245/337/61
f 251/338/42 250/972/1 257/339/1
f 238/340/2 237/973/15 247/341/27
f 255/301/5 256/344/1 253/326/62
f 253/292/62 240/291/1 241/342/81
f 258/284/5 257/339/1 256/344/1
f 248/281/18 247/341/27 242/345/27
f 238/340/2 246/280/2 245/337/61
f 240/291/1 244/286/1 243/347/83
f 237/318/15 239/320/6 216/310/76
f 243/275/83 242/321/27 220/272/26
f 249/305/6 251/325/42 228/314/42
f 252/297/3 254/327/85 231/316/80
f 226/274/54 247/273/27 237/318/15
f 304/348/86 302/373/3 277/349/3
f 318/351/87 316/375/88 291/352/88
f 312/354/89 310/376/90 285/355/90
f 306/357/91 304/348/86 279/350/86
f 296/360/92 297/510/92 299/515/92
f 299/515/92 301/974/92 296/360/92
f 301/974/92 303/361/92 296/360/92
f 303/361/92 305/517/92 311/975/92
f 305/517/92 307/519/92 311/975/92
f 307/519/92 309/523/92 311/975/92
f 311/975/92 313/524/92 315/359/92
f 315/359/92 317/527/92 296/360/92
f 311/975/92 315/359/92 303/361/92
f 300/362/93 298/371/94 273/363/94
f 314/365/15 312/976/89 287/366/89
f 308/368/1 306/977/91 281/369/91
f 298/371/94 295/380/10 272/372/10
f 302/373/3 300/978/93 275/374/93
f 316/375/88 314/365/15 289/367/15
f 310/376/90 308/368/1 283/370/1
f 328/377/3 359/402/3 352/378/95
f 295/380/10 318/979/87 293/381/87
f 348/382/97 379/980/97 362/383/98
f 322/385/99 354/426/100 265/386/100
f 329/384/98 362/383/98 392/388/8
f 331/390/101 364/460/101 381/391/102
f 334/393/103 367/474/103 377/394/104
f 347/396/2 264/446/1 261/397/1
f 319/379/96 352/378/95 374/399/105
f 323/401/107 356/445/116 359/402/3
f 341/403/106 374/981/105 375/404/108
f 342/406/1 343/451/2 263/407/1
f 261/397/1 335/450/19 345/409/25
f 337/410/109 370/568/109 379/411/97
f 270/413/10 266/466/10 361/414/44
f 355/416/10 372/432/41 268/417/10
f 361/414/44 266/466/10 397/419/9
f 267/421/10 366/566/77 382/422/41
f 376/423/77 269/430/10 267/421/10
f 267/421/10 270/413/10 380/415/77
f 398/425/110 265/386/100 354/426/100
f 396/428/112 358/442/100 265/386/100
f 373/429/10 268/417/10 269/430/10
f 378/431/39 366/566/77 267/421/10
f 372/432/41 378/431/39 269/430/10
f 320/433/1 342/406/1 262/408/1
f 330/435/2 384/478/2 390/436/18
f 325/438/113 357/982/113 395/439/113
f 262/408/1 339/452/25 324/441/25
f 259/387/99 265/386/100 358/442/100
f 340/444/115 371/983/120 356/445/116
f 330/435/2 260/437/1 264/446/1
f 259/387/99 326/443/99 387/447/117
f 261/397/1 264/446/1 349/449/18
f 343/451/2 338/398/62 261/397/1
f 263/407/1 345/409/25 339/452/25
f 385/389/8 392/388/8 353/453/8
f 351/455/77 360/418/10 268/417/10
f 344/405/108 375/404/108 368/456/119
f 346/395/104 377/394/104 371/458/120
f 388/440/114 395/439/113 364/460/101
f 350/461/102 381/559/102 365/462/121
f 322/385/99 259/387/99 389/448/118
f 363/465/41 394/485/41 397/419/9
f 270/413/10 382/422/41 363/465/41
f 390/436/18 386/480/18 332/467/25
f 264/446/1 260/437/1 332/467/25
f 274/488/123 273/984/404 272/489/124
f 275/491/126 273/984/404 274/488/123
f 277/493/128 275/491/126 276/492/127
f 280/495/130 279/497/132 277/493/128
f 282/496/131 281/499/134 279/497/132
f 284/498/133 283/985/405 281/499/134
f 285/500/135 283/985/405 284/498/133
f 287/502/137 285/500/135 286/501/136
f 290/504/139 289/986/406 287/502/137
f 291/352/140 289/367/406 290/505/139
f 294/507/142 293/987/407 291/508/140
f 272/489/124 293/987/407 294/507/142
f 297/510/143 296/360/408 295/511/144
f 300/513/146 299/515/148 297/510/143
f 302/514/147 301/974/409 299/515/148
f 303/361/149 301/974/409 302/514/147
f 305/517/151 303/361/149 304/516/150
f 307/519/153 305/517/151 306/518/152
f 310/521/155 309/523/157 307/519/153
f 312/522/156 311/975/410 309/523/157
f 313/524/158 311/975/410 312/522/156
f 316/375/160 315/988/411 313/526/158
f 317/527/161 315/359/411 316/528/160
f 295/511/144 296/360/408 317/527/161
f 319/379/96 320/545/1 327/530/1
f 321/531/6 322/385/177 383/464/122
f 323/401/107 324/534/25 339/533/25
f 323/401/107 328/377/163 327/530/1
f 329/535/164 330/435/2 347/396/2
f 331/537/166 332/467/25 386/480/18
f 350/461/167 333/463/121 335/538/19
f 336/540/119 338/398/62 343/451/2
f 340/542/115 339/452/25 345/409/25
f 319/379/96 341/400/106 342/544/1
f 341/546/106 344/541/168 343/451/2
f 334/547/103 346/543/169 345/409/25
f 348/412/165 347/989/2 338/548/62
f 331/537/166 350/990/167 349/449/18
f 360/418/10 351/455/77 352/549/95
f 391/427/111 354/426/412 353/551/8
f 372/432/41 355/416/10 356/553/116
f 360/418/10 359/550/170 356/553/116
f 380/415/77 361/414/44 362/555/171
f 394/485/41 363/465/41 364/557/173
f 366/558/77 365/462/121 381/559/174
f 376/423/77 369/424/41 368/561/119
f 378/431/39 372/432/41 371/554/120
f 373/429/10 374/564/105 352/549/95
f 376/423/77 375/562/175 374/564/105
f 378/431/39 377/563/176 367/565/103
f 369/567/41 380/991/77 379/411/172
f 382/422/41 381/992/174 364/557/173
f 353/453/8 354/993/412 322/569/177
f 358/570/178 357/982/113 325/438/113
f 365/472/121 367/474/103 334/393/103
f 368/456/119 370/476/109 337/470/109
f 329/535/164 385/479/8 384/478/2
f 325/572/113 388/994/114 387/447/117
f 393/420/77 392/484/8 362/555/171
f 396/428/112 395/995/113 357/573/113
f 398/574/110 391/483/111 393/420/77
f 398/574/110 397/419/9 394/485/41
f 389/575/118 390/436/18 384/478/2
f 389/575/118 387/481/117 386/480/18
f 276/492/6 274/488/6 271/490/6
f 271/490/6 294/507/6 292/509/6
f 292/509/6 290/504/6 288/503/6
f 288/503/6 286/501/6 292/509/6
f 286/501/6 284/498/6 292/509/6
f 284/498/6 282/496/6 276/492/6
f 282/496/6 280/495/6 276/492/6
f 280/495/6 278/494/6 276/492/6
f 276/492/6 271/490/6 292/509/6
f 444/348/86 442/373/3 417/349/3
f 458/351/87 456/375/88 431/352/88
f 452/354/89 450/376/90 425/355/90
f 446/357/91 444/348/86 419/350/86
f 436/360/92 437/510/92 439/515/92
f 439/515/92 441/974/92 436/360/92
f 441/974/92 443/361/92 436/360/92
f 443/361/92 445/517/92 451/975/92
f 445/517/92 447/519/92 451/975/92
f 447/519/92 449/523/92 451/975/92
f 451/975/92 453/524/92 455/359/92
f 455/359/92 457/527/92 436/360/92
f 451/975/92 455/359/92 443/361/92
f 440/362/93 438/371/94 413/363/94
f 454/365/15 452/976/89 427/366/89
f 448/368/1 446/977/91 421/369/91
f 438/371/94 435/380/10 412/372/10
f 442/373/3 440/978/93 415/374/93
f 456/375/88 454/365/15 429/367/15
f 450/376/90 448/368/1 423/370/1
f 468/377/3 499/402/3 492/378/95
f 435/380/10 458/979/87 433/381/87
f 488/382/97 519/980/97 502/383/98
f 462/385/99 494/426/100 405/386/100
f 469/384/98 502/383/98 532/388/180
f 471/390/101 504/460/101 521/391/102
f 474/393/103 507/474/103 517/394/181
f 487/396/2 404/446/1 401/397/1
f 459/379/96 492/378/95 514/399/182
f 463/401/183 496/445/116 499/402/3
f 481/403/106 514/981/182 515/404/184
f 482/406/19 483/451/2 403/407/1
f 401/397/1 475/450/185 485/409/25
f 477/410/109 510/568/109 519/411/97
f 410/413/10 406/466/10 501/414/44
f 495/416/10 512/432/10 408/417/10
f 501/414/44 406/466/10 537/419/9
f 407/421/10 506/566/77 522/422/41
f 516/423/77 409/430/10 407/421/10
f 407/421/10 410/413/10 520/415/77
f 538/425/110 405/386/100 494/426/100
f 536/428/112 498/442/100 405/386/100
f 513/429/77 408/417/10 409/430/10
f 518/431/66 506/566/77 407/421/10
f 512/432/10 518/431/66 409/430/10
f 460/433/1 482/406/19 402/408/1
f 470/435/2 524/478/2 530/436/18
f 465/438/113 497/982/113 535/439/113
f 402/408/1 479/452/53 464/441/25
f 399/387/99 405/386/100 498/442/100
f 480/444/115 511/983/120 496/445/116
f 470/435/2 400/437/1 404/446/1
f 399/387/99 466/443/99 527/447/117
f 401/397/1 404/446/1 489/449/18
f 483/451/2 478/398/62 401/397/1
f 403/407/1 485/409/25 479/452/53
f 525/389/8 532/388/180 493/453/8
f 491/455/10 500/418/10 408/417/10
f 484/405/184 515/404/184 508/456/119
f 486/395/181 517/394/181 511/458/120
f 528/440/114 535/439/113 504/460/101
f 490/461/102 521/559/102 505/462/121
f 462/385/99 399/387/99 529/448/118
f 503/465/41 534/485/41 537/419/9
f 410/413/10 522/422/41 503/465/41
f 530/436/18 526/480/18 472/467/53
f 404/446/1 400/437/1 472/467/53
f 414/488/123 413/984/404 412/489/124
f 415/491/126 413/984/404 414/488/123
f 417/493/128 415/491/126 416/492/186
f 420/495/130 419/497/187 417/493/128
f 422/496/131 421/499/134 419/497/187
f 424/498/188 423/985/405 421/499/134
f 425/500/189 423/985/405 424/498/188
f 427/502/137 425/500/189 426/501/136
f 430/504/139 429/986/406 427/502/137
f 431/352/140 429/367/406 430/505/139
f 434/507/142 433/987/407 431/508/140
f 412/489/124 433/987/407 434/507/142
f 437/510/190 436/360/408 435/511/144
f 440/513/191 439/515/148 437/510/190
f 442/514/147 441/974/409 439/515/148
f 443/361/149 441/974/409 442/514/147
f 445/517/151 443/361/149 444/516/150
f 447/519/193 445/517/151 446/518/192
f 450/521/155 449/523/157 447/519/193
f 452/522/195 451/975/410 449/523/157
f 453/524/158 451/975/410 452/522/195
f 456/375/160 455/988/411 453/526/158
f 457/527/161 455/359/411 456/528/160
f 435/511/144 436/360/408 457/527/161
f 459/379/96 460/545/1 467/530/1
f 461/531/6 462/385/177 523/464/122
f 463/401/183 464/534/25 479/533/53
f 463/401/183 468/377/163 467/530/1
f 469/535/164 470/435/2 487/396/2
f 471/537/166 472/467/53 526/480/18
f 490/461/196 473/463/121 475/538/185
f 476/540/119 478/398/62 483/451/2
f 480/542/115 479/452/53 485/409/25
f 459/379/96 481/400/106 482/544/19
f 481/546/106 484/541/197 483/451/2
f 474/547/103 486/543/198 485/409/25
f 488/412/165 487/989/2 478/548/62
f 471/537/166 490/990/196 489/449/18
f 500/418/10 491/455/10 492/549/95
f 531/427/111 494/426/412 493/551/8
f 512/432/10 495/416/10 496/553/116
f 500/418/10 499/550/170 496/553/116
f 520/415/77 501/414/44 502/555/171
f 534/485/41 503/465/41 504/557/173
f 506/558/77 505/462/121 521/559/174
f 516/423/77 509/424/41 508/561/119
f 518/431/66 512/432/10 511/554/120
f 513/429/77 514/564/182 492/549/95
f 516/423/77 515/562/200 514/564/182
f 518/431/66 517/563/201 507/565/103
f 509/567/41 520/991/77 519/411/199
f 522/422/41 521/992/174 504/557/173
f 493/453/8 494/993/412 462/569/177
f 498/570/202 497/982/113 465/438/113
f 505/472/121 507/474/103 474/393/103
f 508/456/119 510/476/109 477/470/109
f 469/535/164 525/479/8 524/478/2
f 465/572/113 528/994/114 527/447/117
f 533/420/9 532/484/180 502/555/171
f 536/428/112 535/995/113 497/573/113
f 538/574/110 531/483/111 533/420/9
f 538/574/110 537/419/9 534/485/41
f 529/575/118 530/436/18 524/478/2
f 529/575/118 527/481/117 526/480/18
f 416/492/6 414/488/6 411/490/6
f 411/490/6 434/507/6 432/509/6
f 432/509/6 430/504/6 428/503/6
f 428/503/6 426/501/6 432/509/6
f 426/501/6 424/498/6 432/509/6
f 424/498/6 422/496/6 416/492/6
f 422/496/6 420/495/6 416/492/6
f 420/495/6 418/494/6 416/492/6
f 416/492/6 411/490/6 432/509/6
f 547/576/203 548/594/215 540/577/204
f 540/579/204 548/595/215 549/580/205
f 549/580/205 550/597/208 542/582/207
f 550/583/208 551/599/218 543/584/3
f 543/584/3 551/599/218 552/586/209
f 544/588/210 552/600/209 553/589/211
f 553/589/211 554/602/220 546/591/213
f 546/592/213 554/603/220 547/576/203
f 555/593/214 556/605/222 548/594/215
f 548/595/215 556/606/222 557/596/216
f 557/596/216 558/608/224 550/597/208
f 550/583/208 558/609/224 559/598/217
f 559/598/217 560/611/226 552/586/209
f 552/600/209 560/612/226 561/601/219
f 561/601/219 562/614/228 554/602/220
f 554/603/220 562/615/228 555/593/214
f 563/604/221 564/617/230 556/605/222
f 556/606/222 564/618/230 565/607/223
f 565/607/223 566/620/232 558/608/224
f 558/609/224 566/621/232 567/610/225
f 567/610/225 568/623/234 560/611/226
f 560/612/226 568/624/234 569/613/227
f 569/613/227 570/626/236 562/614/228
f 562/615/228 570/627/236 563/604/221
f 571/616/229 572/629/238 564/617/230
f 564/618/230 572/630/238 573/619/231
f 573/619/231 574/632/240 566/620/232
f 566/621/232 574/996/240 575/622/233
f 575/622/233 576/997/243 568/623/234
f 568/624/234 576/638/243 577/625/235
f 577/625/235 578/641/246 570/626/236
f 570/627/236 578/643/246 571/616/229
f 571/616/229 579/998/386 580/628/237
f 572/630/238 580/999/237 581/631/239
f 581/631/239 582/1000/241 574/632/240
f 582/633/241 583/1001/413 575/634/233
f 575/634/233 583/1001/413 584/636/242
f 576/638/243 584/1002/242 585/639/244
f 577/625/235 585/639/244 586/640/245
f 586/642/245 579/998/386 571/616/229
f 595/644/247 596/663/262 588/645/248
f 588/647/248 596/665/262 597/648/250
f 589/649/251 597/648/250 598/650/252
f 590/652/253 598/668/252 599/653/254
f 599/653/254 600/670/257 592/655/256
f 600/656/257 601/672/265 593/657/258
f 593/657/258 601/672/265 602/659/259
f 594/661/260 602/675/259 595/644/247
f 595/644/247 603/676/267 604/662/261
f 604/664/261 605/679/269 597/648/250
f 597/648/250 605/679/269 606/666/263
f 606/667/263 607/682/271 599/653/254
f 599/653/254 607/682/271 608/669/264
f 608/671/264 609/685/273 601/672/265
f 601/672/265 609/685/273 610/673/266
f 610/674/266 603/676/267 595/644/247
f 603/676/267 611/688/275 612/677/268
f 612/678/268 613/691/277 605/679/269
f 605/679/269 613/691/277 614/680/270
f 614/681/270 615/694/279 607/682/271
f 607/682/271 615/694/279 616/683/272
f 616/684/272 617/697/281 609/685/273
f 609/685/273 617/697/281 618/686/274
f 618/687/274 611/688/275 603/676/267
f 611/688/275 619/700/283 620/689/276
f 620/690/276 621/703/285 613/691/277
f 613/691/277 621/703/285 622/692/278
f 622/693/278 623/1003/287 615/694/279
f 615/695/279 623/1004/287 624/696/280
f 624/696/280 625/710/289 617/697/281
f 617/697/281 625/710/289 626/698/282
f 626/699/282 619/700/283 611/688/275
f 619/700/283 627/1005/3 628/701/284
f 628/702/284 629/719/292 621/703/285
f 621/703/285 629/719/292 630/704/286
f 622/705/278 630/721/286 631/706/15
f 631/706/15 632/723/288 624/708/280
f 632/709/288 633/725/295 625/710/289
f 625/710/289 633/725/295 634/711/290
f 634/712/290 627/715/3 619/713/283
f 627/715/3 635/728/218 636/716/291
f 636/718/291 637/720/293 629/719/292
f 637/720/293 638/731/299 630/704/286
f 630/721/286 638/732/299 639/722/203
f 639/722/203 640/734/300 632/723/288
f 632/709/288 640/735/300 641/724/294
f 633/725/295 641/724/294 642/726/296
f 642/727/296 635/728/218 627/715/3
f 635/728/218 643/739/217 644/729/297
f 636/718/291 644/741/297 645/730/298
f 645/730/298 646/743/305 638/731/299
f 638/732/299 646/745/305 647/733/214
f 647/733/214 648/747/308 640/734/300
f 640/735/300 648/748/308 649/736/301
f 641/724/294 649/736/301 650/737/302
f 650/738/302 643/739/217 635/728/218
f 643/739/217 651/752/225 652/740/303
f 644/741/297 652/753/303 653/742/304
f 653/742/304 654/755/306 646/743/305
f 654/744/306 655/757/221 647/733/214
f 647/733/214 655/757/221 656/746/307
f 648/748/308 656/759/307 657/749/309
f 657/749/309 658/761/310 650/737/302
f 658/750/310 651/752/225 643/739/217
f 659/751/233 660/1006/316 652/740/303
f 652/753/303 660/765/316 661/754/311
f 661/754/311 662/767/312 654/755/306
f 662/756/312 663/769/229 655/757/221
f 655/757/221 663/769/229 664/758/313
f 656/759/307 664/771/313 665/760/314
f 665/760/314 666/773/321 658/761/310
f 658/750/310 666/1007/321 659/751/233
f 659/762/233 667/776/323 668/763/315
f 660/765/316 668/778/315 669/766/317
f 669/766/317 670/780/318 662/767/312
f 670/768/318 671/770/319 663/769/229
f 671/770/319 672/1008/326 664/758/313
f 664/771/313 672/785/326 673/772/320
f 673/772/320 674/787/322 666/773/321
f 674/774/322 667/776/323 659/762/233
f 667/776/323 675/790/6 676/777/324
f 668/778/315 676/792/324 677/779/325
f 677/779/325 678/794/332 670/780/318
f 670/781/318 678/796/332 679/782/92
f 679/782/92 680/798/334 672/784/326
f 672/785/326 680/800/334 681/786/327
f 681/786/327 682/802/328 674/787/322
f 682/788/328 675/790/6 667/776/323
f 683/789/329 684/804/330 676/777/324
f 684/791/330 685/806/337 677/779/325
f 677/779/325 685/806/337 686/793/331
f 686/795/331 687/809/339 679/782/92
f 679/782/92 687/809/339 688/797/333
f 688/799/333 689/812/341 681/786/327
f 681/786/327 689/812/341 690/801/335
f 682/788/328 690/814/335 683/789/329
f 691/803/254 692/816/336 684/804/330
f 692/805/336 693/818/344 685/806/337
f 685/806/337 693/818/344 694/807/338
f 686/795/331 694/820/338 695/808/247
f 687/809/339 695/808/247 696/810/340
f 696/811/340 697/823/347 689/812/341
f 689/812/341 697/823/347 698/813/342
f 690/814/335 698/826/342 691/803/254
f 691/803/254 699/828/271 700/815/343
f 700/817/343 701/830/350 693/818/344
f 693/818/344 701/830/350 702/819/345
f 694/820/338 702/832/345 703/821/267
f 703/821/267 704/834/346 696/810/340
f 704/822/346 705/836/353 697/823/347
f 697/823/347 705/836/353 706/824/348
f 706/825/348 699/828/271 691/803/254
f 707/827/279 708/839/355 700/815/343
f 700/817/343 708/840/355 709/829/349
f 701/830/350 709/829/349 710/831/351
f 702/832/345 710/844/351 711/833/275
f 711/833/275 712/846/352 704/834/346
f 712/835/352 713/837/354 705/836/353
f 713/837/354 714/849/360 706/824/348
f 706/825/348 714/1009/360 707/827/279
f 715/838/287 716/1010/361 708/839/355
f 708/840/355 716/854/361 717/841/356
f 709/829/349 717/841/356 718/842/357
f 718/843/357 719/856/283 711/833/275
f 711/833/275 719/856/283 720/845/358
f 720/847/358 721/848/359 713/837/354
f 721/848/359 722/859/362 714/849/360
f 714/849/360 722/859/362 715/850/287
f 539/578/15 540/577/204 716/852/361
f 716/854/361 540/579/204 541/581/206
f 717/841/356 541/581/206 542/582/207
f 542/855/207 543/1011/3 719/856/283
f 719/857/283 543/584/3 544/587/210
f 544/588/210 545/590/212 721/848/359
f 545/590/212 546/591/213 722/859/362
f 722/860/362 546/592/213 539/578/15
f 770/861/363 740/1012/385 723/862/92
f 744/864/364 746/867/366 726/865/365
f 746/867/366 748/869/367 727/868/15
f 748/869/367 750/1013/369 728/870/368
f 750/871/369 752/874/371 729/872/370
f 752/874/371 754/876/373 730/875/372
f 754/876/373 756/878/374 731/877/6
f 756/878/374 758/1014/376 732/879/375
f 758/880/376 760/883/377 733/881/225
f 760/883/377 762/885/379 734/884/378
f 762/885/379 764/887/380 735/886/3
f 764/887/380 766/1015/382 736/888/381
f 766/889/382 768/892/384 737/890/383
f 768/892/384 770/861/363 738/863/249
f 740/893/385 742/896/387 724/894/386
f 742/896/387 744/864/364 725/866/221
f 742/897/387 740/928/385 739/898/388
f 744/900/364 742/897/387 741/899/389
f 744/900/364 743/901/390 745/902/391
f 746/903/366 745/902/391 747/904/392
f 748/905/367 747/904/392 749/906/393
f 750/907/369 749/906/393 751/908/394
f 752/909/371 751/908/394 753/910/395
f 754/911/373 753/910/395 755/912/396
f 756/913/374 755/912/396 757/914/397
f 758/915/376 757/914/397 759/916/398
f 762/918/379 760/917/377 759/916/398
f 764/920/380 762/918/379 761/919/399
f 766/922/382 764/920/380 763/921/400
f 768/924/384 766/922/382 765/923/401
f 770/926/363 768/924/384 767/925/402
f 740/928/385 770/926/363 769/927/403
f 743/901/390 741/899/389 739/898/388
f 739/898/388 769/927/403 743/901/390
f 769/927/403 767/925/402 743/901/390
f 767/925/402 765/923/401 763/921/400
f 763/921/400 761/919/399 759/916/398
f 759/916/398 757/914/397 755/912/396
f 755/912/396 753/910/395 751/908/394
f 751/908/394 749/906/393 743/901/390
f 749/906/393 747/904/392 743/901/390
f 747/904/392 745/902/391 743/901/390
f 767/925/402 763/921/400 743/901/390
f 763/921/400 759/916/398 743/901/390
f 759/916/398 755/912/396 743/901/390
